id,title,type,rating,votes,popularity,release_date,overview,genres,year,rating_norm,votes_norm,popularity_norm,recency,recency_norm,binge_score,binge_category
1265609,War Machine,movie,7.3,968,407.0978,2026-02-12,"On one last grueling mission during Army Ranger training, a combat engineer must lead his unit in a fight against a giant otherworldly killing machine.","Action, Sci-Fi, Thriller",2026.0,0.73,0.02472730988326053,1.0,2026.0,0.9897959183673493,69.4904645650122,Medium
1290821,Shelter,movie,6.6,323,303.606,2026-01-28,"A man living in self-imposed exile on a remote island rescues a young girl from a violent storm, setting off a chain of events that forces him out of seclusion to protect her from enemies tied to his past.","Action, Crime, Thriller",2026.0,0.66,0.008250951541625157,0.7405132527999836,2026.0,0.9897959183673493,61.171202454179166,Medium
1523145,Your Heart Will Be Broken,movie,0.0,0,197.0789,2026-03-26,"High school student Polina is saved from bullying at her new school and makes a deal with the main bully Bars: he must pretend to be her boyfriend and protect her, and she must do everything he says. During this game, the couple develops real feelings, but her family and classmates have reasons to separate the lovers.","Romance, Drama",2026.0,0.0,0.0,0.4734160463773407,2026.0,0.9897959183673493,29.2642392948938,Low
83533,Avatar: Fire and Ash,movie,7.263,1899,174.6821,2025-12-17,"In the wake of the devastating war against the RDA and the loss of their eldest son, Jake Sully and Neytiri face a new threat on Pandora: the Ash People, a violent and power-hungry Na'vi tribe led by the ruthless Varang. Jake's family must fight for their survival and the future of Pandora in a conflict that pushes them to their emotional and physical limits.","Sci-Fi, Adventure, Fantasy",2025.0,0.7263000000000001,0.04850946432676834,0.41726016948961303,2025.0,0.979591836734695,57.95922941102154,Medium
799882,The Bluff,movie,6.312,288,173.224,2026-02-17,"When her tranquil life on a remote island is shattered by the return of her vengeful former captain, a skilled ex-pirate must confront her bloody past and unleash her deadly talents to save her family from a ruthless siege.","Action, Thriller",2026.0,0.6312000000000001,0.007356885585102307,0.41360425060432604,2026.0,0.9897959183673493,53.463141091135554,Medium
1084242,Zootopia 2,movie,7.605,2230,173.0347,2025-11-26,"After cracking the biggest case in Zootopia's history, rookie cops Judy Hopps and Nick Wilde find themselves on the twisting trail of a great mystery when Gary De'Snake arrives and turns the animal metropolis upside down. To crack the case, Judy and Nick must go undercover to unexpected new parts of town, where their growing partnership is tested like never before.","Animation, Comedy, Adventure, Family, Mystery",2025.0,0.7605000000000001,0.056964773801313,0.4131296155004341,2025.0,0.979591836734695,59.41372452072884,Medium
687163,Project Hail Mary,movie,8.5,95,154.7895,2026-03-15,"Science teacher Ryland Grace wakes up on a spaceship light years from home with no recollection of who he is or how he got there. As his memory returns, he begins to uncover his mission: solve the riddle of the mysterious substance causing the sun to die out. He must call on his scientific knowledge and unorthodox ideas to save everything on Earth from extinction… but an unexpected friendship means he may not have to do it alone.","Sci-Fi, Adventure, Mystery",2026.0,0.8500000000000001,0.002426750453419164,0.36738311577761806,2026.0,0.9897959183673493,61.19211569196774,Medium
840464,Greenland 2: Migration,movie,6.413,630,147.2027,2026-01-07,"Having found the safety of the Greenland bunker after the comet Clarke decimated the Earth, the Garrity family must now risk everything to embark on a perilous journey across the wasteland of Europe to find a new home.","Adventure, Thriller, Sci-Fi",2026.0,0.6413000000000001,0.016093187217411296,0.3483606033306697,2026.0,0.9897959183673493,52.73699417830861,Medium
1054867,One Battle After Another,movie,7.396,3183,143.547,2025-09-23,"Washed-up revolutionary Bob exists in a state of stoned paranoia, surviving off-grid with his spirited, self-reliant daughter, Willa. When his evil nemesis resurfaces after 16 years and she goes missing, the former radical scrambles to find her, father and daughter both battling the consequences of his past.","Thriller, Crime, Comedy",2025.0,0.7396,0.08130891256034946,0.33919460465503454,2025.0,0.979591836734695,57.585907079001586,Medium
1327819,Hoppers,movie,7.695,220,137.5015,2026-03-04,"Scientists have discovered how to 'hop' human consciousness into lifelike robotic animals, allowing people to communicate with animals as animals. Animal lover Mabel seizes an opportunity to use the technology, uncovering mysteries within the animal world beyond anything she could have imagined.","Animation, Family, Sci-Fi, Comedy",2026.0,0.7695000000000001,0.005619843155286484,0.3240366198659237,2026.0,0.9897959183673493,57.1690476277712,Medium
1171145,Crime 101,movie,7.0,183,136.0543,2026-02-11,"When an elusive thief whose high-stakes heists unfold along the iconic 101 freeway in Los Angeles eyes the score of a lifetime, with hopes of this being his final job, his path collides with a disillusioned insurance broker who is facing her own crossroads. Determined to crack the case, a relentless detective closes in on the operation, raising the stakes even higher.","Crime, Thriller",2026.0,0.7000000000000001,0.0046746877155337575,0.32040803073569446,2026.0,0.9897959183673493,54.29757273637155,Medium
1159559,Scream 7,movie,5.926,359,130.1839,2026-02-25,"When a new Ghostface killer emerges in the quiet town where Sidney Prescott has built a new life, her darkest fears are realized as her daughter becomes the next target. Determined to protect her family, Sidney must face the horrors of her past to put an end to the bloodshed once and for all.","Horror, Mystery, Crime",2026.0,0.5926,0.009170562239762946,0.3056890771493912,2026.0,0.9897959183673493,49.79711115513007,Medium
1236153,Mercy,movie,7.078,758,124.5491,2026-01-20,"In the near future, a detective stands on trial accused of murdering his wife. He has ninety minutes to prove his innocence to the advanced AI Judge he once championed, before it determines his fate.","Sci-Fi, Action, Thriller",2026.0,0.7078000000000001,0.019362914144123434,0.29156084744305066,2026.0,0.9897959183673493,54.32639359909047,Medium
1233413,Sinners,movie,7.472,4065,119.6716,2025-04-16,"Trying to leave their troubled lives behind, twin brothers return to their hometown to start again, only to discover that an even greater evil is waiting to welcome them back.","Horror, Action, Thriller",2025.0,0.7472000000000001,0.10383937466472527,0.2793314088839757,2025.0,0.979591836734695,57.14325240566793,Medium
1193501,Whistle,movie,6.1,157,118.5255,2026-01-20,"A misfit group of unwitting high school students stumble upon a cursed object, an ancient Aztec Death Whistle. They discover that blowing the whistle and the terrifying sound it emits will summon their future deaths to hunt them down.","Horror, Mystery",2026.0,0.61,0.004010524433545355,0.276457772895753,2026.0,0.9897959183673493,49.80528431393295,Medium
1088434,Hellfire,movie,6.904,57,111.4932,2026-02-05,A drifter with a mysterious past arrives in a small town and finds the residents in the grip of a ruthless crime boss and realizes he has to help them.,"Action, Thriller",2026.0,0.6904,0.0014560502720514983,0.2588255677129784,2026.0,0.9897959183673493,52.61755072704759,Medium
1058710,Bloodline Killer,movie,5.818,44,111.2285,2024-04-26,Moira Cole endeavors to rebuild her shattered life after her family's murder at the hands of her deranged and obsessed cousin.,"Horror, Thriller",2024.0,0.5818,0.0011239686310572968,0.2581618809089626,2024.0,0.9693877551020407,47.84547209284122,Medium
1168190,The Wrecking Crew,movie,6.886,793,107.9411,2026-01-28,"Estranged half-brothers Jonny and James reunite after their father's mysterious death. As they search for the truth, buried secrets reveal a conspiracy threatening to tear their family apart.","Action, Comedy, Crime, Mystery",2026.0,0.6886000000000001,0.020256980100646284,0.24991932707624026,2026.0,0.9897959183673493,52.74344451088473,Medium
680493,Return to Silent Hill,movie,5.0,273,103.7708,2026-01-21,"When James receives a mysterious letter from his lost love Mary, he is drawn to Silent Hill—a once-familiar town now consumed by darkness. As he searches for her, James faces monstrous creatures and unravels a terrifying truth that will push him to the edge of his sanity.","Mystery, Drama, Horror",2026.0,0.5,0.006973714460878229,0.2394630630838444,2026.0,0.9897959183673493,44.724653918241444,Medium
1316092,"""Wuthering Heights""",movie,6.343,530,102.1383,2026-02-11,"Tragedy strikes when Heathcliff falls in love with Catherine Earnshaw, a woman from a wealthy family in 18th-century England.","Romance, Drama",2026.0,0.6343000000000001,0.01353871305591744,0.23536986811763427,2026.0,0.9897959183673493,50.14608999081802,Medium
1311031,Demon Slayer: Kimetsu no Yaiba Infinity Castle,movie,7.666,766,98.731,2025-07-18,"The Demon Slayer Corps are drawn into the Infinity Castle, where Tanjiro, Nezuko, and the Hashira face terrifying Upper Rank demons in a desperate fight as the final battle against Muzan Kibutsuji begins.","Animation, Action, Fantasy",2025.0,0.7666000000000001,0.01956727207704294,0.22682668697927727,2025.0,0.979591836734695,55.18371591582031,Medium
755898,War of the Worlds,movie,4.2,925,84.7984,2025-07-29,"Will Radford is a top analyst for Homeland Security who tracks potential threats through a mass surveillance program, until one day an attack by an unknown entity leads him to question whether the government is hiding something from him... and from the rest of the world.","Sci-Fi, Thriller",2025.0,0.42000000000000004,0.023628885993818172,0.1918932424547937,2025.0,0.979591836734695,40.702279303666145,Medium
1368166,The Housemaid,movie,7.236,1540,85.6075,2025-12-18,"Trying to escape her past, Millie Calloway accepts a job as a live-in housemaid for the wealthy Nina and Andrew Winchester. But what begins as a dream job quickly unravels into something far more dangerous—a sexy, seductive game of secrets, scandal, and power.","Drama, Mystery, Thriller",2025.0,0.7236,0.03933890208700539,0.1939219126215077,2025.0,0.979591836734695,53.20105302886417,Medium
1419406,The Shadow's Edge,movie,7.215,501,92.2112,2025-08-16,Macau Police brings the tracking expert police officer out of retirement to help catch a dangerous group of professional thieves.,"Action, Crime, Drama, Thriller",2025.0,0.7215,0.01279791554908422,0.21047948174760997,2025.0,0.979591836734695,52.91738468062779,Medium
1634301,Vanaveera,movie,7.0,3,79.2446,2026-02-13,A descendant of the Vanara clan is pushed into conflict when a modern-day Ravana seizes his only bike for an election rally. What starts as a petty injustice soon erupts into a fierce fight for self-respect and dignity.,"Action, Drama",2026.0,0.7000000000000001,7.66342248448157e-05,0.17796810542365257,2026.0,0.9897959183673493,51.35681316031694,Medium
384530,Cipher Bureau,movie,4.4,5,55.8291,1938-10-25,The younger brother of an officer in a secret government code-breaking unit gets involved with a gang of spies and a beautiful double agent.,Drama,1938.0,0.44000000000000006,0.00012772370807469284,0.11925802473067026,1938.0,0.09183673469387799,21.824449662652466,Low
1242898,Predator: Badlands,movie,7.704,2423,78.4384,2025-11-05,"Cast out from his clan, a young Predator finds an unlikely ally in a damaged android and embarks on a treacherous journey in search of the ultimate adversary.","Action, Sci-Fi, Adventure",2025.0,0.7704,0.061894908932996144,0.1759467064761741,2025.0,0.979591836734695,55.164669042877314,Medium
1284460,Alpha,movie,6.376,97,75.2634,2025-08-20,"Alpha, a troubled 13-year-old lives with her single mom. Their world collapses the day she returns from school with a tattoo on her arm.","Horror, Drama, Sci-Fi, Thriller",2025.0,0.6376000000000001,0.002477839936649041,0.16798597507175314,2025.0,0.979591836734695,48.50511303486195,Medium
1119449,"Good Luck, Have Fun, Don't Die",movie,6.862,189,65.7335,2026-02-13,A 'Man from the Future' arrives at an LA diner where he must recruit the precise combination of disgruntled patrons to join him on a one-night quest to save the world from the terminal threat of a rogue artificial intelligence.,"Sci-Fi, Action, Comedy",2026.0,0.6862,0.004827956165223389,0.14409149500529922,2026.0,0.9897959183673493,50.222307390757436,Medium
1148474,SHINE 26,movie,0.0,0,71.444,2015-04-03,"SHINE Wrestling presents  SHINE 26,  Ybor City, FL,  4/3/2015. Matches include:  • Title vs. Title Match  SHINE Champion Mia Yim vs. NWA World Women’s Champion Santana  • Title vs. Title Match  SHINE Tag Team Champions The Kimber Bombs of Kimber Lee & Cherry Bomb vs. SHIMMER Tag Team Champions 3G of Kellie Skater & Tomoka Nakagawa  • No Disqualification Match  Jessicka Havok & Leva vs. Sweet Saraya Knight & Su Yung  • As Result of the WWN Supershow in San Jose, CA!  Nikki Storm vs. Andréa w/ B.T.Y.  • B.T.Y of Jayme Jameson & Marti Belle w/ Andréa vs. Daff’s All Star Squad of Crazy Mary Dobson & Solo Darling w/ Daffney  • Allysin Kay vs. Kay Lee Ray  • Madison Eagles vs. La Rosa Negra  • Evie vs. Tessa Blanchard  • Shazza McKenzie vs. Miss Rachel.  Live Event Hostess Heather Lynn.",,2015.0,0.0,0.0,0.15840952860685698,2015.0,0.8775510204081627,20.719210980300392,Low
1451398,Re/Member: The Last Night,movie,4.7,9,66.8265,2025-09-05,"Three years after completing a deadly game, high schoolers trapped in a looping nightmare must survive brutal encounters and unravel a terrifying curse.",Horror,2025.0,0.47000000000000003,0.0002299026745344471,0.14683199246200224,2025.0,0.979591836734695,41.33307463742464,Medium
969681,Spider-Man: Brand New Day,movie,0.0,0,81.5967,2026-07-29,"Four years have passed since the events of No Way Home, and Peter is now an adult living entirely alone, having voluntarily erased himself from the lives and memories of those he loves. Crime-fighting in a New York that no longer knows his name, he's devoted himself entirely to protecting his city — a full-time Spider-Man — but as the demands on him intensify, the pressure sparks a surprising physical evolution that threatens his existence, even as a strange new pattern of crimes gives rise to one of the most powerful threats he has ever faced.","Sci-Fi, Action, Adventure",2026.0,0.0,0.0,0.18386556568706627,2026.0,0.9897959183673493,23.473229681088313,Low
1234731,Anaconda,movie,5.859,806,70.0782,2025-12-24,"A group of friends facing mid-life crises head to the rainforest with the intention of remaking their favorite movie from their youth, only to find themselves in a fight for their lives against natural disasters, giant snakes and violent criminals.","Adventure, Comedy, Horror",2025.0,0.5859,0.020589061741640484,0.15498503507861816,2025.0,0.979591836734695,46.539318671099075,Medium
1387382,Hunting Season,movie,6.997,155,66.5243,2025-12-05,"When a reclusive survivalist and his daughter rescue a mysterious, wounded woman from a river, they become entangled in a deadly web of violence and revenge, forcing them to confront a brutal criminal to survive.","Action, Drama, Thriller",2025.0,0.6997,0.003959434950315478,0.14607428127132002,2025.0,0.979591836734695,50.58051105912662,Medium
11375,Hollywood Homicide,movie,5.238,686,62.2209,2003-06-09,"Joe Gavilan and his new partner K. C. Calden, are detectives on the beat in Tinseltown. Neither one of them really wants to be a cop, Gavilan moonlights as a real estate broker, and Calden is an aspiring actor moonlighting as a yoga instructor. When the two are assigned a big case they must work out whether they want to solve the case or follow their hearts.","Action, Adventure, Comedy, Thriller",2003.0,0.5238,0.017523692747847857,0.135284293389183,2003.0,0.7551020408163289,39.11020053906719,Low
1167307,David,movie,8.0,108,61.2015,2025-12-14,"From the songs of his mother’s heart to the whispers of a faithful God, David’s story begins in quiet devotion. When the giant Goliath rises to terrorize a nation, a young shepherd armed with only a sling, a few stones, and unshakable faith steps forward. Pursued by power and driven by purpose, his journey tests the limits of loyalty, love, and courage—culminating in a battle not just for a crown, but for the soul of a kingdom.","Animation, Family, Drama",2025.0,0.8,0.0027588320944133653,0.13272833446204385,2025.0,0.979591836734695,54.30158006582305,Medium
1317288,Marty Supreme,movie,7.47,1351,57.8733,2025-12-19,"Marty Mauser, a young man with a dream no one respects, goes to hell and back in pursuit of greatness.","Drama, Thriller",2025.0,0.747,0.034510945921782,0.12438348209662847,2025.0,0.979591836734695,52.64972529506211,Medium
1362514,House on Eden,movie,4.731,39,54.9049,2025-07-25,"Paranormal investigators Kris, Celina and their videographer Jay are rerouted to an abandoned house deep in the woods, where they find themselves facing a force unlike anything they've encountered before. As the night spirals into chaos, missing crew members and eerie phenomena hint at an ancient, malevolent presence watching their every move.",Horror,2025.0,0.4731,0.000996244922982604,0.11694076237981488,2025.0,0.979591836734695,40.874576880749856,Medium
1306368,The Rip,movie,7.068,1392,57.4467,2026-01-13,"Trust frays when a team of Miami cops discovers millions in cash inside a run-down stash house, calling everyone — and everything — into question.","Action, Thriller, Crime",2026.0,0.7068,0.03555828032799448,0.12331386067391165,2026.0,0.9897959183673493,51.24536118738512,Medium
461955,Rakka,movie,6.994,341,41.6724,2017-06-14,"A story of broken humanity following the invasion of a technologically superior alien species. Bleak, harrowing, and unrelenting, the humans must find enough courage to go on fighting.","Action, Sci-Fi, Horror, War",2017.0,0.6994,0.008710756890694052,0.08376269047146837,2017.0,0.8979591836734713,47.78465262071268,Medium
7451,xXx,movie,5.98,4820,61.1958,2002-08-09,"Xander Cage is your standard adrenaline junkie with no fear and a lousy attitude. When the US Government ""recruits"" him to go on a mission, he's not exactly thrilled. His mission: to gather information on an organization that may just be planning the destruction of the world, led by the nihilistic Yorgi.","Action, Adventure, Thriller, Crime, Drama",2002.0,0.5980000000000001,0.12312565458400389,0.13271404275527057,2002.0,0.7448979591836746,43.93475313045899,Medium
1584215,The Internship,movie,6.11,59,55.4546,2026-01-13,"A CIA-trained assassin recruits other graduates from her secret childhood program, The Internship, to violently destroy the organization. The CIA fights back with deadly force.",Action,2026.0,0.6110000000000001,0.0015071397552813754,0.11831903452249526,2026.0,0.9897959183673493,46.632441852902524,Medium
217890,The Hook,movie,6.1,17,58.6838,1963-02-15,Three soldiers in Korea go through inner torment when they're ordered to execute an enemy soldier.,"War, Drama",1963.0,0.61,0.00043426060745395563,0.12641566250711136,1963.0,0.3469387755102069,33.875773972495445,Low
803796,KPop Demon Hunters,movie,8.041,2539,54.6376,2025-06-20,"When K-pop superstars Rumi, Mira and Zoey aren't selling out stadiums, they're using their secret powers to protect their fans from supernatural threats.","Fantasy, Music, Comedy, Animation",2025.0,0.8041,0.06485809896032901,0.11627055655165686,2025.0,0.979591836734695,55.37840984493363,Medium
858024,Hamnet,movie,7.713,1052,55.3181,2025-11-26,"The powerful story of love and loss that inspired the creation of Shakespeare's timeless masterpiece, Hamlet.","Drama, Romance, History",2025.0,0.7713000000000001,0.026873068178915372,0.11797678575502962,2025.0,0.979591836734695,53.340833813372804,Medium
1217584,Torrente for President,movie,6.5,11,57.6863,2026-03-13,"Years have passed since his last adventure, but José Luis Torrente, the most politically incorrect former cop in Spain, still sees himself as a national hero.",Comedy,2026.0,0.65,0.0002809921577643242,0.12391461382178542,2026.0,0.9897959183673493,48.27983048693798,Medium
696393,Cold Storage,movie,6.751,213,54.4215,2026-01-22,"When a mutating, highly contagious fungus escapes a sealed facility, two employees – joined by a grizzled bioterror operative – must survive the wildest night shift ever to save humanity from extinction.","Horror, Sci-Fi, Comedy",2026.0,0.6751,0.005441029963981914,0.11572872535276069,2026.0,0.9897959183673493,49.22331347368184,Medium
278,The Shawshank Redemption,movie,8.717,29941,50.1642,1994-09-23,"Imprisoned in the 1940s for the double murder of his wife and her lover, upstanding banker Andy Dufresne begins a new life at the Shawshank prison, where he puts his accounting skills to work for an amoral warden. During his long stretch in prison, Dufresne comes to be admired by the other inmates -- including an older prisoner named Red -- for his integrity and unquenchable sense of hope.","Drama, Crime",1994.0,0.8717000000000001,0.7648351086928756,0.10505432478329887,1994.0,0.6632653061224509,65.5310947919725,Medium
458576,Monster Hunter,movie,6.526,3507,52.1623,2020-12-03,"A portal transports Cpt. Artemis and an elite unit of soldiers to a strange world where powerful monsters rule with deadly ferocity. Faced with relentless danger, the team encounters a mysterious hunter who may be their only hope to find a way home.","Action, Fantasy, Adventure",2020.0,0.6526000000000001,0.08958540884358955,0.11006419483658186,2020.0,0.9285714285714306,48.66842064503205,Medium
1272837,28 Years Later: The Bone Temple,movie,7.198,841,53.1517,2026-01-14,Dr. Kelson finds himself in a shocking new relationship - with consequences that could change the world as they know it - and Spike's encounter with Jimmy Crystal becomes a nightmare he can't escape.,"Horror, Thriller, Sci-Fi",2026.0,0.7198000000000001,0.021483127698163334,0.11254493425438786,2026.0,0.9897959183673493,51.26847960639802,Medium
191583,War Drums,movie,5.8,11,51.4618,1957-03-21,The friendship between a white man &amp; an Apache chief is tested when they fall in love with the same woman,Western,1957.0,0.58,0.0002809921577643242,0.10830781929365368,1957.0,0.28571428571428825,31.086061943314125,Low
15598,Alfie,movie,6.5,225,36.609,1966-03-29,A young man leads a promiscuous lifestyle until several life reversals make him rethink his purposes and goals in life.,"Comedy, Drama, Romance",1966.0,0.65,0.005747566863361178,0.07106714168622583,1966.0,0.3775510204081627,35.08731457915499,Low
1448560,Wildcat,movie,6.19,137,53.029,2025-11-19,An ex-black ops team reunite to pull off a desperate heist in order to save the life of their leader’s eight-year-old daughter.,"Action, Thriller",2025.0,0.6190000000000001,0.0034996296012465835,0.11223728646121545,2025.0,0.979591836734695,46.66657505594314,Medium
1426964,State of Fear,movie,5.414,58,48.9467,2026-02-10,"As São Paulo erupts in an unprecedented wave of violence, a lawyer with underworld ties must strike a deal with the police to rescue her kidnapped niece.","Action, Thriller, Crime, Drama",2026.0,0.5414,0.0014815950136664367,0.10200166636286342,2026.0,0.9897959183673493,43.52158359487758,Medium
1062722,Frankenstein,movie,7.654,3152,49.6714,2025-10-17,"Dr. Victor Frankenstein, a brilliant but egotistical scientist, brings a creature to life in a monstrous experiment that ultimately leads to the undoing of both the creator and his tragic creation.","Drama, Fantasy, Horror",2025.0,0.7654000000000001,0.08051702557028637,0.10381871897665361,2025.0,0.979591836734695,53.8945516256327,Medium
1367642,Reminders of Him,movie,7.031,49,49.5087,2026-03-11,"When Diem's custodial grandparents adamantly refuse Kenna's attempts to see her daughter, Kenna discovers unexpected compassion, and then something truer and deeper, with former NFL player and local bar owner Ledger. As their secret romance develops, so do the dangers for both of them, leading Kenna toward heartbreak and, ultimately, the hope for a second chance.","Romance, Drama",2026.0,0.7031000000000001,0.0012516923391319896,0.10341077850437037,2026.0,0.9897959183673493,50.01316778421704,Medium
1601243,Oscar Shaw,movie,6.692,26,49.5879,2026-01-09,"After retiring from the police force, a relentless detective haunted by the tragic loss of his closest friend sets out on a perilous quest for vengeance, seeking redemption and fighting to restore justice to the streets he once swore to protect.","Action, Crime, Thriller, Western",2026.0,0.6692,0.0006641632819884027,0.10360935800900978,2026.0,0.9897959183673493,48.649388793166956,Medium
425274,Now You See Me: Now You Don't,movie,6.545,1248,50.7894,2025-11-12,"The original Four Horsemen reunite with a new generation of illusionists to take on powerful diamond heiress Veronika Vanderberg, who leads a criminal empire built on money laundering and trafficking. The new and old magicians must overcome their differences to work together on their most ambitious heist yet.","Thriller, Crime",2025.0,0.6545000000000001,0.03187983753544333,0.10662189935780089,2025.0,0.979591836734695,48.54187147255879,Medium
276746,The Enchanted,movie,5.429,8,35.2288,1984-02-03,"Royce Hagan returns from the sea to claim and inhabit a 2000 acre ranch in one of the last wild places left in central Florida. Old family friend Booker T Robertson is welcoming but warns him not to get ""too close"" to a strange family living in the woods nearby. Royce falls in love with Twyla, the oldest daughter, and discovers the bizarre secret of the Hole in the Wall and the enchanted people who live there.","Mystery, Fantasy, Horror",1984.0,0.5429,0.00020435793291950853,0.06760654279350715,1984.0,0.5612244897959187,34.29670781044691,Low
1539104,JUJUTSU KAISEN: Execution,movie,5.8,86,50.8673,2025-11-07,"A veil abruptly descends over the busy Shibuya area amid the bustling Halloween crowds, trapping countless civilians inside. Satoru Gojo, the strongest jujutsu sorcerer, steps into the chaos. But lying in wait are curse users and spirits scheming to seal him away. Yuji Itadori, accompanied by his classmates and other top-tier jujutsu sorcerers, enters the fray in an unprecedented clash of curses — the Shibuya Incident. In the aftermath, ten colonies across Japan are transformed into dens of curses in a plan orchestrated by Noritoshi Kamo. As the deadly Culling Game starts, Special Grade sorcerer Yuta Okkotsu is assigned to carry out Yuji's execution for his perceived crimes. A compilation movie of Shibuya Incident including the first two episodes of the Culling Games arc.","Animation, Action, Fantasy",2025.0,0.58,0.0021968477788847167,0.10681721935036922,2025.0,0.979591836734695,44.97211807727898,Medium
157336,Interstellar,movie,8.468,39147,49.3775,2014-11-05,The adventures of a group of explorers who make use of a newly discovered wormhole to surpass the limitations on human space travel and conquer the vast distances involved in an interstellar voyage.,"Adventure, Drama, Sci-Fi",2014.0,0.8468,1.0,0.1030818185168869,2014.0,0.8673469387755119,73.28057514584798,High
1450966,Racek,movie,0.0,0,33.6549,2025-04-10,No description,"Comedy, Drama",2025.0,0.0,0.0,0.06366027660219434,2025.0,0.979591836734695,20.865042266737788,Low
1241748,Kalikot,movie,6.3,13,56.8188,2024-03-12,"Sal, a hot single professor, moves across an auto service shop and rocks the world of young repairman Arnel. Ever since Sal came over to get her car fixed, Arnel's skilled hands have always been busy. But can he still fix the problems that come with it?",Drama,2024.0,0.63,0.00033208164099420137,0.12173951634356964,2024.0,0.9693877551020407,47.02918706173209,Medium
1511417,Bāhubali: The Epic,movie,6.0,33,47.3874,2025-10-29,"When a mysterious child is found by a tribal couple near a roaring waterfall, they raise him as their own. As he grows, Sivudu is drawn to the world beyond the cliffs, where he discovers the ancient kingdom of Mahishmati, ruled by a cruel tyrant, haunted by rebellion, and bound to his past. What begins as a quest for love soon unravels a legacy of betrayal, sacrifice, and a forgotten prince.","Action, Drama",2025.0,0.6000000000000001,0.0008429764732929727,0.09809200699942607,2025.0,0.979591836734695,45.570536404148285,Medium
759584,Surrounded,movie,6.041,74,46.5017,2023-04-02,"After her stagecoach is ambushed, a woman is  tasked with holding a dangerous outlaw captive and must survive the day when the bandit’s gang tries to free him.","Western, Action, Drama",2023.0,0.6041000000000001,0.0018903108795054538,0.09587127635221485,2023.0,0.9591836734693899,45.3029052140222,Medium
588787,Ordinary Love,movie,6.8,156,32.0121,2019-12-06,An extraordinary look at the lives of a middle-aged couple in the midst of the wife's breast cancer diagnosis.,"Drama, Romance",2019.0,0.68,0.003984979691930416,0.05954125627111316,2019.0,0.9183673469387763,46.8378716580364,Medium
52702,Superstition,movie,6.074,129,31.7485,1982-08-26,A witch put to death in 1692 swears vengeance on her persecutors and returns to the present day to punish their descendants.,Horror,1982.0,0.6074,0.003295271668327075,0.05888032751577291,1982.0,0.5408163265306136,36.355838514294284,Low
1650558,Abot Langit,movie,5.0,1,46.3627,2026-03-13,"The relationship of a couple is tested when the girl’s first official flight pairs her with a confident senior pilot, jealousy and power dynamics surface in the training ground. The girl is now torn between her present relationship and new temptation she can’t resist.",Romance,2026.0,0.5,2.5544741614938566e-05,0.09552275929230476,2026.0,0.9897959183673493,41.706884448025384,Medium
24428,The Avengers,movie,7.969,36540,49.1925,2012-04-25,"When an unexpected enemy emerges and threatens global safety and security, Nick Fury, director of the international peacekeeping agency known as S.H.I.E.L.D., finds himself in need of a team to pull the world back from the brink of disaster. Spanning the globe, a daring recruitment effort begins!","Sci-Fi, Action, Adventure",2012.0,0.7969,0.9334048586098552,0.10261796487599939,2012.0,0.8469387755102034,69.53523197992118,Medium
1401778,Turbulence,movie,5.896,72,43.1671,2025-11-26,"Young married couple Zach and Emmy decide to take a hot air balloon trip across the Italian Dolomites to rekindle their relationship. When they and pilot Harry are joined by a third passenger, Julia, events unfold in ways they could never imagine five thousand meters in the air.","Thriller, Action, Adventure, Drama, Fantasy",2025.0,0.5896,0.0018392213962755768,0.08751037715814174,2025.0,0.979591836734695,44.96282870578225,Medium
1297842,GOAT,movie,7.513,114,41.0107,2026-02-11,"A small goat with big dreams gets a once-in-a-lifetime shot to join the pros and play roarball, a high-intensity, co-ed, full-contact sport dominated by the fastest, fiercest animals in the world.","Animation, Comedy, Family",2026.0,0.7513000000000001,0.0029121005441029965,0.0821035988272777,2026.0,0.9897959183673493,51.54823235477461,Medium
1170608,Dune: Part Three,movie,0.0,0,43.6598,2026-12-16,"As Emperor, Paul Atreides grapples with the consequences of his rise to power as political conspiracies and a galaxy-spanning holy war threaten the future he alone can foresee.","Sci-Fi, Adventure, Thriller",2026.0,0.0,0.0,0.08874573223308921,2026.0,0.9897959183673493,21.570833012008773,Low
1582770,Dhurandhar: The Revenge,movie,7.75,8,80.1797,2026-03-18,"As rival gangs, corrupt officials and a ruthless Major Iqbal close in, Hamza's mission for his country spirals into a bloody personal war where the line between patriot and monster disappears in the streets of Lyari.","Action, Crime, Thriller",2026.0,0.775,0.00020435793291950853,0.18031269752956564,2026.0,0.9897959183673493,54.406259476596695,Medium
911430,F1,movie,7.752,3581,41.6194,2025-06-25,Racing legend Sonny Hayes is coaxed out of retirement to lead a struggling Formula 1 team—and mentor a young hotshot driver—while chasing one more chance at glory.,"Action, Drama",2025.0,0.7752,0.091475719723095,0.08362980267164652,2025.0,0.979591836734695,54.10194718258874,Medium
1077731,Mandela,movie,0.0,0,40.2449,2023-01-19,"It's 1960. Young activist, Nelson Mandela, rallies the people of South Africa to protest against the racial segregation of apartheid. In 1962 he is arrested and sentenced to life in prison, where he will spend the next 27 years, taken from his wife and children, as the fight for freedom sweeps his country. Infused with the rhythms of South Africa, this soaring new musical tells the extraordinary story of a man who changed the course of modern history—the sacrifices he made as a husband and father, and the global movement that inspired him and his comrades to keep fighting.",,2023.0,0.0,0.0,0.08018349548570115,2023.0,0.9591836734693899,20.787343379101824,Low
1470086,Ligaw,movie,6.667,6,41.5682,2025-05-09,"A sultry woman who charms the hearts of men in a remote province. Dolores, a devoted wife to her paraplegic husband, falls for a young mountaineer. What begins as a reckless escape turns into an affair drenched in passion and secrecy.","Drama, Romance",2025.0,0.6667000000000001,0.0001532684496896314,0.08350142804238468,2025.0,0.979591836734695,47.93293066453539,Medium
201760,Panorama,movie,6.0,3,25.9736,2013-02-23,"In recent years it has become the handiest character of Mexican cinema: the Chilango fleeing the capital to the province in search of something. But this case is different because the trip is used as an excuse to illustrate, through documentary techniques, the deep contrasts of Mexican society. Tired of the city, Javier goes to visit his aunt, an eccentric woman with quite radical ideas, who lives isolated from the world in a ranch in Querétaro. Javier works as a laborer for an Argentinean foreman, with whom he shares a few passions. His life begins to change.",Drama,2013.0,0.6000000000000001,7.66342248448157e-05,0.04440082270084675,2013.0,0.8571428571428577,42.032406281370996,Medium
81471,Tintorera: Killer Shark,movie,3.791,43,37.1848,1977-04-07,Two shark hunters flirt with an attractive British lady while hunting down a large tiger shark terrorizing the Mexican East coast.,"Drama, Thriller, Horror",1977.0,0.3791,0.0010984238894423584,0.07251085480202601,1977.0,0.48979591836734926,26.432103941176354,Low
1196067,Worldbreaker,movie,5.9,101,40.1904,2025-10-30,"Five years ago, a tear in the fabric of reality brought creatures to our world from an alternate dimension bent on our destruction. A father hides his daughter on an island to keep her safe while he prepares her for survival and the battles to come. But when the world is about to break, no place is safe.","Sci-Fi, Action, Horror",2025.0,0.5900000000000001,0.002580018903108795,0.08004684671041265,2025.0,0.979591836734695,44.84437404696433,Medium
322441,Dixie Dugan,movie,5.0,1,38.1349,1943-03-12,"Roger Hudson, a wealthy businessman who has moved to Washington to work for the government as a ""dollar a year man,"" is late for a radio broadcast about his new department, the Mobilization of Woman Power for War. He takes a cab driven by Dixie Dugan, who hopes that being a cabbie while the country's men are away fighting will help the war effort. Her incompetent driving, however, results in an accident for which Roger must take responsibility in order to reach the radio station in time. Dixie then returns home, where she lives with her father Timothy, who is constantly practicing his air raid warden duties, her mother Gladys, an aspiring Red Cross worker, and cousin Imogene, who studies incessantly to become a ""quiz kid."" The Dugans rent out their spare rooms to Dixie's fiancé, Matt Hogan, and to blustering Judge J. J. Lawson. Matt, who works in a munitions factory, wants Dixie to settle down and marry him, but Dixie is determined to help her country.",Comedy,1943.0,0.5,2.5544741614938566e-05,0.07489305666260565,1943.0,0.14285714285714235,24.355514885227258,Low
929831,The Empire,movie,4.842,98,34.7535,2024-02-21,"In a quiet fishing village on northern France's Opal Coast, the birth of a peculiar child sparks a hidden war between extraterrestrial forces of good and evil.","Sci-Fi, Comedy, Drama",2024.0,0.48419999999999996,0.0025033846782639793,0.0664148150339729,2024.0,0.9693877551020407,40.134119096285545,Medium
542559,Last Summer,movie,6.688,16,39.1399,2018-06-07,"During a long hot summer in the 1970s, four boys roam free through a neglected rural paradise, until a tragedy strikes that sets them against the adult world and changes their lives forever.",Drama,2018.0,0.6688000000000001,0.00040871586583901705,0.07741291022526486,2018.0,0.908163265306122,46.471697827944524,Medium
1246049,Dracula,movie,7.095,959,39.5165,2025-07-30,"In late 15th-century Eastern Europe, Prince Vlad II’s bride is brutally murdered. As a result, he renounces God and damns Heaven itself. Cursed with eternal life, Vlad is reborn as Dracula, an immortal warlord who defies fate in a blood-soaked crusade to wrench his lost love back from death.","Horror, Fantasy, Romance",2025.0,0.7095,0.024497407208726084,0.0783571657990932,2025.0,0.979591836734695,50.02892819485029,Medium
121872,Ginger & Rosa,movie,6.0,239,34.2293,2012-10-18,"A look at the lives of two teenage girls - inseparable friends Ginger and Rosa -- growing up in 1960s London as the Cuban Missile Crisis looms, and the pivotal event the comes to redefine their relationship.",Drama,2012.0,0.6000000000000001,0.006105193245970317,0.06510047947422566,2012.0,0.8469387755102034,42.36288896460799,Medium
238,The Godfather,movie,8.687,22620,39.0833,1972-03-14,"Spanning the years 1945 to 1955, a chronicle of the fictional Italian-American Corleone crime family. When organized crime family patriarch, Vito Corleone barely survives an attempt on his life, his youngest son, Michael steps in to take care of the would-be killers, launching a campaign of bloody revenge.","Drama, Crime",1972.0,0.8687,0.5778220553299104,0.07727099608432307,1972.0,0.43877551020408134,56.625371232366305,Medium
1424965,Ice Skater,movie,5.7,10,41.3082,2026-02-24,"A survival drama about an ice skater stranded on an ice floe at the Arctic Sea. When the ice floe starts to float towards south and melt, the ice skater must use all means necessary to survive.","Drama, Thriller",2026.0,0.5700000000000001,0.0002554474161493857,0.08284952562816439,2026.0,0.9897959183673493,44.258017828233264,Medium
1180831,Troll 2,movie,6.5,438,36.082,2025-11-30,"When a dangerous new troll unleashes devastation across their homeland, Nora, Andreas and Major Kris embark on their most perilous mission yet.","Action, Fantasy, Thriller",2025.0,0.65,0.011188596827343092,0.06974578563894084,2025.0,0.979591836734695,47.21052438401958,Medium
335490,The Idealist,movie,7.243,35,35.9661,2015-04-09,A whistle blower attempts to reveal the secret behind a nuclear disaster that occurred during the height of the Cold War.,Thriller,2015.0,0.7243,0.0008940659565228498,0.06945518760121724,2015.0,0.8775510204081627,47.93000547931806,Medium
798645,The Running Man,movie,6.767,1284,36.9077,2025-11-11,"Desperate to save his sick daughter, working-class Ben Richards is convinced by The Running Man's charming but ruthless producer to enter the deadly competition game as a last resort. But Ben's defiance, instincts, and grit turn him into an unexpected fan favorite — and a threat to the entire system. As ratings skyrocket, so does the danger, and Ben must outwit not just the Hunters, but a nation addicted to watching him fall.","Action, Thriller, Sci-Fi",2025.0,0.6767000000000001,0.03279944823358112,0.07181607726748583,2025.0,0.979591836734695,48.752147244715246,Medium
1110034,Kraken,movie,6.2,8,37.7483,2026-02-06,"Marine biologist Johanne is doing research on a fish farm in Vangsnes, a rural community located by the fjord, when she encounters several strange occurrences. Along with the brutal deaths of two local teenagers, all signs point to the deep fjord; can there be more to the depths than the eye can see? At the bottom of the deepest fjord rests a mythical monster as large as a mountain, with a myriad of arms ready to crush and devour anything they can grab.","Horror, Action, Thriller",2026.0,0.6200000000000001,0.00020435793291950853,0.07392372791899962,2026.0,0.9897959183673493,46.078480084385376,Medium
1363123,The Family Plan 2,movie,6.538,520,36.5779,2025-11-11,"Now that Dan's assassin days are behind him, all he wants for Christmas is quality time with his kids. But when he learns his daughter has her own plans, he books a family trip to London—putting them all in the crosshairs of an unexpected enemy.","Action, Comedy",2025.0,0.6538,0.013283265639768053,0.07098916412821717,2025.0,0.979591836734695,47.4292853300536,Medium
1241470,Osiris,movie,5.912,210,39.7724,2025-07-25,"Special Forces commandos on a mission are abducted mid-operation by a mysterious spacecraft. Upon waking aboard, they find themselves prey to a relentless alien race in a fight for survival.","Sci-Fi, Action, Horror",2025.0,0.5912000000000001,0.005364395739137099,0.07899878821370464,2025.0,0.979591836734695,44.92710041375074,Medium
1291335,Solo Mio,movie,6.993,76,35.3289,2026-02-05,"After Matt's dreams of a picturesque Italian wedding are shattered when his fiancée leaves him at the altar, he embarks on his planned honeymoon across Italy alone, immersing himself in the country's vibrant culture, food, and beauty, meeting Gia along the way.","Romance, Comedy",2026.0,0.6993,0.001941400362735331,0.06785752522298195,2026.0,0.9897959183673493,49.16389687906133,Medium
438631,Dune,movie,7.778,14578,34.1418,2021-09-15,"Paul Atreides, a brilliant and gifted young man born into a great destiny beyond his understanding, must travel to the most dangerous planet in the universe to ensure the future of his family and his people. As malevolent forces explode into conflict over the planet's exclusive supply of the most precious resource in existence-a commodity capable of unlocking humanity's greatest potential-only those who can conquer their fear will survive.","Sci-Fi, Adventure",2021.0,0.7778,0.3723912432625744,0.06488108923867075,2021.0,0.9387755102040813,58.632956854106546,Medium
1010581,My Fault,movie,7.751,4019,34.3788,2023-06-08,"Noah must leave her city, boyfriend, and friends to move into William Leister's mansion, the flashy and wealthy husband of her mother Rafaela. As a proud and independent 17 year old, Noah resists living in a mansion surrounded by luxury. However, it is there where she meets Nick, her new stepbrother, and the clash of their strong personalities becomes evident from the very beginning.","Drama, Romance, Thriller",2023.0,0.7751000000000001,0.10266431655043809,0.06547532336240232,2023.0,0.9591836734693899,53.550466267644616,Medium
456483,Wonderwell,movie,5.645,31,34.7486,2023-06-23,"In an idyllic Italian village, a young American girl on the threshold of adolescence is swept into a timeless magical adventure in Wonderwell.","Fantasy, Family, Drama",2023.0,0.5645,0.0007918869900630955,0.06640252918078182,2023.0,0.9591836734693899,43.107561792804695,Medium
1381027,The Good Boy,movie,7.742,33,33.5356,2026-03-06,"Tommy, a volatile 19-year-old, revels in drugs, parties and violence. After getting separated from his friends on a drunken bender, he is abducted by a shadowy figure. He wakes to find himself imprisoned in the basement of a remote Yorkshire house, inhabited by a very strange family. But what unfolds is not what he could possibly expect.","Thriller, Drama, Mystery",2026.0,0.7742,0.0008429764732929727,0.06336115368674634,2026.0,0.9897959183673493,52.04800097054777,Medium
126889,Alien: Covenant,movie,6.171,9292,30.9277,2017-05-09,"The crew of the colony ship Covenant, bound for a remote planet on the far side of the galaxy, discovers what they think is an uncharted paradise but is actually a dark, dangerous world.","Horror, Sci-Fi",2017.0,0.6171000000000001,0.23736173908600916,0.05682232174041897,2017.0,0.8979591836734713,48.526864889997995,Medium
457332,Hidden Strike,movie,6.891,1053,29.361,2023-07-06,Two elite soldiers must escort civilians through a gauntlet of gunfire and explosions.,"Action, Comedy, Thriller",2023.0,0.6891,0.02689861292053031,0.05289410823134612,2023.0,0.9591836734693899,48.34352789242533,Medium
1813,The Devil's Advocate,movie,7.466,6657,31.1377,1997-10-17,"Aspiring Florida defense lawyer Kevin Lomax accepts a job at a New York law firm. With the stakes getting higher every case, Kevin quickly learns that his boss has something far more evil planned.","Horror, Drama, Mystery",1997.0,0.7466,0.17005134493064603,0.05734885830575075,1997.0,0.6938775510204103,48.289555085136136,Medium
1226863,The Super Mario Galaxy Movie,movie,0.0,0,34.9114,2026-04-01,"Having thwarted Bowser's previous plot to marry Princess Peach, Mario and Luigi now face a fresh threat in Bowser Jr., who is determined to liberate his father from captivity and restore the family legacy. Alongside companions new and old, the brothers travel across the stars to stop the young heir's crusade.","Family, Fantasy, Comedy, Adventure, Animation",2026.0,0.0,0.0,0.06681072038476284,2026.0,0.9897959183673493,21.132132775042244,Low
546766,Petmalu,movie,0.0,0,28.8372,2018-09-05,Seven friends with different backgrounds face their respective problems to join a talent competition.,Comedy,2018.0,0.0,0.0,0.05158077559839,2018.0,0.908163265306122,19.194880818090244,Low
299536,Avengers: Infinity War,movie,8.234,31615,34.2807,2018-04-25,"As the Avengers and their allies have continued to protect the world from threats too large for any one hero to handle, a new danger has emerged from the cosmic shadows: Thanos. A despot of intergalactic infamy, his goal is to collect all six Infinity Stones, artifacts of unimaginable power, and use them to inflict his twisted will on all of reality. Everything the Avengers have fought for has led up to this moment - the fate of Earth and existence itself has never been more uncertain.","Adventure, Action, Sci-Fi",2018.0,0.8234,0.8075970061562827,0.06522935556688306,2018.0,0.908163265306122,68.55579254058577,Medium
1234821,Jurassic World Rebirth,movie,6.299,3112,33.7959,2025-07-01,"Five years after the events of Jurassic World Dominion, covert operations expert Zora Bennett is contracted to lead a skilled team on a top-secret mission to secure genetic material from the world's three most massive dinosaurs. When Zora's operation intersects with a civilian family whose boating expedition was capsized, they all find themselves stranded on an island where they come face-to-face with a sinister, shocking discovery that's been hidden from the world for decades.","Sci-Fi, Adventure, Action",2025.0,0.6299000000000001,0.07949523590568881,0.06401380829605999,2025.0,0.979591836734695,47.658017618728884,Medium
1266127,Ready or Not: Here I Come,movie,7.444,9,34.0528,2026-03-19,"Moments after surviving an all-out attack from the Le Domas family, Grace discovers she’s reached the next level of the nightmarish game — and this time with her estranged sister Faith at her side. Grace has one chance to survive, keep her sister alive, and claim the High Seat of the Council that controls the world. Four rival families are hunting her for the throne, and whoever wins rules it all.","Horror, Thriller, Comedy",2026.0,0.7444000000000001,0.0002299026745344471,0.06465793802764917,2026.0,0.9897959183673493,50.86967518139066,Medium
1220564,The Secret Agent,movie,7.347,539,29.5429,2025-07-23,"Brazil, 1977. Marcelo, a technology expert in his early 40s, is on the run. Hoping to reunite with his son, he travels to Recife during Carnival but soon realizes that the city is not the safe haven he was expecting.","Crime, Drama, Thriller",2025.0,0.7347000000000001,0.013768615730451886,0.05335018918960255,2025.0,0.979591836734695,50.322212833095,Medium
1069905,Jay Kelly,movie,6.143,384,29.5644,2025-11-14,"Famous movie actor Jay Kelly embarks on a journey of self-discovery, confronting both his past and present, accompanied by his devoted manager, Ron.","Drama, Comedy",2025.0,0.6143000000000001,0.00980918078013641,0.05340409650462462,2025.0,0.979591836734695,45.428102280389126,Medium
1191876,From the Ashes,movie,0.0,0,31.7404,2027-06-01,"Jailed for her husband's crime, a woman discovers that her only way out is to solve riddles from her mysterious past.",Drama,2027.0,0.0,0.0,0.05886001824825296,2027.0,1.0,21.17720036496506,Low
1228246,Five Nights at Freddy's 2,movie,6.694,816,32.0744,2025-12-03,"One year since the supernatural nightmare at Freddy Fazbear's Pizza, the stories about what transpired there have been twisted into a campy local legend, inspiring the town's first ever Fazfest. With the truth kept from her, Abby sneaks out to reconnect with Freddy, Bonnie, Chica, and Foxy, setting into motion a terrifying series of events that will reveal dark secrets about the real origin of Freddy's, and unleash a decades-hidden horror.","Horror, Thriller",2025.0,0.6694,0.02084450915778987,0.05969746211882826,2025.0,0.979591836734695,47.978676160226264,Medium
991494,The SpongeBob Movie: Search for SquarePants,movie,6.8,239,31.0367,2025-12-16,"Desperate to be a big guy, SpongeBob sets out to prove his bravery to Mr. Krabs by following The Flying Dutchman – a mysterious swashbuckling ghost pirate – on a seafaring adventure that takes him to the deepest depths of the deep sea, where no Sponge has gone before.","Animation, Family, Comedy, Adventure, Fantasy",2025.0,0.68,0.006105193245970317,0.05709561929099595,2025.0,0.979591836734695,48.055852985433226,Medium
875828,Peaky Blinders: The Immortal Man,movie,8.692,13,36.7965,2026-03-05,"After his estranged son gets embroiled in a Nazi plot, self-exiled gangster Tommy Shelby must return to Birmingham to save his family — and his nation.","Crime, Drama, War",2026.0,0.8692000000000001,0.00033208164099420137,0.07153726361955777,2026.0,0.9897959183673493,56.00130527255802,Medium
1218925,Chainsaw Man - The Movie: Reze Arc,movie,8.3,762,30.4847,2025-09-19,"In a brutal war between devils, hunters, and secret enemies, a mysterious girl named Reze has stepped into Denji's world, and he faces his deadliest battle yet, fueled by love in a world where survival knows no rules.","Animation, Action, Romance, Fantasy",2025.0,0.8300000000000001,0.019465093110583188,0.05571158031926669,2025.0,0.979591836734695,54.295370203290915,Medium
465212,Deadly Game,movie,2.6,5,29.7207,1982-09-03,"A hunting party arrives at a lodge in the Tatra mountains in Slovakia, where one woman in the party had “accidentally” shot and killed her first husband some time ago.","Mystery, Drama",1982.0,0.26,0.00012772370807469284,0.05379599014825012,1982.0,0.5408163265306136,22.29480080773877,Low
1029575,The Family Plan,movie,7.228,1825,27.6692,2023-12-14,"Dan Morgan is many things: a devoted husband, a loving father, a celebrated car salesman. He's also a former assassin. And when his past catches up to his present, he's forced to take his unsuspecting family on a road trip unlike any other.","Action, Comedy, Family",2023.0,0.7228,0.04661915344726288,0.0486522293683542,2023.0,0.9591836734693899,50.001101125700146,Medium
1439112,Muzzle: City of Wolves,movie,6.705,112,30.4017,2025-11-13,"LAPD officer Jake Rosser endeavors to lead a peaceful life with his family and retired K-9 officer, Socks. However, tranquility dissolves into chaos when a gang targets them in a brutal attack. Alongside his new K-9 partner Argos, Jake launches into a relentless pursuit of justice, determined to protect his loved ones.","Action, Thriller, Mystery",2025.0,0.6705000000000001,0.002861011060873119,0.055503473010111756,2025.0,0.979591836734695,47.5791264161136,Medium
269149,Zootopia,movie,7.8,17832,28.0149,2016-02-11,"Determined to prove herself, Officer Judy Hopps, the first bunny on Zootopia's police force, jumps at the chance to crack her first case - even if it means partnering with scam-artist fox Nick Wilde to solve the mystery.","Animation, Adventure, Family, Comedy",2016.0,0.78,0.4555138324775845,0.04951900884756942,2016.0,0.887755102040817,59.05575886731942,Medium
502356,The Super Mario Bros. Movie,movie,7.59,10346,32.3898,2023-04-05,"While working underground to fix a water main, Brooklyn plumbers—and brothers—Mario and Luigi are transported down a mysterious pipe and wander into a magical new world. But when the brothers are separated, Mario embarks on an epic quest to find Luigi.","Family, Comedy, Adventure, Animation, Fantasy",2023.0,0.759,0.2642858967481544,0.06048826989361705,2023.0,0.9591836734693899,56.03915680222323,Medium
4934,Firecreek,movie,6.322,73,27.191,1968-01-24,"A peace-loving, part-time sheriff in the small town of Firecreek must take a stand when a gang of vicious outlaws takes over his town.",Western,1968.0,0.6322000000000001,0.0018647661378905153,0.04745323038958439,1968.0,0.3979591836734713,34.23354360401893,Low
120,The Lord of the Rings: The Fellowship of the Ring,movie,8.4,27169,28.8693,2001-12-18,"Young hobbit Frodo Baggins, after inheriting a mysterious ring from his uncle Bilbo, must leave his home in order to keep it from falling into the hands of its evil creator. Along the way, a fellowship is formed to protect the ringbearer and make sure that the ring arrives at its final destination: Mt. Doom, the only place where it can be destroyed.","Adventure, Fantasy, Action",2001.0,0.8400000000000001,0.6940250849362659,0.05166126047337642,2001.0,0.7346938775510203,63.207604459213265,Medium
1159831,The Bride!,movie,6.3,175,31.4548,2026-03-04,A lonely Frankenstein travels to 1930s Chicago to ask groundbreaking scientist Dr. Euphronious to create a companion for him. The two revive a murdered young woman and The Bride is born. But what ensues is beyond what either of them imagined.,"Sci-Fi, Horror, Fantasy",2026.0,0.63,0.004470329782614249,0.05814392851940174,2026.0,0.9897959183673493,46.24820353338731,Medium
634649,Spider-Man: No Way Home,movie,7.933,21673,35.6591,2021-12-15,"Peter Parker is unmasked and no longer able to separate his normal life from the high-stakes of being a super-hero. When he asks for help from Doctor Strange the stakes become even more dangerous, forcing him to discover what it truly means to be Spider-Man.","Action, Adventure, Sci-Fi",2021.0,0.7933,0.5536311850205635,0.06868544128904175,2021.0,0.9387755102040813,62.953842730273735,Medium
1305781,Blades of the Guardians: Wind Rises in the Desert,movie,7.367,30,29.1335,2026-02-17,"Dao Ma, the ""second most wanted fugitive,"" is entrusted by his benefactor, the chief of Mo family clan, to take on a mysterious escort mission-escorting the ""most wanted fugitive"" to Chang'an.","Action, Drama, History",2026.0,0.7367,0.000766342248448157,0.052323693618903364,2026.0,0.9897959183673493,50.32571908469402,Medium
122,The Lord of the Rings: The Return of the King,movie,8.494,26181,26.3515,2003-12-17,"As armies mass for a final battle that will decide the fate of the world--and powerful, ancient forces of Light and Dark compete to determine the outcome--one member of the Fellowship of the Ring is revealed as the noble heir to the throne of the Kings of Men. Yet, the sole hope for triumph over evil lies with a brave hobbit, Frodo, who, accompanied by his loyal friend Sam and the hideous, wretched Gollum, ventures deep into the very dark heart of Mordor on his seemingly impossible quest to destroy the Ring of Power.​","Adventure, Fantasy, Action",2003.0,0.8494,0.6687868802207065,0.04534833778674617,2003.0,0.7551020408163289,63.36074517647564,Medium
179514,Schüleraustausch,movie,5.944,9,28.5867,2006-02-22,"Florian, Matthias and Enrique drive to school full of anticipation: the exchange students are coming today! A bus full of attractive French girls! That means three weeks of partying, fun and coitus! Unfortunately, their rival Henk crosses their path and runs Florian's VW bus off the road with his jeep. Furious, Florian agrees to a bet with Henk: Whoever bangs more French girls gets the car of the losing team - but the girls Sophie and Caro have other ideas...","Comedy, TV Movie",2006.0,0.5944,0.0002299026745344471,0.05095269269545852,2006.0,0.7857142857142883,40.51393762168563,Medium
1199193,Pose,movie,6.7,24,27.8918,2026-02-25,"Isolated in a grand country manor, a reclusive artist spends a passionate and paranoid weekend with his ex-lover, an obsessive fan, and a potential muse. Hoping to spark a new wave of artistic brilliance over the course of a few tumultuous days, filled with chaos and revelation not all of them will make it out alive.",Thriller,2026.0,0.67,0.0006130737987585256,0.04921035812760588,2026.0,0.9897959183673493,47.59238700587428,Medium
1078605,Weapons,movie,7.265,3071,29.1222,2025-08-04,"When all but one child from the same class mysteriously vanish on the same night at exactly the same time, a community is left questioning who or what is behind their disappearance.","Horror, Mystery",2025.0,0.7265,0.07844790149947634,0.05229536093705456,2025.0,0.979591836734695,51.266701983424525,Medium
1715,The Cider House Rules,movie,7.075,1270,20.0272,1999-12-17,"Homer is an orphan who was never adopted, becoming the favorite of orphanage director Dr. Larch. Dr. Larch imparts his full medical knowledge on Homer, who becomes a skilled, albeit unlicensed, physician. But Homer yearns for a self-chosen life outside the orphanage. What will Homer learn about life and love in the cider house? What of the destiny that Dr. Larch has planned for him?",Drama,1999.0,0.7075,0.032441821850971976,0.02949131302423297,1999.0,0.7142857142857153,43.82437698321841,Medium
155,The Dark Knight,movie,8.527,35343,27.4597,2008-07-16,"Batman raises the stakes in his war on crime. With the help of Lt. Jim Gordon and District Attorney Harvey Dent, Batman sets out to dismantle the remaining criminal organizations that plague the streets. The partnership proves to be effective, but they soon find themselves prey to a reign of chaos unleashed by a rising criminal mastermind known to the terrified citizens of Gotham as the Joker.","Action, Crime, Thriller",2008.0,0.8527,0.9028278028967738,0.048126946461511305,2008.0,0.8061224489795933,69.24954396675757,Medium
1214931,Nuremberg,movie,7.34,739,29.1488,2025-11-06,"In postwar Germany, an American psychiatrist must determine whether Nazi prisoners are fit to go on trial for war crimes, and finds himself in a complex battle of intellect and ethics with Hermann Göring, Hitler's right-hand man.","History, Drama",2025.0,0.734,0.0188775640534396,0.052362055568663246,2025.0,0.979591836734695,50.37662912713596,Medium
1248226,Playdate,movie,6.033,549,29.026,2025-11-04,"When out-of-work accountant Brian joins stay-at-home dad Jeff for a playdate with their sons, he expects a laid-back afternoon. Instead, they're chased by mercenaries, and Brian—totally unprepared—must survive one absurd obstacle after another.","Action, Comedy, Family",2025.0,0.6033000000000001,0.014024063146601273,0.05205415704379304,2025.0,0.979591836734695,45.04540113850179,Medium
10866,Joy Ride,movie,6.5,1319,26.4767,2001-10-05,"Three young people on a road trip from Colorado to New Jersey talk to a trucker on their CB radio, then must escape when he turns out to be a psychotic killer.","Mystery, Thriller, Drama",2001.0,0.65,0.03369351419010397,0.045662253872363015,2001.0,0.7346938775510203,42.28099291226975,Medium
431418,Carnaval,movie,0.0,0,23.7569,1990-02-07,No description,Drama,1990.0,0.0,0.0,0.038842853156223156,1990.0,0.6224489795918373,13.22583665496121,Low
533533,TRON: Ares,movie,6.479,1272,28.8155,2025-10-08,"A highly sophisticated Program called Ares is sent from the digital world into the real world on a dangerous mission, marking humankind's first encounter with A.I. beings.","Sci-Fi, Adventure, Action",2025.0,0.6479,0.03249291133420185,0.051526366819972386,2025.0,0.979591836734695,47.188222297777386,Medium
1508646,Once Upon a Time on the Westway,movie,0.0,0,29.4267,2007-05-03,"On the same day a notorious crime kingpin Jimmy Vincent is released from prison, there is a daring armored car diamond heist of diamonds using his m.o.",,2007.0,0.0,0.0,0.053058838956785634,2007.0,0.795918367346939,16.97954412607449,Low
1561687,Made in Korea,movie,6.75,16,26.2319,2026-03-12,A woman from a small town in Tamil Nadu moves to South Korea — a place she always dreamed of — but struggles to find her footing in a foreign land.,Drama,2026.0,0.675,0.00040871586583901705,0.045048462676204826,2026.0,0.9897959183673493,47.70506193818787,Medium
10733,The Alamo,movie,5.768,360,25.7519,2004-04-07,"Based on the 1836 standoff between a group of Texan and Tejano men, led by Davy Crockett and Jim Bowie, and Mexican dictator Santa Anna's forces at the Alamo in San Antonio, Texas.","History, War, Drama",2004.0,0.5768,0.009196106981377884,0.04384495052687505,2004.0,0.7653061224489797,39.43894359914466,Low
693134,Dune: Part Two,movie,8.1,7647,29.4168,2024-02-27,"Follow the mythic journey of Paul Atreides as he unites with Chani and the Fremen while on a path of revenge against the conspirators who destroyed his family. Facing a choice between the love of his life and the fate of the known universe, Paul endeavors to prevent a terrible future only he can foresee.","Sci-Fi, Adventure",2024.0,0.81,0.19534063912943522,0.05303401651870571,2024.0,0.9693877551020407,56.75524821500364,Medium
952374,The Aviary,movie,5.256,39,24.2891,2022-04-29,"A twisted journey of two women’s desperate flee to escape the clutches of Skylight, an insidious cult. Lured in by the promise of “freedom” in the isolated desert campus called The Aviary, Jillian and Blair join forces to escape in hopes of real freedom. Consumed by fear and paranoia, they can’t shake the feeling that they are being followed by the cult’s leader, Seth, a man as seductive as he is controlling. The more distance the pair gains from the cult, the more Seth holds control of their minds. With supplies dwindling and their senses failing, Jillian and Blair are faced with a horrifying question: how do you run from an enemy who lives inside your head?","Thriller, Drama",2022.0,0.5256000000000001,0.000996244922982604,0.040177247251792544,2022.0,0.9489795918367356,40.82706168023022,Medium
1006462,The Flood,movie,6.153,280,24.3828,2023-07-14,A horde of giant hungry alligators is unleashed on a group of in-transit prisoners and their guards after a massive hurricane floods Louisiana.,"Action, Mystery, Thriller, Horror",2023.0,0.6153,0.007152527652182799,0.04041218285260963,2023.0,0.9591836734693899,44.74696767948365,Medium
4247,Scary Movie,movie,6.386,7605,27.4451,2000-07-07,"A familiar-looking group of teenagers find themselves being stalked by a more-than-vaguely recognizable masked killer! As the victims begin to pile up and the laughs pile on, none of your favorite scary movies escape the razor-sharp satire of this outrageously funny parody!",Comedy,2000.0,0.6386000000000001,0.19426775998160778,0.04809033963363585,2000.0,0.7244897959183696,44.88095791067227,Medium
31250,A Fox's Tale,movie,1.77,23,24.4805,2008-04-17,"The film is about Little Vuk, the son of the legendary fox who proves its excellent mind and courage.","Family, Animation, Adventure",2008.0,0.17700000000000002,0.000587529057143587,0.040657147721337786,2008.0,0.8061224489795933,24.027342515161497,Low
1061474,Superman,movie,7.3,4483,27.5422,2025-07-09,"Superman, a journalist in Metropolis, embarks on a journey to reconcile his Kryptonian heritage with his human upbringing as Clark Kent.","Sci-Fi, Adventure, Action",2025.0,0.73,0.1145170766597696,0.04833380011217736,2025.0,0.979591836734695,52.048854270132836,Medium
27205,Inception,movie,8.4,38854,26.2626,2010-07-15,"Cobb, a skilled thief who commits corporate espionage by infiltrating the subconscious of his targets is offered a chance to regain his old life as payment for a task considered to be impossible: ""inception"", the implantation of another person's idea into a target's subconscious.","Action, Sci-Fi, Adventure",2010.0,0.8400000000000001,0.992515390706823,0.045125437307422384,2010.0,0.8265306122448983,70.88342880518287,High
10703,Seven Swords,movie,6.249,191,26.961,2005-07-25,"In the middle of the 17th century, the Manchus conquered China and founded the Ching dynasty. Due to widespread uprisings against the new rulers, the study and practice of traditional martial arts is forbidden and punishable by death. The unscrupulous leader of a troop of mercenaries takes advantage of this situation to make a fortune with the bounty on his head.","Action, Drama",2005.0,0.6249,0.004879045648453266,0.046876547484697204,2005.0,0.775510204081634,41.54131594429569,Medium
413766,Zombie Prom,movie,6.5,2,24.6408,2006-02-09,"Zombie Prom is a 1950s horror comic book brought to life as a musical comedy film. It is a campy, rollicking, romp through America's ""Atomic Age"" and the ""Golden Age"" of horror comic books. Here's the story...  Set in the fabulous '50s, this is the tale of a sweet teenage girl named, TOFFEE (a Gidget-type) and her ""rebel without a cause"" boyfriend, JONNY. The two meet at Enrico Fermi High School and fall in love, but the principal, MISS DELILAH STRICT (Stalin in pumps and a dress!) intervenes, persuading the indecisive young Toffee to break up with Jonny. Tortured by the betrayal, Jonny drives his motorcycle to the nearby Francis Gary Powers Nuclear Power Plant and flings himself into a nuclear cooling tower! But then he returns as a teenage nuclear zombie","Horror, Comedy",2006.0,0.65,5.108948322987713e-05,0.04105907063287438,2006.0,0.7857142857142883,42.53648891660785,Medium
1624,Liar Liar,movie,6.705,6140,26.1423,1997-03-21,"Forced by his son's birthday wish, fast-talking attorney and habitual liar Fletcher Reede must tell the truth for the next 24 hours.",Comedy,1997.0,0.6705000000000001,0.1568447135157228,0.0448238070749966,1997.0,0.6938775510204103,44.730921432222594,Medium
19995,Avatar,movie,7.6,33624,28.1058,2009-12-16,"In the 22nd century, a paraplegic Marine is dispatched to the moon Pandora on a unique mission, but becomes torn between following orders and protecting an alien civilization.","Action, Adventure, Sci-Fi",2009.0,0.76,0.8589163920606944,0.04974692396084873,2009.0,0.8163265306122476,64.89979693267581,Medium
356320,Paul à Québec,movie,6.826,23,25.6057,2015-09-18,"In 1999, Paul and his partner Julie experienced beautiful moments with their young daughter. They are looking for a house in Montreal and frequently see their family, notably Julie's parents who live in St-Nicolas, a suburb of Quebec City. But the illness has hit Roland hard, the proud and generous patriarch of the family, who tries as best he can to hide the ultimatum he is suffering from his children. Life being what it is, Roland will have to be admitted to a palliative care center while his loved ones, including Paul, will have to come to terms with the idea of ​​his death. In the process, Paul will take up drawing.","Drama, Comedy",2015.0,0.6826,0.000587529057143587,0.04347838078472502,2015.0,0.8775510204081627,45.736338605000626,Medium
628847,Trap House,movie,6.529,240,26.1909,2025-11-14,"An undercover DEA agent and his partner embark on a game of cat and mouse with an audacious, and surprising group of thieves – their own rebellious teenagers, who have begun robbing from a dangerous cartel, using their parents' tactics and top-secret intel to do it.","Action, Crime, Thriller",2025.0,0.6529,0.006130737987585256,0.04494566268011624,2025.0,0.979591836734695,46.72936474804793,Medium
1124566,Sentimental Value,movie,7.5,715,27.8139,2025-08-20,"Sisters Nora and Agnes reunite with their estranged father, the charismatic Gustav, a once-renowned director who offers stage actress Nora a role in what he hopes will be his comeback film. When Nora turns it down, she soon discovers he has given her part to an eager young Hollywood star.",Drama,2025.0,0.75,0.018264490254681076,0.049015038135037575,2025.0,0.979591836734695,50.93742730248828,Medium
1198994,Send Help,movie,7.055,366,25.0236,2026-01-22,"Two colleagues become stranded on a deserted island, the only survivors of a plane crash. On the island, they must overcome past grievances and work together to survive, but ultimately, it's a battle of wills and wits to make it out alive.","Horror, Thriller, Comedy",2026.0,0.7055,0.009349375431067515,0.04201887157196488,2026.0,0.9897959183673493,49.043283307407634,Medium
597,Titanic,movie,7.903,26895,28.7289,1997-12-18,"101-year-old Rose DeWitt Bukater tells the story of her life aboard the Titanic, 84 years later. A young Rose boards the ship with her mother and fiancé. Meanwhile, Jack Dawson and Fabrizio De Rossi win third-class tickets aboard the ship. Rose tells the whole story from Titanic's departure through to its death—on its first and last voyage—on April 15, 1912.","Drama, Romance",1997.0,0.7903,0.6870258257337727,0.05130923316969746,1997.0,0.6938775510204103,60.25625219847761,Medium
1499826,Caring Cabin,movie,0.0,0,21.1456,2025-07-01,"Starring electronic-music pioneer Beverly Glenn-Copeland and conceived by his wife and creative partner Elizabeth, this never-before-seen pilot for an unproduced children’s show is a joyous, colorful kaleidoscope of handmade puppets, eye-whirling archival montage, and Glenn-Copeland’s transcendent music. Though the planned series ultimately never came to fruition due to Glenn-Copeland’s subsequent dementia diagnosis, this small treasure is a testament to the radiant imagination of a singularly serene, inspirational life force who is a beacon to both underground music and the trans community.",Family,2025.0,0.0,0.0,0.03229549633217137,2025.0,0.979591836734695,20.23774666133733,Low
262982,The Hollow Point,movie,5.73,202,17.1823,2016-12-16,"Los Reyes County, Arizona. Leland, a retired lawman, works with Wallace, the new sheriff who replaces him, when a vicious hit man, sent by a Mexican drug cartel, threatens their border small town.","Action, Drama, Thriller, Crime, Western, Adventure, Mystery",2016.0,0.5730000000000001,0.00516003780621759,0.02235824695417402,2016.0,0.887755102040817,41.22546773602418,Medium
680,Pulp Fiction,movie,8.486,29845,24.2995,1994-09-10,"A burger-loving hit man, his philosophical partner, a drug-addled gangster's moll and a washed-up boxer converge in this sprawling, comedic crime caper. Their adventures unfurl in three stories that ingeniously trip back and forth in time.","Thriller, Crime, Comedy",1994.0,0.8486000000000001,0.7623828134978415,0.04020332334836135,1994.0,0.6632653061224509,63.26102885937309,Medium
17657,Ice Station Zebra,movie,6.292,180,17.1508,1968-04-04,"A top-secret Soviet spy satellite -- using stolen Western technology -- malfunctions and then goes into a descent that lands it near an isolated Arctic research encampment called Ice Station Zebra, belonging to the British, which starts sending out distress signals before falling silent. The atomic submarine Tigerfish, commanded by Cmdr. James Ferraday (Rock Hudson), is dispatched to save them.","Action, Adventure, Thriller",1968.0,0.6292,0.004598053490688942,0.02227926646937425,1968.0,0.3979591836734713,33.66473007267069,Low
91751,Cuci,movie,7.0,1,25.1914,2009-01-08,"Four adopted brothers - Jojo (Awie), Fairil (Afdlin Shauki), C'tan (AC Mizal) and Khai (Hans Isaac) - leave their kampung and head to Kuala Lumpur to make it big in the cleaning business. Fairil, the most ambitious of the four, inspires them to enter the Window Washing Olympics for the most coveted contract of all - cleaning the windows of KLCC. But the brothers would have to survive the allure of organiser CJ (Erra Fazira) as well as stiff competition from current champion and contract holder Wira (Khir Rahman) to win the title.",Comedy,2009.0,0.7000000000000001,2.5544741614938566e-05,0.04243959936083476,2009.0,0.8163265306122476,45.17583349429395,Medium
1315303,Primate,movie,6.533,485,24.5828,2026-01-01,"Lucy, a college student, along with her friends, spend their vacation at her family's home in Hawaii, which includes her pet chimpanzee, Ben. However, when Ben contracts rabies after being bitten by a rabid animal, the group must fight for their lives in order to avoid the now-violent chimp.","Horror, Thriller",2026.0,0.6533000000000001,0.012389199683245205,0.040913646248163696,2026.0,0.9897959183673493,46.99397528597517,Medium
1575337,Cosmic Princess Kaguya!,movie,8.313,56,25.8108,2026-01-22,"Iroha's life gets knocked off its orbit when Kaguya, a carefree runaway from the Moon, moves in and convinces her to perform in a virtual world together.","Animation, Fantasy, Music, Sci-Fi",2026.0,0.8313000000000001,0.0014305055304365596,0.04399263149686572,2026.0,0.9897959183673493,53.95638110789305,Medium
557,Spider-Man,movie,7.323,20409,28.5944,2002-05-01,"After being bitten by a genetically altered spider at Oscorp, nerdy but endearing high school student Peter Parker is endowed with amazing powers to become the superhero known as Spider-Man.","Action, Sci-Fi",2002.0,0.7323000000000001,0.5213426316192812,0.05097199903618735,2002.0,0.7448979591836746,55.636251796782865,Medium
1490241,Ulya,movie,0.0,0,18.0453,,"A giant girl lives in a wild rural environment. When the modern world enters this isolated Russian Old Believer milieu, the girl is taken away and dragged into the world of professional sports. The aim does not differ much from that of a circus in the Middle Ages – to entertain audiences and exploit the limits of people’s mental and physical abilities. But the girl proves to have unbelievable willpower and athletic talent. She is able to adapt and triumph in this new world. This is the story of the famous basketball player Ulyana Semyonova.",Drama,,0.0,0.0,0.024522061505989855,2000.0,0.7244897959183696,14.980237148487191,Low
701387,Bugonia,movie,7.4,1650,24.247,2025-10-23,"Two conspiracy obsessed young men kidnap the high-powered CEO of a major company, convinced that she is an alien intent on destroying planet Earth.","Sci-Fi, Thriller, Comedy",2025.0,0.7400000000000001,0.04214882366464864,0.040071689207028416,2025.0,0.979591836734695,50.83624699212746,Medium
617126,The Fantastic 4: First Steps,movie,6.966,3094,23.8464,2025-07-23,"Against the vibrant backdrop of a 1960s-inspired, retro-futuristic world, Marvel's First Family is forced to balance their roles as heroes with the strength of their family bond, while defending Earth from a ravenous space god called Galactus and his enigmatic Herald, Silver Surfer.","Sci-Fi, Adventure, Action",2025.0,0.6966000000000001,0.07903543055661992,0.03906725802573359,2025.0,0.979591836734695,49.81789050634098,Medium
1353333,Mouseboat Massacre,movie,5.661,28,25.0583,2025-05-09,The story follows a young woman battling a drug addiction who suddenly begins to see a mutated mouse human hybrid who infests her life. Those around her begin to drop like flies.,Horror,2025.0,0.5660999999999999,0.0007152527652182798,0.04210587547109351,2025.0,0.979591836734695,43.092259299420135,Medium
553510,Bizet: Carmen,movie,0.0,0,21.7671,2017-03-07,"With a devilish sway of the hips and a hint of Andalusian flair, Carmen, the beautiful cigar-maker sets her sights on a soldier: Don José. Fate will do the rest. Composed to a libretto by Meilhac and Halévy based on Prosper Mérimée’s novella, the opera exploded the boundaries between tragedy and comedy with a modernity that caused a scandal at the time. Can we kill the one we love with love? The fiery beauty of Bizet’s music, where one unforgettable aria follows another, has worked year in, year out to make it the world’s most performed opera.",Drama,2017.0,0.0,0.0,0.033853793833855644,2017.0,0.8979591836734713,18.63625955014654,Low
14001,Dead Silence,movie,6.446,2413,11.1113,2007-03-16,"Jamie returns to his hometown in search of answers to his wife's murder, which occurred after receiving a weird package containing a ventriloquist dummy named Billy, which may be linked to the legend of ventriloquist Mary Shaw. Destined to find out the truth, Jamie goes to the town of Raven's Fair, where Shaw used to perform and is buried. But Jamie is in for more than he expected.",Horror,2007.0,0.6446000000000001,0.06163946151684676,0.007136325582130051,2007.0,0.795918367346939,43.07788308891831,Medium
496243,Parasite,movie,8.494,20287,25.0483,2019-05-30,"All unemployed, Ki-taek's family takes peculiar interest in the wealthy and glamorous Parks for their livelihood until they get entangled in an unexpected incident.","Comedy, Thriller, Drama",2019.0,0.8494,0.5182261731422587,0.04208080230131582,2019.0,0.9183673469387763,63.54948644764703,Medium
14262,Desperate Living,movie,6.4,114,27.1691,1977-05-27,"After killing her husband, Peggy Gravel and her murderous maid Grizelda wind up in the crazy town of Mortville, where Queen Carlotta presides over a sleazy collection of misfits.","Comedy, Crime",1977.0,0.6400000000000001,0.0029121005441029965,0.047398320147771233,1977.0,0.48979591836734926,36.40212678118447,Low
1083637,Kantara - A Legend: Chapter 1,movie,6.985,68,24.5668,2025-10-01,"During the Kadamba reign, King Vijayendra, the ruler of the fictional feudatory land of Bangra, meets his final fate while venturing into the mystical forest of Kantara. Witnessing this, his son Rajashekara seals the borders of their realm. Later, Prince Kulashekara reopens them through a brutal massacre. The protagonist, Berme, in search of prosperity, crosses the divide and ignites a conflict of faith, power, and destiny between the Kingdom and Nature.","Action, Drama, Fantasy",2025.0,0.6985000000000001,0.0017370424298158225,0.040873529176519374,2025.0,0.979591836734695,48.38404816682061,Medium
575265,Mission: Impossible - The Final Reckoning,movie,7.2,2641,24.5043,2025-05-17,"Ethan Hunt and team continue their search for the terrifying AI known as the Entity — which has infiltrated intelligence networks all over the globe — with the world's governments and a mysterious ghost from Hunt's past on their trail. Joined by new allies and armed with the means to shut the Entity down for good, Hunt is in a race against time to prevent the world as we know it from changing forever.","Action, Thriller, Adventure",2025.0,0.7200000000000001,0.06746366260505275,0.04071682186540873,2025.0,0.979591836734695,50.55544642410313,Medium
571756,Leberkäsjunkie,movie,6.933,105,21.6049,2019-08-01,"While dealing with a burnt-down house, smelly diapers and brutal lack of sleep, a Lower Bavarian police officer faces his worst adversary: cholesterol.","Comedy, Crime",2019.0,0.6933,0.0026821978695685494,0.03344710702006129,2019.0,0.9183673469387763,46.82193303656812,Medium
1646787,Sundutan,movie,4.0,1,27.5659,2026-03-06,"A hole on the wall accidentally connects two women emotionally and physically. Forbidden love, greed, betrayal... what lies beyond the hole? And for how long can they keep covering it up?",Drama,2026.0,0.4,2.5544741614938566e-05,0.04839322352455051,2026.0,0.9897959183673493,36.764293732670296,Low
1291608,Dhurandhar,movie,6.9,218,31.7046,2025-12-05,"A mysterious traveler slips into the heart of Karachi's underbelly and rises through its ranks with lethal precision, only to tear the notorious ISI-Underworld nexus apart from within.","Action, Crime, Thriller",2025.0,0.6900000000000001,0.0055687536720566075,0.058770256300448784,2025.0,0.979591836734695,48.478616934144014,Medium
1317672,Love Me Love Me,movie,5.555,173,22.1523,2026-02-12,"After her brother's death, June moves to Milan for a fresh start, finding comfort in Will, the perfect honor student at her new international school. But when his troubled best friend James—hiding a dangerous life in clandestine MMA fights—sparks a rivalry that quickly turns into irresistible attraction, June must choose between safety and a love that upends everything she thought she wanted.","Romance, Drama",2026.0,0.5555,0.004419240299384372,0.034819612333692795,2026.0,0.9897959183673493,42.80069542000853,Medium
1095885,SHARE?,movie,5.5,22,21.6862,2023-11-10,"A man awakens stripped of all of his possessions and trapped in a bare room. Aided by a primitive computer, he must learn to survive in his new isolated existence where entertainment is the only currency.","Thriller, Sci-Fi",2023.0,0.55,0.0005619843155286484,0.033650951890354025,2023.0,0.9591836734693899,41.86793219350545,Medium
1197306,A Working Man,movie,6.687,1815,22.6058,2025-03-26,"Levon Cade left behind a decorated military career in the black ops to live a simple life working construction. But when his boss's daughter, who is like family to him, is taken by human traffickers, his search to bring her home uncovers a world of corruption far greater than he ever could have imagined.","Action, Crime, Thriller",2025.0,0.6687000000000001,0.0463637060311135,0.03595668058311166,2025.0,0.979591836734695,47.986244466978405,Medium
1249508,Grizzly Night,movie,0.0,0,22.7624,2026-07-02,"On August 12, 1967, in Montana's Glacier National Park, the unthinkable happened: that same night, nine miles apart, there were not one—but two—fatal grizzly bear attacks.","Horror, Thriller, Drama",2026.0,0.0,0.0,0.0363493264218305,2026.0,0.9897959183673493,20.522904895783597,Low
1007734,Nobody 2,movie,6.966,1345,25.2754,2025-08-13,"Former assassin Hutch Mansell takes his family on a nostalgic vacation to a small-town theme park, only to be pulled back into violence when they clash with a corrupt operator, a crooked sheriff, and a ruthless crime boss.","Action, Thriller",2025.0,0.6966000000000001,0.03435767747209237,0.04265021398696747,2025.0,0.979591836734695,48.99599456387511,Medium
1396888,Celestina: Burlesk Dancer,movie,3.0,4,27.5649,2024-12-04,"Set in the Philippines during the 1940's, Celestina is a story about a woman, a burlesk dancer, who struggles to provide for her family while her husband is a gambling and womanizing drunkard. Despite the hardships, Celestina perseveres and finds strength in her love for her son.","Drama, Romance",2024.0,0.30000000000000004,0.00010217896645975426,0.04839071620757275,2024.0,0.9693877551020407,32.35761300552147,Low
795615,The Feast,movie,5.7,85,20.2037,2021-11-19,"A wealthy family hosts a sumptuous dinner, only for a mysterious young server to chillingly unravel their lives with terrifying consequences they could never see coming.","Horror, Thriller",2021.0,0.5700000000000001,0.0021713030372697783,0.02993385447080944,2021.0,0.9387755102040813,42.21761335424322,Medium
1600672,EVANGELION 30th Anniversary Special Screening,movie,7.7,3,21.9443,2026-02-21,A short film celebrating the 30th anniversary of Neon Genesis Evangelion starring both the classic and Rebuild iterations of Asuka. The short comedically explores alternate timelines.,"Animation, Sci-Fi, Comedy",2026.0,0.77,7.66342248448157e-05,0.03429809040231656,2026.0,0.9897959183673493,51.28341285989022,Medium
36304,Village of Dreams,movie,5.9,10,32.9027,1996-07-13,"Tells of the childhood of two nine-year-old twins in a rural village in Japan after World War 2. Includes the boys relationships with their schoolteacher mother, civil servant father, elderly landlord, a rough new boy at the school, and three mysterious spirits in the form of old women.","Family, Drama",1996.0,0.5900000000000001,0.0002554474161493857,0.06177427277151548,1996.0,0.683673469387756,38.51406379150843,Low
671,Harry Potter and the Philosopher's Stone,movie,7.898,29269,22.1749,2001-11-16,"Harry Potter has lived under the stairs at his aunt and uncle's house his whole life. But on his 11th birthday, he learns he's a powerful wizard—with a place waiting for him at the Hogwarts School of Witchcraft and Wizardry. As he learns to harness his newfound powers with the help of the school's kindly headmaster, Harry uncovers the truth about his parents' deaths—and about the villain who's to blame.","Adventure, Fantasy",2001.0,0.7898000000000001,0.7476690423276369,0.034876277697390407,2001.0,0.7346938775510203,61.93678395152096,Medium
475557,Joker,movie,8.1,27430,21.1055,2019-10-01,"During the 1980s, a failed stand-up comedian is driven insane and turns to a life of crime and chaos in Gotham City while becoming an infamous psychopathic crime figure.","Crime, Thriller, Drama",2019.0,0.81,0.7006922624977648,0.03219495292136276,2019.0,0.9183673469387763,65.42509124715808,Medium
13,Forrest Gump,movie,8.463,29385,21.9799,1994-06-23,"A man with a low IQ has accomplished great things in his life and been present during significant historic events—in each case, far exceeding what anyone imagined he could do. But despite all he has achieved, his one true love eludes him.","Comedy, Drama, Romance",1994.0,0.8462999999999999,0.7506322323549698,0.03438735088672519,1994.0,0.6632653061224509,62.81769778728291,Medium
950387,A Minecraft Movie,movie,6.3,2855,22.8462,2025-03-31,"Four misfits find themselves struggling with ordinary problems when they are suddenly pulled through a mysterious portal into the Overworld: a bizarre, cubic wonderland that thrives on imagination. To get back home, they'll have to master this world while embarking on a magical quest with an unexpected, expert crafter, Steve.","Family, Fantasy, Comedy, Adventure",2025.0,0.63,0.07293023731064961,0.03655943958456766,2025.0,0.979591836734695,46.981630272598245,Medium
424,Schindler's List,movie,8.6,17219,18.7747,1993-12-15,The true story of how businessman Oskar Schindler saved over a thousand Jewish lives from the Nazis while they worked as slaves in his factory during World War II.,"Drama, History, War",1993.0,0.86,0.43985490586762716,0.026350898509575563,1993.0,0.6530612244897966,56.785340577339994,Medium
1087192,How to Train Your Dragon,movie,7.929,2672,21.9193,2025-06-06,"On the rugged isle of Berk, where Vikings and dragons have been bitter enemies for generations, Hiccup stands apart, defying centuries of tradition when he befriends Toothless, a feared Night Fury dragon. Their unlikely bond reveals the true nature of dragons, challenging the very foundations of Viking society.","Fantasy, Family, Action, Adventure",2025.0,0.7929,0.06825554959511584,0.03423540747787229,2025.0,0.979591836734695,53.357655876153665,Medium
129,Spirited Away,movie,8.534,18073,25.2324,2001-07-20,"A young girl, Chihiro, becomes trapped in a strange new world of spirits. When her parents undergo a mysterious transformation, she must call upon the courage she never knew she had to free her family.","Animation, Family, Fantasy",2001.0,0.8534000000000002,0.4616701152067847,0.04254239935692333,2001.0,0.7346938775510203,58.914127842294576,Medium
533535,Deadpool & Wolverine,movie,7.6,8373,23.1756,2024-07-24,"A listless Wade Wilson toils away in civilian life with his days as the morally flexible mercenary, Deadpool, behind him. But when his homeworld faces an existential threat, Wade must reluctantly suit-up again with an even more reluctant Wolverine.","Action, Comedy, Sci-Fi",2024.0,0.76,0.2138861215418806,0.03738534979704522,2024.0,0.9693877551020407,54.813184528819335,Medium
603,The Matrix,movie,8.2,27526,23.4369,1999-03-31,"Set in the 22nd century, The Matrix tells the story of a computer hacker who joins a group of underground insurgents fighting the vast and powerful computers who now rule the earth.","Action, Sci-Fi",1999.0,0.82,0.7031445576927989,0.038040511723336626,1999.0,0.7142857142857153,61.90941567403703,Medium
808,Shrek,movie,7.758,18498,23.743,2001-05-18,"It ain't easy bein' green -- especially if you're a likable (albeit smelly) ogre named Shrek. On a mission to retrieve a gorgeous princess from the clutches of a fire-breathing dragon, Shrek teams up with an unlikely compatriot -- a wisecracking donkey.","Animation, Comedy, Fantasy, Adventure, Family",2001.0,0.7758,0.4725266303931336,0.03880800145023214,2001.0,0.7346938775510203,55.95257018788773,Medium
468816,The Rising Hawk,movie,5.859,145,14.6275,2019-10-10,"During the 13th century, a small village fights for freedom in the frontier landscape of the Carpathian Mountains against Mongolian invaders.","Action, History, Drama",2019.0,0.5859,0.003703987534166092,0.01595255353936625,2019.0,0.9183673469387763,42.196477760246175,Medium
337170,American Made,movie,6.9,4903,59.6098,2017-08-18,"The true story of pilot Barry Seal, who transported contraband for the CIA and the Medellin cartel in the 1980s.","Action, Comedy, Crime, Drama",2017.0,0.6900000000000001,0.12524586813804378,0.12873743802852675,2017.0,0.8979591836734713,50.63884979680084,Medium
76600,Avatar: The Way of Water,movie,7.6,13844,23.4147,2022-12-14,"Set more than a decade after the events of the first film, learn the story of the Sully family (Jake, Neytiri, and their kids), the trouble that follows them, the lengths they go to keep each other safe, the battles they fight to stay alive, and the tragedies they endure.","Action, Adventure, Sci-Fi",2022.0,0.76,0.3536414029172095,0.03798484928643012,2022.0,0.9489795918367356,57.21211688080751,Medium
1223601,Sisu: Road to Revenge,movie,7.318,603,22.4607,2025-10-21,"Returning to the house where his family was brutally murdered during the war, ""the man who refuses to die"" dismantles it, loads it on a truck, and is determined to rebuild it somewhere safe in their honor. When the commander who killed his family comes back hellbent on finishing the job, a relentless, eye-popping cross-country chase ensues.","Action, War",2025.0,0.7318,0.015403479193807955,0.03559286888963718,2025.0,0.979591836734695,49.88376369636281,Medium
1175942,The Bad Guys 2,movie,7.7,705,21.8071,2025-07-24,"The now-reformed Bad Guys are trying (very, very hard) to be good, but instead find themselves hijacked into a high-stakes, globe-trotting heist, masterminded by a new team of criminals they never saw coming: The Bad Girls.","Family, Comedy, Crime, Adventure, Animation",2025.0,0.77,0.018009042838531688,0.033954086512966455,2025.0,0.979591836734695,51.43109932172387,Medium
1310568,Murder at the Embassy,movie,5.8,37,20.3019,2025-11-14,"1934. Private detective Miranda Green investigates a murder perpetrated in the British Embassy in Cairo, where a top secret document was stolen, risking to jeopardize both Buckingham Palace and the peace of the world. All those present in this closed place are suspected: the American photographer, the English student, the American actress, the Egyptian security guard, the ambassador interpreter, the Egyptian gardener and - why not? — the Ambassador himself. But who would have expected that a small group of Nazis would be behind a plot, risking to jeopardize both Buckingham Palace and the peace of the world?","Mystery, Thriller, Action",2025.0,0.58,0.0009451554397527269,0.030180072998026487,2025.0,0.979591836734695,43.41434130344948,Medium
872585,Oppenheimer,movie,8.033,11486,21.3415,2023-07-19,The story of J. Robert Oppenheimer's role in the development of the atomic bomb during World War II.,"Drama, History",2023.0,0.8033,0.29340690218918436,0.03278667972811658,2023.0,0.9591836734693899,57.83954510773383,Medium
950396,The Gorge,movie,7.618,3509,22.5284,2025-02-13,"Two highly trained operatives grow close from a distance after being sent to guard opposite sides of a mysterious gorge. When an evil below emerges, they must work together to survive what lies within.","Romance, Sci-Fi, Thriller",2025.0,0.7618,0.08963649832681943,0.03576261424903224,2025.0,0.979591836734695,52.571818986210936,Medium
737783,Cecile,movie,0.0,0,19.6501,1977-05-30,"In 1882, Colonel St. Arnaud traveled to the Harz Mountains with his wife Cecile to forget a duel that had fatal consequences and forced St. Arnaud to resign from the army. Cecile was the catalyst for this duel. During their stay at the spa, the couple meets the young officer von Gordon. Cecile and Gordon develop feelings for each other, which Arnaud supports with mocking arrogance. Gordon is called away at short notice. The romance is over. In Berlin, however, Gordon seeks out Cecile again. They see each other more and more often until Cecile, panicked by Gordon's possessiveness and her own feelings, breaks up with him. In a fit of jealousy, Gordon compromises Cecile in public. Arnaud challenges him to a duel and kills him. Cecile commits suicide. Arnaud's message, asking her to forget the unfortunate incident on a trip together, no longer reaches her.",TV Movie,1977.0,0.0,0.0,0.028545803791915753,1977.0,0.48979591836734926,10.3668344431853,Low
1401281,The Testament of Ann Lee,movie,6.66,75,17.422,2025-12-25,"Ann Lee, the founding leader of the Shaker Movement, proclaimed as the female Christ by her followers. Depicts her establishment of a utopian society and the Shakers’ worship through song and dance, based on real events.","History, Drama, Music",2025.0,0.666,0.0019158556211203925,0.022959250833745577,2025.0,0.979591836734695,46.72933886379123,Medium
1555951,Salikmata,movie,3.333,3,18.4939,2025-10-22,"In a remote town full of secrets and mysteries, a young man faces controversy after his secret relationship with a politician’s daughter is exposed. He must confront harsh consequences filled with deception, revenge, and unexplained events.",Thriller,2025.0,0.33330000000000004,7.66342248448157e-05,0.025646843902217647,2025.0,0.979591836734695,33.43830629723515,Low
507244,Afterburn,movie,6.359,223,20.6249,2025-08-20,"Set against the backdrop of a postapocalyptic Earth whose Eastern Hemisphere was destroyed by a massive solar flare, leaving what life remains mutated from radiation and fallout. The story revolves around a group of treasure hunters who extract such objects as the Mona Lisa, the Rosetta Stone and the Crown Jewels while facing rival hunters, mutants and pirates.","Action, Sci-Fi, Comedy",2025.0,0.6359,0.0056964773801313,0.030989936381846325,2025.0,0.979591836734695,45.761565009933456,Medium
639988,No Other Choice,movie,7.561,829,22.1998,2025-09-24,"After being laid off and humiliated by a ruthless job market, a veteran paper mill manager descends into violence in a desperate bid to reclaim his dignity.","Comedy, Crime, Thriller",2025.0,0.7561,0.021176590798784072,0.03493870989013689,2025.0,0.979591836734695,50.958142748472326,Medium
1406657,Scarlet,movie,6.286,28,21.7506,2025-11-21,"After failing to avenge her father's murder, Princess Scarlet, wakes up in the ""Land of the Dead."" In this world filled with madness, if she does not achieve her revenge against her nemesis and reach the ""No End Place,"" she will become ""Void"" and cease to exist. Can Scarlet find a way to live at the end of her endless journey?","Animation, Action, Drama, Sci-Fi",2025.0,0.6286,0.0007152527652182798,0.03381242310372243,2025.0,0.979591836734695,45.42639025207272,Medium
4232,Scream,movie,7.427,7776,22.1785,1996-12-20,"A year after the murder of her mother, a teenage girl is terrorized by a masked killer who targets her and her friends by using scary movies as part of a deadly game.","Crime, Horror, Mystery",1996.0,0.7427,0.1986359107977623,0.03488530403851038,1996.0,0.683673469387756,48.051893684480575,Medium
550,Fight Club,movie,8.438,31626,21.3871,1999-10-15,"A ticking-time-bomb insomniac and a slippery soap salesman channel primal male aggression into a shocking new form of therapy. Their concept catches on, with underground ""fight clubs"" forming in every town, until an eccentric gets in the way and ignites an out-of-control spiral toward oblivion.","Drama, Thriller",1999.0,0.8438000000000001,0.807877998314047,0.032901013382302904,1999.0,0.7142857142857153,64.85329451964131,Medium
980477,Ne Zha 2,movie,8.122,622,21.368,2025-01-29,"After a catastrophic event leaves their bodies destroyed, Ne Zha and Ao Bing are granted a fragile second chance at life. As tensions rise between the dragon clans and celestial forces, the two must undergo a series of perilous trials that will test their bond, challenge their identities, and decide the fate of both mortals and immortals.","Animation, Fantasy, Adventure, Action",2025.0,0.8122,0.015888829284491788,0.03285312362802749,2025.0,0.979591836734695,53.054675792944295,Medium
1242501,Icefall,movie,6.419,142,18.8882,2025-10-16,"A young Indigenous game warden arrests an infamous poacher only to discover that the poacher knows the location of a plane carrying millions of dollars that has crashed in a frozen lake. When a group of criminals and dirty cops are alerted to the poacher’s whereabouts, the warden and the poacher team up to fight back and escape across the treacherous lake before the ice melts.","Action, Crime, Thriller",2025.0,0.6419,0.0036273533093212763,0.026635478986552507,2025.0,0.979591836734695,45.87309338061138,Medium
1588846,Ekis,movie,6.25,4,19.3227,2025-12-19,"Erik Matti’s classic Ekis gets a bold reboot with an all-girls ensemble led by Angela Morena, Cheena Dizon, and Aliya Raymundo. A crew of female thugs launches a kidnap-for-ransom plot, but when things go wrong, escaping the chaos becomes impossible.",Drama,2025.0,0.625,0.00010217896645975426,0.027724908213393736,2025.0,0.979591836734695,45.14837847829097,Medium
372058,Your Name.,movie,8.479,12356,20.3149,2016-08-26,"High schoolers Mitsuha and Taki are complete strangers living separate lives. But one night, they suddenly switch places. Mitsuha wakes up in Taki’s body, and he in hers. This bizarre occurrence continues to happen randomly, and the two must adjust their lives around each other.","Animation, Romance, Drama",2016.0,0.8479,0.3156308273941809,0.030212668118737507,2016.0,0.887755102040817,58.587971951074714,Medium
44399,Blood and Sand,movie,6.5,65,20.0334,1941-05-30,"Bullfighter Juan Gallardo falls for socialite Dona Sol, turning from the faithful Carmen who nevertheless stands by her man as he continues to face real danger in the bullring.","Drama, Romance",1941.0,0.65,0.0016604082049710067,0.029506858389495145,1941.0,0.12244897959183731,29.072324923726068,Low
20304,Never Die Alone,movie,5.5,130,13.8932,2004-03-26,A drug kingpin's rise and tragic fall is witnessed vicariously by a reporter who uses the criminal's diary as the basis for his new book.,"Action, Crime, Drama, Thriller",2004.0,0.55,0.0033208164099420134,0.014111430682589469,2004.0,0.7653061224489797,37.65476739083022,Low
638460,Kasganj,movie,0.0,0,17.7672,2019-04-12,"A brooding, alcoholic police officer with a painful past is sent, against his will, to a government guest house high up in the icy cold, mountains of Himachal Pradesh to investigate the death of a 17 year old girl. The case, reported as a wolf attack, turns out to be a murder. The girl was shot in the head before being eaten by the wolves. All 5 inhabitants of the resoprt are suspects, with each one having an alibi. To the horror of Daljeet, the police officer, this also happens to be a dry resort without any access to alcohol for miles all around. As the the layers of the story start to unravel, the officer has to fight his own frail health and withdrawal from alcohol addiction to find the murderer before it is too late. The only sliver of hope is the one single witness- the murdered girl herself.","Drama, Crime",2019.0,0.0,0.0,0.02382477665447191,2019.0,0.9183673469387763,18.843842471864967,Low
769,GoodFellas,movie,8.452,14113,19.0961,1990-09-12,"The true story of Henry Hill, a half-Irish, half-Sicilian Brooklyn kid who is adopted by neighbourhood gangsters at an early age and climbs the ranks of a Mafia family under the guidance of Jimmy Conway.","Drama, Crime",1990.0,0.8452000000000001,0.36051293841162796,0.027156750186230965,1990.0,0.6224489795918373,54.01037336379393,Medium
711651,Beginner's Luck,movie,0.0,0,13.4241,2021-09-10,"Holly Dorfer is a grifter. Her life has been a series of let downs. She finally believes she's hit the big time with her new young, rich and handsome husband. But it turns out he was a bigger con than she. When he comes to an untimely death, Holly is left with nothing but half a lottery ticket. The other half of the ticket is in the hands of Eric Beck; he just doesn't know he has it. And it's a winning ticket. It's up to to Holly to convince the unemployed Eric to take her on a road trip where she plans to relieve him of his half of the ticket and collect the winnings. All appears to be going to plan until she falls in love with the unemployed novelist.",Romance,2021.0,0.0,0.0,0.012935248288317377,2021.0,0.9387755102040813,19.034215169847975,Low
1589891,A Time for Bravery,movie,7.5,84,19.3721,2025-12-18,"A psychoanalyst on community service aids an agent shattered by infidelity; together, they will confront danger and discover second chances.","Comedy, Action",2025.0,0.75,0.0021457582956548394,0.027848769672095593,2025.0,0.979591836734695,50.19172729404892,Medium
807,Se7en,movie,8.4,22775,24.5942,1995-09-22,"Two homicide detectives are on a desperate hunt for a serial killer whose crimes are based on the ""seven deadly sins"" in this dark and haunting film that takes viewers from the tortured remains of one victim to the next. The seasoned Det. Somerset researches each sin in an effort to get inside the killer's mind, while his novice partner, Mills, scoffs at his efforts to unravel the case.","Crime, Mystery, Thriller",1995.0,0.8400000000000001,0.5817814902802259,0.04094222966171028,1995.0,0.6734693877551017,59.52386215394077,Medium
519182,Despicable Me 4,movie,7.0,3107,21.7361,2024-06-20,"Gru and Lucy and their girls—Margo, Edith and Agnes—welcome a new member to the Gru family, Gru Jr., who is intent on tormenting his dad. Gru also faces a new nemesis in Maxime Le Mal and his femme fatale girlfriend Valentina, forcing the family to go on the run.","Family, Comedy, Animation, Sci-Fi, Action",2024.0,0.7000000000000001,0.07936751219761412,0.03377606700754476,2024.0,0.9693877551020407,49.650626686144,Medium
1258151,Kraken,movie,6.283,46,20.5304,2025-04-17,"A Russian missile submarine disappears without trace during a secret mission in the Greenland Sea. A vessel is deployed to search for it, captained by the brother of the missing submarine’s commander. The search crew is tasked with locating the submarine and preventing a top-secret weapon from falling into enemy hands. Meanwhile, a geological research operation at the North Pole awakens the Kraken, a giant deep-water monster with an incredible ability to camouflage and an uncanny intelligence. As the search party narrows in on the missing submarine, they will encounter the legendary creature of the deep.","Sci-Fi, Adventure, Drama",2025.0,0.6283000000000001,0.001175058114287174,0.030752994927447024,2025.0,0.979591836734695,45.362397795528594,Medium
88651,Number One Fan,movie,2.333,6,13.01,1995-09-26,A movie star is being stalked by a one-night stand.,Thriller,1995.0,0.23330000000000004,0.0001532684496896314,0.01189696832782267,1995.0,0.6734693877551017,23.04239249065228,Low
240,The Godfather Part II,movie,8.572,13697,18.3011,1974-12-20,"In the continuing saga of the Corleone crime family, a young Vito Corleone grows up in Sicily and in 1910s New York. In the 1950s, Michael Corleone attempts to expand the family business into Las Vegas, Hollywood and Cuba.","Drama, Crime",1974.0,0.8572,0.34988632589981356,0.02516343318890352,1974.0,0.45918367346938993,50.972668651162145,Medium
1497970,Tom and Jerry: Forbidden Compass,movie,5.775,20,19.1298,2025-08-02,"During a chase inside a museum, Tom and Jerry find a magical object and end up being transported through time. Lost in a distant era, they will need to work together to find a way back home.","Animation, Comedy, Family, Fantasy, Adventure",2025.0,0.5775,0.0005108948322987714,0.02724124676838183,2025.0,0.979591836734695,43.24687956670751,Medium
1517988,Making the Grade,movie,0.0,0,20.487,1929-02-17,"Based on George Ade's story about a wealthy young man whose life is changed by his love for a gardener's daughter, transforming him into a more compassionate person.","Comedy, Romance",1929.0,0.0,0.0,0.030644177370611782,1929.0,0.0,0.6128835474122357,Low
324857,Spider-Man: Into the Spider-Verse,movie,8.4,16963,20.8382,2018-12-06,"Struggling to find his place in the world while juggling school and family, Brooklyn teenager Miles Morales is unexpectedly bitten by a radioactive spider and develops unfathomable powers just like the one and only Spider-Man. While wrestling with the implications of his new abilities, Miles discovers a super collider created by the madman Wilson ""Kingpin"" Fisk, causing others from across the Spider-Verse to be inadvertently transported to his dimension.","Animation, Action, Adventure, Sci-Fi",2018.0,0.8400000000000001,0.4333154520142029,0.03152474709320474,2018.0,0.908163265306122,61.060069288270604,Medium
556073,Monkey King Looks West,movie,0.0,0,12.5068,1992-07-10,"This colorful production contrasts the rich heritage of Chinese opera with the day-to-day realities of its emigréperformers in New York's Chinatown. It depicts the efforts of three classically-trained opera artists to keep alive their revered art form for the generation of young Chinese-Americans who would otherwise not be exposed to their tradition.In the time-worn pattern of immigrant life, they spend their days grinding out a living. In their spare time each performs and teaches Chinese opera. Scenes from the classic work Monkey King Looks West stand as a metaphor for cultural survival.",Documentary,1992.0,0.0,0.0,0.010635286424608616,1992.0,0.6428571428571423,13.069848585635018,Low
361743,Top Gun: Maverick,movie,8.154,10671,19.705,2022-05-21,"After more than thirty years of service as one of the Navy’s top aviators, and dodging the advancement in rank that would ground him, Pete “Maverick” Mitchell finds himself training a detachment of TOP GUN graduates for a specialized mission the likes of which no living pilot has ever seen.","Action, Drama",2022.0,0.8154,0.27258793777300944,0.028683455493995345,2022.0,0.9489795918367356,57.62101970207482,Medium
569094,Spider-Man: Across the Spider-Verse,movie,8.333,8352,20.1093,2023-05-31,"After reuniting with Gwen Stacy, Brooklyn’s full-time, friendly neighborhood Spider-Man is catapulted across the Multiverse, where he encounters the Spider Society, a team of Spider-People charged with protecting the Multiverse's very existence. But when the heroes clash on how to handle a new threat, Miles finds himself pitted against the other Spiders and must set out on his own to save those he loves most.","Animation, Action, Adventure, Sci-Fi",2023.0,0.8333,0.21334968196796691,0.029697163748107918,2023.0,0.9591836734693899,57.376610383709306,Medium
105,Back to the Future,movie,8.325,21494,19.4024,1985-07-03,"Eighties teenager Marty McFly is accidentally sent back in time to 1955, inadvertently disrupting his parents' first meeting and attracting his mother's romantic interest. Marty must repair the damage to history by rekindling his parents' romance and - with the help of his eccentric inventor friend Doc Brown - return to 1985.","Adventure, Comedy, Sci-Fi",1985.0,0.8325,0.5490586762714895,0.027924741376522035,1985.0,0.571428571428573,56.268239781531705,Medium
10184,He's Just Not That Into You,movie,6.627,3997,20.334,2009-02-06,"Have you ever wondered why they said they would call but didn't, or why they don't want to sleep with you anymore, or why your relationship isn't going to the next level? Maybe they're just not that into you. Gigi wants a man who says he'll call her - and actually does - while Alex advises her to stop waiting by the phone. Beth wants a proposal after years of a committed relationship with her boyfriend, Neil, who is just fine with the way things are. Janine's not sure if she can trust her husband, Ben, who can't quite trust himself around Anna. Anna can't decide between the sexy married guy or her straightforward, no-sparks standby, Conor, who can't get over the fact that he can't have her. And Mary, who's found an entire network of loving, supportive men, just needs to find one who's straight.","Comedy, Romance, Drama",2009.0,0.6627000000000001,0.10210233223490944,0.030260557873012916,2009.0,0.8163265306122476,45.481788414403404,Medium
1429605,F Valentine's Day,movie,6.3,57,19.5104,2026-02-12,"Gina hates her Valentine's Day birthday and travels to Greece to prevent her boyfriend's proposal. With help from vacationers Johnny and his sister Mickey, she schemes to delay it – while questioning her relationship.","Romance, Comedy",2026.0,0.63,0.0014560502720514983,0.028195531610121238,2026.0,0.9897959183673493,45.588950004990444,Medium
1428862,Firebreak,movie,6.186,86,18.6641,2026-02-19,"Little Lide disappears in the forest while her family packs up their home. As a fire breaks out, her mother must race to reach her before the flames do.","Thriller, Drama",2026.0,0.6186,0.0021968477788847167,0.02607358925183417,2026.0,0.9897959183673493,45.105327107961365,Medium
497,The Green Mile,movie,8.505,18957,19.1345,1999-12-10,"A supernatural tale set on death row in a Southern prison, where gentle giant John Coffey possesses the mysterious power to heal people's ailments. When the cell block's head guard, Paul Edgecomb, recognizes Coffey's miraculous gift, he tries desperately to help stave off the condemned man's execution.","Fantasy, Drama, Crime",1999.0,0.8505000000000001,0.4842516667943904,0.027253031158177347,1999.0,0.7142857142857153,58.535808244765676,Medium
1267319,Mantis,movie,6.267,150,19.6558,2025-09-25,"The secret society of contract killers falls into chaos, unleashing a new breed of assassins. With old rules in ruins, who dares claim the shadows?","Action, Crime, Thriller",2025.0,0.6267,0.003831711242240785,0.028560095498689046,2025.0,0.979591836734695,45.3076728695125,Medium
181808,Star Wars: The Last Jedi,movie,6.757,16156,21.0541,2017-12-13,"Rey develops her newly discovered abilities with the guidance of Luke Skywalker, who is unsettled by the strength of her powers. Meanwhile, the Resistance prepares to do battle with the First Order.","Adventure, Action, Sci-Fi",2017.0,0.6757,0.4127008455309475,0.03206607682870537,2017.0,0.8979591836734713,53.88252212066249,Medium
1389149,Accused,movie,5.2,56,18.9897,2026-02-27,"When a celebrated queer doctor in London is accused of sexual misconduct, her life unravels. Now under a storm of suspicion and scrutiny, her marriage fractures and the truth blurs. Her wife must decide whether to walk away, or fight for the woman the world is turning against.","Thriller, Mystery, Drama",2026.0,0.52,0.0014305055304365596,0.0268899716597962,2026.0,0.9897959183673493,41.16232791115164,Medium
1205225,Gates of Flesh,movie,5.889,36,19.7545,2025-04-08,"A group of friends attempt to escape the city after an outbreak of demon-possessions. The friends seek shelter in an abandoned church, but their plans for escape are ruined when one of them becomes possessed.","Horror, Thriller, Action",2025.0,0.5889000000000001,0.0009196106981377884,0.028807567684394988,2025.0,0.979591836734695,43.742380302344564,Medium
862,Toy Story,movie,8.0,19647,19.2973,1995-11-22,"Led by Woody, Andy's toys live happily in his room until Andy's birthday brings Buzz Lightyear onto the scene. Afraid of losing his place in Andy's heart, Woody plots against Buzz. But when circumstances separate Buzz and Woody from their owner, the duo eventually learns to put aside their differences.","Family, Comedy, Animation, Adventure",1995.0,0.8,0.501877538508698,0.02766122236215837,1995.0,0.6734693877551017,56.060162972519166,Medium
1241982,Moana 2,movie,6.998,2979,19.2581,2024-11-21,"After receiving an unexpected call from her wayfinding ancestors, Moana journeys alongside Maui and a new crew to the far seas of Oceania and into dangerous, long-lost waters for an adventure unlike anything she's ever faced.","Animation, Adventure, Family, Comedy, Fantasy",2024.0,0.6998000000000001,0.07609778527090198,0.02756293553662977,2024.0,0.9693877551020407,49.45296951819145,Medium
226674,The Adolescent,movie,4.3,12,22.9806,1979-01-24,"In the summer of 1939, 13-year-old Marie goes with her parents to visit her grandparents in a small town near Avignon. Marie discovers her femininity and falls for a young Jewish doctor, but he prefers Eva, Marie's mother.",Drama,1979.0,0.43,0.0003065368993792628,0.036896422986380004,1979.0,0.5102040816326543,28.148140830368273,Low
315635,Spider-Man: Homecoming,movie,7.329,22938,21.8508,2017-07-05,"Following the events of Captain America: Civil War, Peter Parker, with the help of his mentor Tony Stark, tries to balance his life as an ordinary high school student in Queens, New York City, with fighting crime as his superhero alter ego Spider-Man as a new threat, the Vulture, emerges.","Action, Adventure, Sci-Fi",2017.0,0.7329,0.5859452831634608,0.034063656264895034,2017.0,0.8979591836734713,59.67536246203655,Medium
1022789,Inside Out 2,movie,7.548,6525,19.6219,2024-06-11,"Teenager Riley's mind headquarters is undergoing a sudden demolition to make room for something entirely unexpected: new Emotions! Joy, Sadness, Anger, Fear and Disgust, who’ve long been running a successful operation by all accounts, aren’t sure how to feel when Anxiety shows up. And it looks like she’s not alone.","Animation, Adventure, Comedy, Family",2024.0,0.7548,0.16667943903747415,0.028475097453142636,2024.0,0.9693877551020407,53.482845831853155,Medium
62201,Shahenshah,movie,6.3,25,19.5302,1988-01-29,"Inspector Srivastav is framed by a wily and cunning gangster, J.K., and unable to prove his innocence, hangs himself, leaving behind his wife, and son, Vijay. Years later, Vijay has grown up and has joined the police force as an Inspector. Unlike his dad, he is corrupt and does accept bribes to turn a nelson's eye to crime. The City Police are assigned the task of apprehending a customed man called ""Shahenshah"", who operates at night and targets, tries and kills gangsters in a ""Judge and Executioner ""style. No one knows the real identity of Shahenshah, as he is feared by the police department, and respected by the poor and middle-class.",Action,1988.0,0.63,0.0006386185403734642,0.028245176486281092,1988.0,0.6020408163265323,37.818492227063736,Low
1317149,I Swear,movie,8.3,121,19.2965,2025-09-22,"Diagnosed with Tourette Syndrome at 15, John Davidson navigates his way against the odds through troubled teenage years and into adulthood, finding inspiration in the kindness of others to discover his true purpose in life.",Drama,2025.0,0.8300000000000001,0.0030909137354075663,0.027659216508576157,2025.0,0.979591836734695,53.40683933957359,Medium
991708,El Conde,movie,6.157,338,60.0822,2023-09-07,"After living for over two centuries, Augusto Pinochet is a vampire ready to die… but the vultures around him won't let him go without one last bite.","Fantasy, Comedy, Horror",2023.0,0.6157,0.008634122665849234,0.12992189456882547,2023.0,0.9591836734693899,46.58279381408129,Medium
1643729,Ishqa'n De Lekhe,movie,0.0,0,18.2217,2026-03-06,"Starring the sensational Gurnam Bhullar alongside the stunning Isha Malviya, this Punjabi cinema is crafted for every soul that has ever loved deeply. Directed by the talented Manvir Brar, Ishqa'n De Lekhe is set to redefine Punjabi romance on the big screen.","Drama, Romance, Music",2026.0,0.0,0.0,0.024964352220868544,2026.0,0.9897959183673493,20.295205411764357,Low
1184918,The Wild Robot,movie,8.3,5815,18.5279,2024-09-12,"After a shipwreck, an intelligent robot called Roz is stranded on an uninhabited island. To survive the harsh environment, Roz bonds with the island's animals and cares for an orphaned baby goose.","Animation, Sci-Fi, Family, Adventure",2024.0,0.8300000000000001,0.14854267249086775,0.025732092679461836,2024.0,0.9693877551020407,56.07325040544742,Medium
1032892,In the Blink of an Eye,movie,5.093,75,18.2995,2026-01-26,"Three storylines, spanning thousands of years, intersect and reflect on hope, connection, and the circle of life.","Sci-Fi, Drama",2026.0,0.5093,0.0019158556211203925,0.025159421481739077,2026.0,0.9897959183673493,40.70942390940418,Medium
615457,Nobody,movie,7.9,8134,15.9997,2021-03-18,"Hutch Mansell, a suburban dad, overlooked husband, nothing neighbor — a ""nobody."" When two thieves break into his home one night, Hutch's unknown long-simmering rage is ignited and propels him on a brutal path that will uncover dark secrets he fought to leave behind.","Action, Thriller",2021.0,0.79,0.2077809282959103,0.01939309389626277,2021.0,0.9387755102040813,54.91899064792509,Medium
1321179,The King's Warden,movie,7.5,6,18.4951,2026-02-04,"In a remote mountain village of 15th-century Joseon, humble headman Heung-do hears a rumor that any village hosting an exiled nobleman will be blessed with abundance and fortune. Hoping to bring prosperity to his impoverished community, he eagerly submits a petition to host one—unaware that his guest is none other than the fallen monarch, deposed boy-king Danjong.","History, Drama",2026.0,0.75,0.0001532684496896314,0.025649852682590974,2026.0,0.9897959183673493,50.3119807899926,Medium
552524,Lilo & Stitch,movie,7.203,2072,20.6837,2025-05-17,The wildly funny and touching story of a lonely Hawaiian girl and the fugitive alien who helps to mend her broken family.,"Family, Sci-Fi, Comedy",2025.0,0.7203,0.052928704626152706,0.031137366620139228,2025.0,0.979591836734695,50.085158159619745,Medium
773543,Fib the Truth,movie,5.7,86,18.5086,2021-09-09,"A couple in love spends time away from civilization, but the sudden arrivals of the younger sister and then the girl's ex-boyfriend violate the country idyll.","Drama, Thriller",2021.0,0.5700000000000001,0.0021968477788847167,0.025683701461790876,2021.0,0.9387755102040813,42.13312118889514,Medium
8587,The Lion King,movie,8.252,19470,18.2515,1994-06-15,"Young lion prince Simba, eager to one day become king of the Pride Lands, grows up under the watchful eye of his father Mufasa; all the while his villainous uncle Scar conspires to take the throne for himself. Amid betrayal and tragedy, Simba must confront his past and find his rightful place in the Circle of Life.","Family, Animation, Drama, Adventure",1994.0,0.8252000000000002,0.4973561192428539,0.025039070266806105,1994.0,0.6632653061224509,56.72120991264222,Medium
216015,Fifty Shades of Grey,movie,5.872,12292,18.9639,2015-02-11,"When college senior Anastasia Steele steps in for her sick roommate to interview prominent businessman Christian Grey for their campus paper, little does she realize the path her life will take. Christian, as enigmatic as he is rich and powerful, finds himself strangely drawn to Ana, and she to him. Though sexually inexperienced, Ana plunges headlong into an affair -- and learns that Christian's true sexual proclivities push the boundaries of pain and pleasure.","Drama, Romance, Thriller",2015.0,0.5872,0.31399596393082485,0.026825282881769722,2015.0,0.8775510204081627,47.855445344415145,Medium
350,The Devil Wears Prada,movie,7.387,12835,19.1185,2006-06-29,"A young woman from the Midwest gets more than she bargained for when she moves to New York to become a writer and ends up as the assistant to the tyrannical, larger-than-life editor-in-chief of a major fashion magazine.","Drama, Comedy",2006.0,0.7387,0.3278667586277365,0.027212914086533025,2006.0,0.7857142857142883,52.36387916857116,Medium
965890,Vincent Must Die,movie,6.2,207,17.3985,2023-11-15,"Vincent finds himself under attack for no apparent reason overnight. When the phenomenon intensifies, he must run and change his way of life completely.","Drama, Fantasy, Thriller, Horror",2023.0,0.6200000000000001,0.0052877615142922834,0.02290032888476797,2023.0,0.9591836734693899,44.547435277369004,Medium
541671,Ballerina,movie,7.25,2412,18.5756,2025-06-04,"Taking place during the events of John Wick: Chapter 3 – Parabellum, Eve Macarro begins her training in the assassin traditions of the Ruska Roma.","Action, Thriller, Crime",2025.0,0.7250000000000001,0.06161391677523182,0.02585169169930149,2025.0,0.979591836734695,50.34114890418457,Medium
1412646,Kesari Veer,movie,6.667,3,15.3971,2025-05-23,"The movie narrates the tale of Hamirji Gohil, a brave warrior who fought against the Tughlaq Empire to protect the Somnath Temple and the Hindu faith.","Action, Drama, History",2025.0,0.6667000000000001,7.66342248448157e-05,0.017882184685458335,2025.0,0.979591836734695,46.619013112899964,Medium
93462,Who's the Caboose?,movie,4.5,9,12.1457,1997-04-10,"A documentary team gets a grant to do a film on a rare fatal disease that is attacking homeless people. However, they quickly find the film too depressing. Ducking into a nightclub, they discover a young Manhattan comedienne and decide instead to follow her as she makes the circuit of auditions in L.A. as she tries to get a TV pilot. Unfortunately, she has failed to tell her boyfriend of this move. He decides he will trail her out west. There, the boyfriend runs into an old friend who has already made a break on a TV pilot. Seizing the opportunity, the actress turns her attentions to the established actor. However, the actress goes nowhere in auditions, but her ex-boyfriend is suddenly noticed and becomes the next hot prospect.","Comedy, Romance, Drama",1997.0,0.45,0.0002299026745344471,0.00972989426393573,1997.0,0.6938775510204103,32.07674695917761,Low
1252037,The Tank,movie,7.076,377,19.5947,2025-09-18,"A German Tiger tank crew is sent on a dangerous mission to rescue the missing officer Paul von Hardenburg from a top-secret bunker behind enemy lines. As they make their way through the lethal no-man's land, they must confront not only the enemy, but also their own fears and inner demons. Fueled by the Wehrmacht's methamphetamine, their mission increasingly becomes a journey into the heart of darkness.","War, Action, Drama",2025.0,0.7076,0.00963036758883184,0.02840689843134728,2025.0,0.979591836734695,48.65658205509749,Medium
10138,Iron Man 2,movie,6.851,22156,18.4558,2010-04-28,"With the world now aware of his dual life as the armored superhero Iron Man, billionaire inventor Tony Stark faces pressure from the government, the press and the public to share his technology with the military. Unwilling to let go of his invention, Stark, with Pepper Potts and James 'Rhodey' Rhodes at his side, must forge new alliances – and confront powerful enemies.","Adventure, Action, Sci-Fi",2010.0,0.6851,0.5659692952205788,0.025551315125364595,2010.0,0.8265306122448983,55.765024451816835,Medium
22,Pirates of the Caribbean: The Curse of the Black Pearl,movie,7.82,21978,16.885,2003-07-09,"When wily Captain Barbossa steals Jack Sparrow's ship and kidnaps the governor's beautiful daughter, Elizabeth, her childhood friend Will Turner joins forces with Jack to save her and recapture Jack's ship, the Black Pearl.","Adventure, Fantasy, Action",2003.0,0.782,0.5614223312131198,0.021612821616682886,2003.0,0.7551020408163289,58.04274387292263,Medium
1469384,Scope,movie,9.5,2,13.1472,2025-10-17,"With the help of her therapist, Antonia must find out why she has developed an extreme obsession with circles before it's too late.",Thriller,2025.0,0.9500000000000001,5.108948322987713e-05,0.012240972217172765,2025.0,0.979591836734695,57.83767796870196,Medium
244786,Whiplash,movie,8.374,16406,17.4284,2014-10-10,"Under the direction of a ruthless instructor, a talented young drummer begins to pursue perfection at any cost, even his humanity.","Drama, Music, Thriller",2014.0,0.8374000000000001,0.41908703093468214,0.022975297662403308,2014.0,0.8673469387755119,59.684185347451965,Medium
11,Star Wars,movie,8.201,22053,17.5901,1977-05-25,Princess Leia is captured and held hostage by the evil Imperial forces in their effort to take over the galactic Empire. Venturesome Luke Skywalker and dashing captain Han Solo team together with the loveable robot duo R2-D2 and C-3PO to rescue the beautiful princess and restore peace and justice in the Empire.,"Adventure, Action, Sci-Fi",1977.0,0.8201,0.5633381868342402,0.023380730817708775,1977.0,0.48979591836734926,54.334296720385964,Medium
354912,Coco,movie,8.198,20748,17.3302,2017-10-27,"Despite his family’s baffling generations-old ban on music, Miguel dreams of becoming an accomplished musician like his idol, Ernesto de la Cruz. Desperate to prove his talent, Miguel finds himself in the stunning and colorful Land of the Dead following a mysterious chain of events. Along the way, he meets charming trickster Hector, and together, they set off on an extraordinary journey to unlock the real story behind Miguel's family history.","Family, Animation, Music, Adventure",2017.0,0.8198000000000001,0.5300022990267453,0.02272907913518626,2017.0,0.8979591836734713,61.80581123670805,Medium
1629382,Street Flow 3,movie,5.5,38,18.1373,2026-03-04,"Grieving and facing the consequences of their crimes, the Traoré brothers get one last chance to forge a new path.",Drama,2026.0,0.55,0.0009707001813676655,0.02475273466794473,2026.0,0.9897959183673493,42.31038706433324,Medium
967941,Wicked: For Good,movie,6.635,880,17.4523,2025-11-19,"As an angry mob rises against the Wicked Witch, Glinda and Elphaba will need to come together one final time. With their singular friendship now the fulcrum of their futures, they will need to truly see each other, with honesty and empathy, if they are to change themselves, and all of Oz, for good.","Fantasy, Adventure, Romance",2025.0,0.6635,0.022479372621145938,0.023035222538172025,2025.0,0.979591836734695,47.04212863788026,Medium
672,Harry Potter and the Chamber of Secrets,movie,7.704,23340,17.7259,2002-11-13,"Cars fly, trees fight back, and a mysterious house-elf comes to warn Harry Potter at the start of his second year at Hogwarts. Adventure and danger await when bloody writing on a wall announces: The Chamber Of Secrets Has Been Opened. To save Hogwarts will require all of Harry, Ron and Hermione's magical abilities and courage.","Adventure, Fantasy",2002.0,0.7704,0.5962142692926661,0.023721224463289992,2002.0,0.7448979591836746,58.11266905879262,Medium
109445,Frozen,movie,7.2,17419,16.8307,2013-11-20,"Young princess Anna of Arendelle dreams about finding true love at her sister Elsa’s coronation. Fate takes her on a dangerous journey in an attempt to end the eternal winter that has fallen over the kingdom. She's accompanied by ice delivery man Kristoff, his reindeer Sven, and snowman Olaf. On an adventure where she will find out what friendship, courage, family, and true love really means.","Animation, Family, Adventure, Fantasy",2013.0,0.7200000000000001,0.4449638541906149,0.021476674304789955,2013.0,0.8571428571428577,55.27166771276526,Medium
1003596,Avengers: Doomsday,movie,0.0,0,35.8,2026-12-16,"The Avengers, Wakandans, Fantastic Four, Thunderbolts, and X-Men all fight against Doctor Doom. Plot TBA.","Sci-Fi, Action, Adventure",2026.0,0.0,0.0,0.06903872225120958,2026.0,0.9897959183673493,21.17669281237118,Low
1241983,Train Dreams,movie,7.33,857,17.7386,2025-11-05,A logger leads a life of quiet grace as he experiences love and loss during an era of monumental change in early 20th-century America.,Drama,2025.0,0.7330000000000001,0.02189184356400235,0.023753067388907683,2025.0,0.979591836734695,49.824734953752106,Medium
28774,Communion,movie,5.31,184,16.3107,1989-11-10,A novelist's wife and son see him changed by an apparent encounter with aliens in the mountains.,"Drama, Horror, Sci-Fi, Thriller",1989.0,0.531,0.004700232457148696,0.020172869476349355,1989.0,0.612244897959183,33.98235999785362,Low
574475,Final Destination Bloodlines,movie,7.052,2706,18.0453,2025-05-14,"Plagued by a violent recurring nightmare, college student Stefanie heads home to track down the one person who might be able to break the cycle and save her family from the grisly demise that inevitably awaits them all.","Horror, Mystery",2025.0,0.7052,0.06912407081002375,0.024522061505989855,2025.0,0.979591836734695,49.67275938101418,Medium
429617,Spider-Man: Far From Home,movie,7.396,16755,19.659,2019-06-28,"Peter Parker and his friends go on a summer trip to Europe. However, they will hardly be able to rest - Peter will have to agree to help Nick Fury uncover the mystery of creatures that cause natural disasters and destruction throughout the continent.","Action, Adventure, Sci-Fi",2019.0,0.7396,0.42800214575829565,0.02856811891301791,2019.0,0.9183673469387763,57.082752232201805,Medium
1010755,The Strangers: Chapter 3,movie,5.482,57,17.5289,2026-02-05,"Tethered by a frightening conclusion, Maya and the Strangers are locked on an unavoidable, unforgiving collision course — a showdown that proves they’re far from strangers now.","Horror, Thriller",2026.0,0.5482,0.0014560502720514983,0.02322728301866923,2026.0,0.9897959183673493,42.217585033161406,Medium
1035259,The Naked Gun,movie,6.366,1538,18.2284,2025-07-30,"Only one man has the particular set of skills... to lead Police Squad and save the world: Lt. Frank Drebin Jr. Following in his father's footsteps, he must solve a murder case to prevent Police Squad from closure.","Action, Comedy, Crime",2025.0,0.6366,0.039287812603775514,0.024981151244619613,2025.0,0.979591836734695,46.34121601166181,Medium
504048,Nang Gabing Mamulat Si Eba,movie,2.0,2,14.2167,1992-02-09,No description,Romance,1992.0,0.2,5.108948322987713e-05,0.014922547724898181,1992.0,0.6428571428571423,21.15661560130541,Low
646385,Scream,movie,6.69,3768,20.6372,2022-01-12,"Twenty-five years after a streak of brutal murders shocked the quiet town of Woodsboro, a new killer has donned the Ghostface mask and begins targeting a group of teenagers to resurrect secrets from the town’s deadly past.","Horror, Mystery",2022.0,0.669,0.09625258640508852,0.0310207763806729,2022.0,0.9489795918367356,48.28505909244994,Medium
121,The Lord of the Rings: The Two Towers,movie,8.4,23569,17.3335,2002-12-18,"Frodo Baggins and the other members of the Fellowship continue on their sacred quest to destroy the One Ring--but on separate paths. Their destinies lie at two towers--Orthanc Tower in Isengard, where the corrupt wizard Saruman awaits, and Sauron's fortress at Barad-dur, deep within the dark lands of Mordor. Frodo and Sam are trekking to Mordor to destroy the One Ring of Power while Gimli, Legolas and Aragorn search for the orc-captured Merry and Pippin. All along, nefarious wizard Saruman awaits the Fellowship members at the Orthanc Tower in Isengard.","Adventure, Fantasy, Action",2002.0,0.8400000000000001,0.6020640151224871,0.0227373532812129,2002.0,0.7448979591836746,60.993986551747504,Medium
941109,Play Dirty,movie,6.586,581,17.9192,2025-09-30,"Expert thief Parker gets a shot at a major heist, but to pull it off he and his team must outsmart a South American dictator, the New York mob, and the world's richest man.","Crime, Action, Thriller",2025.0,0.6586000000000001,0.014841494878279307,0.024205888835093007,2025.0,0.979591836734695,46.71678440896135,Medium
346698,Barbie,movie,6.9,10872,19.8535,2023-07-19,"Barbie and Ken are having the time of their lives in the colorful and seemingly perfect world of Barbie Land. However, when they get a chance to go to the real world, they soon discover the joys and perils of living among humans.","Comedy, Adventure",2023.0,0.6900000000000001,0.2777224308376121,0.029055792065194253,2023.0,0.9591836734693899,52.91923792744393,Medium
1038392,The Conjuring: Last Rites,movie,6.899,1693,19.2247,2025-09-03,Paranormal investigators Ed and Lorraine Warren take on one last terrifying case involving mysterious entities they must confront.,Horror,2025.0,0.6899000000000001,0.04324724755409099,0.027479191149572233,2025.0,0.979591836734695,48.60236550876717,Medium
157363,The Magic Treasure,movie,2.0,1,17.9169,2006-09-23,"A gentle giant lives in a small village and has a beautiful flower garden where the children of the town play. In the giant's house rests a small treasure box. Every so often, the giant, asks the children a riddle, ""What do you think is the one thing that makes people so very special?"" If one of the children answers correctly the giant's magic treasure box will open. As time goes on one of the giants favorite children, Hans, gives the box to a greedy wizard. The giant goes after the box and brings it back as Hans learns an important lesson which suddenly opens the box.","Animation, Fantasy",2006.0,0.2,2.5544741614938566e-05,0.02420012200604413,2006.0,0.7857142857142883,24.19879904923895,Low
414906,The Batman,movie,7.7,11702,17.4107,2022-03-01,"In his second year of fighting crime, Batman uncovers corruption in Gotham City that connects to his own family while facing a serial killer known as the Riddler.","Crime, Mystery, Thriller",2022.0,0.77,0.29892456637801107,0.02293091815189677,2022.0,0.9489795918367356,56.21670152733288,Medium
286687,Love Lesson,movie,6.8,42,19.1474,2013-12-05,"Korea's most popular song writer Hee-soo runs into a nineteen-year-old boy in the elevator. Hee-soo is inspired by a new song watching him shake at her figure. She starts to tell him about women under the excuse that she's teaching him music. They fall for each other but things get complicated when her life teacher, Joon-ho who taught her about life and music comes back.","Romance, Drama, Comedy",2013.0,0.68,0.0010728791478274197,0.02728537554719059,2013.0,0.8571428571428577,44.91002223675751,Medium
1429738,Tee Yai: Born to Be Bad,movie,5.3,45,17.5475,2025-11-12,"In 1980s Bangkok, a wily thief stages a series of daring heists, baffling the authorities and the public — until one cop sets out to take him down.","Crime, Action, Drama",2025.0,0.53,0.0011495133726722355,0.023273919114455758,2025.0,0.979591836734695,41.28030538443647,Medium
299534,Avengers: Endgame,movie,8.235,27377,19.4282,2019-04-24,"After the devastating events of Avengers: Infinity War, the universe is in ruins due to the efforts of the Mad Titan, Thanos. With the help of remaining allies, the Avengers must assemble once more in order to undo Thanos' actions and restore order to the universe once and for all, no matter what consequences may be in store.","Adventure, Sci-Fi, Action",2019.0,0.8235,0.6993383911921731,0.027989430154548512,2019.0,0.9183673469387763,65.85390336570997,Medium
939243,Sonic the Hedgehog 3,movie,7.618,3176,19.4509,2024-12-19,"Sonic, Knuckles, and Tails reunite against a powerful new adversary, Shadow, a mysterious villain with powers unlike anything they have faced before. With their abilities outmatched in every way, Team Sonic must seek out an unlikely alliance in hopes of stopping Shadow and protecting the planet.","Action, Sci-Fi, Comedy, Family",2024.0,0.7618,0.08113009936904489,0.028046346249943902,2024.0,0.9693877551020407,52.0432840144206,Medium
1357633,Solo Leveling -ReAwakening-,movie,7.101,262,17.9121,2024-11-26,"Over a decade after 'gates' connecting worlds appeared, awakening 'hunters' with superpowers, weakest hunter Sung Jinwoo encounters a double dungeon and accepts a mysterious quest, becoming the only one able to level up, changing his fate. A catch-up recap of the first season coupled with an exclusive sneak peek of the first two episodes of the highly anticipated second season in one momentous theatrical fan experience.","Action, Adventure, Fantasy, Animation",2024.0,0.7101000000000001,0.0066927223031139045,0.024188086884550836,2024.0,0.9693877551020407,48.40937128579411,Medium
1156594,Our Fault,movie,7.371,631,18.8183,2025-10-15,"Jenna and Lion's wedding brings about the long-awaited reunion between Noah and Nick after their breakup. Nick's inability to forgive Noah stands as an insurmountable barrier. He, heir to his grandfather's businesses, and she, starting her professional life, resist fueling a flame that's still alive. But now that their paths have crossed again, will love be stronger than resentment?","Romance, Drama",2025.0,0.7371000000000001,0.016118731959026234,0.026460217529806356,2025.0,0.979591836734695,49.927415724470556,Medium
982843,The Great Flood,movie,5.986,625,18.2723,2025-09-18,"When a raging flood traps a researcher and her young son, a call to a crucial mission puts their escape — and the future of humanity — on the line.","Sci-Fi, Adventure, Drama",2025.0,0.5986,0.015965463509336603,0.025091222459943736,2025.0,0.979591836734695,44.356970454079516,Medium
218,The Terminator,movie,7.7,14373,16.5793,1984-10-26,"In the post-apocalyptic future, reigning tyrannical supercomputers teleport a cyborg assassin known as the ""Terminator"" back to 1984 to kill Sarah Connor, whose unborn son is destined to lead insurgents against 21st century mechanical hegemony. Meanwhile, the human-resistance movement dispatches a lone warrior to safeguard Sarah. Can he stop the virtually indestructible killing machine?","Action, Thriller, Sci-Fi",1984.0,0.77,0.367154571231512,0.020846334816578476,1984.0,0.5612244897959187,49.78450791688019,Medium
1726,Iron Man,movie,7.656,27858,18.2951,2008-04-30,"After being held captive in an Afghan cave, billionaire engineer Tony Stark creates a unique weaponized suit of armor to fight evil.","Action, Sci-Fi, Adventure",2008.0,0.7656000000000001,0.7116254119089586,0.025148389287036898,2008.0,0.8061224489795933,61.48192500351178,Medium
101,Léon: The Professional,movie,8.295,15875,18.1542,1994-09-14,"Léon, the top hit man in New York, has earned a rep as an effective ""cleaner"". But when his next-door neighbors are wiped out by a loose-cannon DEA agent, he becomes the unwilling custodian of 12-year-old Mathilda. Before long, Mathilda's thoughts turn to revenge, and she considers following in Léon's footsteps.","Crime, Drama, Action",1994.0,0.8295,0.40552277313714974,0.024795108324869048,1994.0,0.6632653061224509,55.0516637516894,Medium
318572,Aambala,movie,5.5,23,17.0431,2015-01-15,"Three brothers return to their native village to mend the relationship between their estranged father and his sisters. However, to unite the family, the brothers are told to marry their cousins.","Action, Comedy, Family",2015.0,0.55,0.000587529057143587,0.022009228430868378,2015.0,0.8775510204081627,40.0029555579235,Medium
986056,Thunderbolts*,movie,7.29,3303,15.7521,2025-04-30,"After finding themselves ensnared in a death trap, seven disillusioned castoffs must embark on a dangerous mission that will force them to confront the darkest corners of their pasts.","Action, Sci-Fi, Adventure",2025.0,0.7290000000000001,0.08437428155414209,0.018772282212566823,2025.0,0.979591836734695,50.81476801002809,Medium
1375831,Diabolic,movie,6.688,32,17.7338,2025-11-20,"A woman's hope for a miracle cure turns into a nightmare when she confronts the vengeful spirit of a cursed witch, determined to claim her as a vessel for her evil power.",Horror,2025.0,0.6688000000000001,0.0008174317316780341,0.02374103226741438,2025.0,0.979591836734695,46.835006014675756,Medium
11431,Fever Pitch,movie,6.2,750,51.7795,2005-04-06,"When Ben Wrightman, a young teacher, begins dating pretty businesswoman Lindsey Meeks, the two don't seem to have a lot of the same interests, but they fall in love, regardless. Their romance goes well until baseball season begins, and Lindsey soon realizes that Ben is completely obsessed with the Boston Red Sox. Though she tries to understand Ben's passionate team loyalty, eventually it threatens to end their otherwise happy relationship.","Romance, Comedy",2005.0,0.6200000000000001,0.019158556211203926,0.10910439389749135,2005.0,0.775510204081634,42.8754630838066,Medium
411,"The Chronicles of Narnia: The Lion, the Witch and the Wardrobe",movie,7.135,11378,16.7384,2005-12-07,"Siblings Lucy, Edmund, Susan and Peter step through a magical wardrobe and find the land of Narnia. There, they discover a charming, once peaceful kingdom that has been plunged into eternal winter by the evil White Witch, Jadis. Aided by the wise and magnificent lion, Aslan, the children lead Narnia into a spectacular, climactic battle to be free of the Witch's glacial powers forever.","Adventure, Family, Fantasy",2005.0,0.7135,0.290648070094771,0.021245248947741744,2005.0,0.775510204081634,50.28807046248295,Medium
150540,Inside Out,movie,7.91,23253,15.3832,2015-06-17,"When 11-year-old Riley moves to a new city, her Emotions team up to help her through the transition. Joy, Fear, Anger, Disgust and Sadness work together, but when Joy and Sadness get lost, they must journey through unfamiliar places to get back home.","Animation, Family, Adventure, Drama, Comedy",2015.0,0.791,0.5939918767721665,0.01784733297946733,2015.0,0.8775510204081627,61.42780460319594,Medium
14836,Coraline,movie,7.9,8824,17.1604,2009-02-05,"Wandering her rambling old house in her boring new town, 11-year-old Coraline discovers a hidden door to a strangely idealized version of her life. In order to stay in the fantasy, she must make a frighteningly real sacrifice.","Animation, Family, Fantasy",2009.0,0.79,0.2254068000102179,0.022303336712360847,2009.0,0.8163265306122476,52.88073334669654,Medium
385687,Fast X,movie,7.002,6237,17.2384,2023-05-17,"Over many missions and against impossible odds, Dom Toretto and his family have outsmarted, out-nerved and outdriven every foe in their path. Now, they confront the most lethal opponent they've ever faced: A terrifying threat emerging from the shadows of the past who's fueled by blood revenge, and who is determined to shatter this family and destroy everything—and everyone—that Dom loves, forever.","Action, Crime, Thriller",2023.0,0.7002,0.15932255345237184,0.02249890743662693,2023.0,0.9591836734693899,50.82810268716778,Medium
8966,Twilight,movie,6.28,14265,17.8808,2008-11-20,"When Bella Swan moves to a small town in the Pacific Northwest, she falls in love with Edward Cullen, a mysterious classmate who reveals himself to be a 108-year-old vampire. Despite Edward's repeated cautions, Bella can't stay away from him, a fatal move that endangers her own life.","Fantasy, Drama, Romance",2008.0,0.6280000000000001,0.36439573913709866,0.024109607863146625,2008.0,0.8061224489795933,49.01255591959678,Medium
1078023,The King of Snipers,movie,5.6,10,18.6316,2023-01-24,"The genius sniper Anna is forced to accept an assassination assignment. In the process, she gradually finds her true calling to fight for kindness and to defend a greater love. Tai, a special agent for the UN army, stands up for justice when drug lords try to harm innocent citizens. The two join forces to block the bill to legalize drug cultivation and distribution in Libiwala. They fight to the death with the drug lord Luo Jie and eventually foil his plans, protecting the people from the drugs. This is the exciting story of them working together to save a nation.","Action, Crime, Comedy, War",2023.0,0.5599999999999999,0.0002554474161493857,0.025992101450056624,2023.0,0.9591836734693899,42.108624446711914,Medium
1328803,Prisoner of War,movie,7.1,160,16.8448,2025-09-19,British RAF Wing Commander James Wright is captured by the Japanese during WWII and forced to fight in brutal hand-to-hand combat. The Japanese soldiers get more than they bargained for when Wright’s years of martial arts training in Hong Kong prove him to be a formidable opponent.,"Action, War, Thriller, History",2025.0,0.71,0.004087158658390171,0.02151202747417651,2025.0,0.979591836734695,48.503820457345235,Medium
1835,"Farewell, My Lovely",movie,6.623,179,16.454,1975-08-08,"Private eye Philip Marlowe is hired by ex-con Moose Malloy to find his girlfriend, a former lounge dancer. While also investigating the murder of a client and the theft of a jade necklace, Marlowe becomes entangled with seductress Helen Grayle and discovers a web of dark secrets that are better left hidden.","Crime, Mystery, Thriller",1975.0,0.6623000000000001,0.004572508749074004,0.020532167999263853,1975.0,0.46938775510204067,36.38184863700757,Low
1489187,You Drive Me Crazy,movie,8.2,8,18.8553,2025-10-09,"Alisa moves into a spacious apartment in St. Petersburg, where the mirror starts to malfunction, showing the young lodger a parallel reality of the same apartment. Only it is not Alisa who lives in this parallel reality, but the party animal Ivan. Will the young people be able to recognize true love and will they be able to unite their worlds in order to meet in reality and simply touch each other?","Comedy, Romance, Fantasy",2025.0,0.82,0.00020435793291950853,0.02655298825798386,2025.0,0.979591836734695,52.92698365851196,Medium
4935,Howl's Moving Castle,movie,8.387,10895,16.818,2004-09-09,"Sophie, a young milliner, is turned into an elderly woman by a witch who enters her shop and curses her. She encounters a wizard named Howl and gets caught up in his resistance to fighting for the king.","Fantasy, Animation, Adventure",2004.0,0.8387000000000001,0.27830995989475565,0.02144483137917227,2004.0,0.7653061224489797,54.84921827445817,Medium
1631485,Strangers in the Park,movie,6.219,16,16.2552,2026-02-19,"A former communist militant and a ""live and let live"" man form an unlikely friendship on a park bench, sharing their life stories with humor and heart.","Comedy, Drama",2026.0,0.6219000000000001,0.00040871586583901705,0.020033713384083097,2026.0,0.9897959183673493,45.080766952345435,Medium
1243460,Joe's College Road Trip,movie,5.727,55,16.0973,2026-02-12,"To teach his sheltered grandson about the real world, Madea's foul-mouthed brother Joe takes the college-bound teen on a raucous cross-country road trip.",Comedy,2026.0,0.5727000000000001,0.001404960788821621,0.019637808033293156,2026.0,0.9897959183673493,43.12477374378929,Medium
122917,The Hobbit: The Battle of the Five Armies,movie,7.332,15185,16.1463,2014-12-10,"Following Smaug's attack on Laketown, Bilbo and the dwarves try to defend Erebor's mountain of treasure from others who claim it: the men of the ruined Laketown and the elves of Mirkwood. Meanwhile an army of Orcs led by Azog the Defiler is marching on Erebor, fueled by the rise of the dark lord Sauron. Dwarves, elves and men must unite, and the hope for Middle-Earth falls into Bilbo's hands.","Action, Adventure, Fantasy",2014.0,0.7332000000000001,0.3878969014228421,0.019760666565203904,2014.0,0.8673469387755119,54.82809013527117,Medium
293660,Deadpool,movie,7.622,32460,16.9127,2016-02-09,"The origin story of former Special Forces operative turned mercenary Wade Wilson, who, after being subjected to a rogue experiment that leaves him with accelerated healing powers, adopts the alter ego Deadpool. Armed with his new abilities and a dark, twisted sense of humor, Deadpool hunts down the man who nearly destroyed his life.","Action, Adventure, Comedy",2016.0,0.7622,0.8291823128209058,0.021682274296967122,2016.0,0.887755102040817,65.26039378317381,Medium
54979,Robinson Crusoe,movie,6.3,92,53.9659,1954-08-05,"The titular adventurer, after defying his parents to go to sea, survives a shipwreck and becomes a castaway on a deserted island for nearly thirty years, learning to build a new life from scratch, discovering companionship with a native man he names Friday, and eventually returning to civilisation a changed man, finding wealth and new challenges.","Adventure, Drama",1954.0,0.63,0.002350116228574348,0.1145863917376885,1954.0,0.2551020408163289,32.64077097565184,Low
9276,The Faculty,movie,6.562,2194,16.3577,1998-12-25,"When some very creepy things start happening around school, the kids at Herrington High make the chilling discovery that confirms their worst suspicions: their teachers really are from another planet!","Horror, Sci-Fi",1998.0,0.6562000000000001,0.05604516310317521,0.020290713374304565,1998.0,0.704081632653061,41.856350182610825,Medium
1034716,People We Meet on Vacation,movie,7.045,510,17.3275,2026-01-06,"Poppy's a free spirit. Alex loves a plan. After years of summer vacations, these polar-opposite pals wonder if they could be a perfect romantic match.","Romance, Comedy, Drama",2026.0,0.7045,0.013027818223618669,0.022722309379346276,2026.0,0.9897959183673493,48.69092091940629,Medium
893694,Eva,movie,5.1,20,21.8469,2021-12-24,"When Eva gets involved in a steamy threesome with a houseboy and her lady boss, she realizes she has to choose only one between them.","Drama, Romance",2021.0,0.51,0.0005108948322987714,0.03405387772868172,2021.0,0.9387755102040813,39.86680565530124,Low
1383247,Agent Zero,movie,5.4,22,16.7134,2025-08-06,"When police officer Ilias is shot and left in a coma, Alma must reconnect with her former identity as Badh, a ruthless intelligence operative and skilled assassin. She brutally eliminates members of the Khoury family one by one, unleashing the fury of their leader Mansour, only to discover that Mansour is working with Joana, her former secret service unit officer.","Action, Thriller",2025.0,0.54,0.0005619843155286484,0.021182566023297485,2025.0,0.979591836734695,41.626727741470425,Medium
749343,The Catcher,movie,6.0,1,55.2491,1972-06-02,An ex-cop and a Harvard graduate team up to become bounty hunters.,"Crime, Drama, TV Movie",1972.0,0.6000000000000001,2.5544741614938566e-05,0.11780378088356344,1972.0,0.43877551020408134,35.132096716585195,Low
559,Spider-Man 3,movie,6.452,15031,16.6554,2007-05-01,"The seemingly invincible Spider-Man goes up against an all-new crop of villains—including the shape-shifting Sandman. While Spider-Man’s superpowers are altered by an alien organism, his alter ego, Peter Parker, deals with nemesis Eddie Brock and also gets caught up in a love triangle.","Action, Adventure, Sci-Fi",2007.0,0.6452,0.38396301121414156,0.021037141638586807,2007.0,0.795918367346939,49.826370403993344,Medium
348,Alien,movie,8.168,16118,15.7972,1979-05-25,"During its return to the earth, commercial spaceship Nostromo intercepts a distress signal from a distant planet. When a three-member team of the crew discovers a chamber containing thousands of eggs on the planet, a creature inside one of the eggs attacks an explorer. The entire crew is unaware of the impending nightmare set to descend upon them when the alien parasite planted inside its unfortunate host is birthed.","Horror, Sci-Fi",1979.0,0.8168,0.4117301453495798,0.018885362208264266,1979.0,0.5102040816326543,51.48839178380997,Medium
137765,Bless Their Little Hearts,movie,6.2,13,16.1824,1984-12-12,"Charlie Banks, chronically unemployed, struggles to find dignity and a meaning for life in the impoverished Los Angeles neighborhood of Watts.",Drama,1984.0,0.6200000000000001,0.00033208164099420137,0.019851180708101417,1984.0,0.5612244897959187,36.428155042900286,Low
335984,Blade Runner 2049,movie,7.6,14887,17.2098,2017-10-04,"Thirty years after the events of the first film, a new blade runner, LAPD Officer K, unearths a long-buried secret that has the potential to plunge what's left of society into chaos. K's discovery leads him on a quest to find Rick Deckard, a former LAPD blade runner who has been missing for 30 years.","Sci-Fi, Drama",2017.0,0.76,0.3802845684215904,0.022427198171062705,2017.0,0.8979591836734713,56.413419005322496,Medium
49026,The Dark Knight Rises,movie,7.792,24096,15.0556,2012-07-17,"Following the death of District Attorney Harvey Dent, Batman assumes responsibility for Dent's crimes to protect the late attorney's reputation and is subsequently hunted by the Gotham City Police Department. Eight years later, Batman encounters the mysterious Selina Kyle and the villainous Bane, a new terrorist leader who overwhelms Gotham's finest. The Dark Knight resurfaces to protect a city that has branded him an enemy.","Action, Crime, Drama, Thriller",2012.0,0.7792,0.6155260939535597,0.017025935937549756,2012.0,0.8469387755102034,60.75781610802626,Medium
1428990,This Is Not a Test,movie,6.325,20,13.8073,2026-02-20,"Sloane and four classmates take cover in Cortege High to escape a world plagued by the infected. As danger relentlessly pounds on the doors, Sloane begins to see the world through the eyes of those who actually want to live and takes matters into her own hands.","Thriller, Horror",2026.0,0.6325000000000001,0.0005108948322987714,0.01389605215419899,2026.0,0.9897959183673493,45.384057307076944,Medium
429,"The Good, the Bad and the Ugly",movie,8.467,9487,14.2887,1966-12-23,"While the Civil War rages on between the Union and the Confederacy, three men – a quiet loner, a ruthless hitman, and a Mexican bandit – comb the American Southwest in search of a strongbox containing $200,000 in stolen gold.",Western,1966.0,0.8467000000000001,0.24234296370092218,0.01510307454729765,1966.0,0.3775510204081627,46.567941173127664,Medium
585,"Monsters, Inc.",movie,7.848,19561,16.3339,2001-11-01,"Lovable Sulley and his wisecracking sidekick Mike Wazowski are the top scare team at Monsters, Inc., the scream-processing factory in Monstropolis. When a little girl named Boo wanders into their world, it's the monsters who are scared silly, and it's up to Sulley and Mike to keep her out of sight and get her back home.","Animation, Comedy, Family",2001.0,0.7848,0.4996806907298133,0.020231039230233627,2001.0,0.7346938775510203,56.48411215022134,Medium
329865,Arrival,movie,7.625,19080,14.5805,2016-11-10,"Taking place after alien crafts land around the world, an expert linguist is recruited by the military to determine whether they come in peace or are a threat.","Drama, Sci-Fi, Mystery",2016.0,0.7625000000000001,0.48739367001302786,0.015834709641411048,2016.0,0.887755102040817,58.31966963390512,Medium
99861,Avengers: Age of Ultron,movie,7.3,24198,15.4938,2015-04-22,"When Tony Stark tries to jumpstart a dormant peacekeeping program, things go awry and Earth’s Mightiest Heroes are put to the ultimate test as the fate of the planet hangs in the balance. As the villainous Ultron emerges, it is up to The Avengers to stop him from enacting his terrible plans, and soon uneasy alliances and unexpected action pave the way for an epic and unique global adventure.","Action, Adventure, Sci-Fi",2015.0,0.73,0.6181316575982834,0.01812464223720873,2015.0,0.8775510204081627,59.476146404873084,Medium
192577,Space Pirate Captain Harlock,movie,6.611,1076,16.2618,2013-09-07,Space Pirate Captain Harlock and his fearless crew face off against the space invaders who seek to conquer the planet Earth.,"Animation, Sci-Fi",2013.0,0.6611,0.027486141977673895,0.020050261676136386,2013.0,0.8571428571428577,44.53758521593336,Medium
1327862,Regretting You,movie,6.916,326,16.4488,2025-10-22,"Morgan Grant and her daughter Clara explore what's left behind after a devastating accident reveals a shocking betrayal and forces them to confront family secrets, redefine love, and rediscover each other.","Romance, Drama",2025.0,0.6916000000000001,0.008327585766469973,0.02051912995097944,2025.0,0.979591836734695,47.8327710490429,Medium
1526406,Raya Among the Clouds,movie,0.0,0,15.0883,2024-04-12,"Set in 2005, follows third-grader Raya Carpio as she struggles with stage fright and societal judgment during a school family showcase. When questions arise about her unconventional family, Raya hesitates to invite her mother, Sabel, to an upcoming Family Day. With the help of her friend Makoy, Raya sends heartfelt messages via paper airplanes, hoping to bridge their emotional gap. Though the plan falters, a heartfelt trip brings mother and daughter closer, revealing the depth of their bond.","Drama, Family",2024.0,0.0,0.0,0.017107925202722845,2024.0,0.9693877551020407,19.729913606095273,Low
210577,Gone Girl,movie,7.9,19743,14.76,2014-10-01,"With his wife's disappearance having become the focus of an intense media circus, a man sees the spotlight turned on him when it's suspected that he may not be innocent.","Mystery, Thriller, Drama",2014.0,0.79,0.5043298337037321,0.01628477303892083,2014.0,0.8673469387755119,59.3592309103633,Medium
118490,Jedda,movie,5.9,9,13.9061,1955-05-05,"An aboriginal girl is brought up by a white family that adopts her. As a young woman, she is mysteriously drawn to go ""Walkabout"" as people of her tribe have for hundreds of years.","Adventure, Drama",1955.0,0.5900000000000001,0.0002299026745344471,0.014143775071602704,1955.0,0.26530612244897966,29.19359600390234,Low
29059,Naked Paradise,movie,3.8,4,13.819,1957-01-01,"Gangster Zac Cotton and his two henchmen, Mitch and Sonny, try to get a boat to get off a tropical island after a botched robbery heist.",Drama,1957.0,0.38,0.00010217896645975426,0.013925387762838904,1957.0,0.28571428571428825,21.194837048871744,Low
12444,Harry Potter and the Deathly Hallows: Part 1,movie,7.734,20182,14.4704,2010-11-17,"Harry, Ron and Hermione walk away from their last year at Hogwarts to find and destroy the remaining Horcruxes, putting an end to Voldemort's bid for immortality. But with Harry's beloved Dumbledore dead and Voldemort's unscrupulous Death Eaters on the loose, the world is more dangerous than ever.","Adventure, Fantasy",2010.0,0.7734000000000001,0.5155439752726901,0.015558654042158528,2010.0,0.8265306122448983,58.08866483119495,Medium
673,Harry Potter and the Prisoner of Azkaban,movie,8.008,22929,15.3365,2004-05-31,"Year three at Hogwarts means new fun and challenges as Harry learns the delicate art of approaching a Hippogriff, transforming shape-shifting Boggarts into hilarity and even turning back time. But the term also brings danger: soul-sucking Dementors hover over the school, an ally of the accursed He-Who-Cannot-Be-Named lurks within the castle walls, and fearsome wizard Sirius Black escapes Azkaban. And Harry will confront them all.","Adventure, Fantasy",2004.0,0.8008,0.5857153804889264,0.01773024127660545,2004.0,0.7653061224489797,59.40703488429023,Medium
1516744,Shall we Dance?,movie,0.0,0,47.8859,2014-02-09,"Hailey Hartz was born to a normal family, led a normal college-student life and now works at a normal job. This normal guy created a normal family and thus has the kind of good fortune that anyone would be envious of. Nothing is unsatisfactory about his life, we would expect. But even so, Hailey believes something to change his day-to-day routine awaits him at some point down the line. One day, on his daily commute, he looks up from a train station platform to discover a ballroom dance studio. As he stares at a beautiful woman standing in the studio's window, a vague notion comes to him: What if he were to muster up a bit of courage and march right toward the door? Would his fortunes see a massive change? Piqued by this thought, and after much inner debate, Hailey sets foot inside the dance studio.",,2014.0,0.0,0.0,0.09934190451284461,2014.0,0.8673469387755119,19.33377686576713,Low
912649,Venom: The Last Dance,movie,6.667,4059,15.3573,2024-10-22,"Eddie and Venom are on the run. Hunted by both of their worlds and with the net closing in, the duo are forced into a devastating decision that will bring the curtains down on Venom and Eddie's last dance.","Action, Sci-Fi, Adventure",2024.0,0.6667000000000001,0.10368610621503564,0.017782393469743075,2024.0,0.9693877551020407,48.48512509573639,Medium
389,12 Angry Men,movie,8.555,9822,14.8056,1957-04-10,"The defense and the prosecution have rested and the jury is filing into the jury room to decide if a young Spanish-American is guilty or innocent of murdering his father. What begins as an open and shut case soon becomes a mini-drama of each of the jurors' prejudices and preconceptions about the trial, the accused, and each other.",Drama,1957.0,0.8555,0.2509004521419266,0.016399106693107162,1957.0,0.28571428571428825,45.28027689098645,Medium
1022787,Elio,movie,6.937,899,14.8417,2025-06-18,"Elio, a space fanatic with an active imagination, finds himself on a cosmic misadventure where he must form new bonds with eccentric alien lifeforms, navigate a crisis of intergalactic proportions and somehow discover who he is truly meant to be.","Family, Comedy, Adventure, Animation, Sci-Fi",2025.0,0.6937000000000001,0.022964722711829772,0.016489620836004668,2025.0,0.979591836734695,48.1289236056506,Medium
4248,Scary Movie 2,movie,5.814,5047,15.3847,2001-07-04,"While the original parodied slasher flicks like Scream, Keenen Ivory Wayans's sequel to Scary Movie takes comedic aim at haunted house movies. A group of students visit a mansion called ""Hell House,"" and murderous high jinks ensue.",Comedy,2001.0,0.5814,0.12892431093059495,0.017851093954933988,2001.0,0.7346938775510203,40.88538564873099,Medium
1242419,Roofman,movie,7.141,626,14.8317,2025-10-08,"A former Army Ranger and struggling father turns to robbing McDonald’s restaurants by cutting holes in their roofs, earning him the nickname ""Roofman."" After escaping prison, he secretly lives inside a Toys “R” Us for six months, surviving undetected while planning his next move. But when he falls for a divorced mom drawn to his undeniable charm, his double life begins to unravel, setting off a compelling and suspenseful game of cat and mouse as his past closes in.","Crime, Comedy, Drama",2025.0,0.7141000000000001,0.015991008250951542,0.016464547666226962,2025.0,0.979591836734695,48.804947853037476,Medium
674,Harry Potter and the Goblet of Fire,movie,7.801,21940,15.0948,2005-11-16,"When his name emerges from the Goblet of Fire, Harry Potter becomes a competitor in a grueling battle for glory among three wizarding schools—the Triwizard Tournament. But since Harry never submitted his name for the Tournament, who did? Now Harry must confront a deadly dragon, fierce water demons, and an enchanted maze only to find himself in the cruel grasp of He Who Must Not Be Named.","Adventure, Fantasy",2005.0,0.7801,0.5604516310317521,0.01712422276307835,2005.0,0.775510204081634,58.26572115752929,Medium
845781,Red One,movie,6.996,2968,16.261,2024-10-31,"After Santa Claus (codename: Red One) is kidnapped, the North Pole's Head of Security must team up with the world's most infamous tracker in a globe-trotting, action-packed mission to save Christmas.","Action, Comedy, Fantasy",2024.0,0.6996000000000001,0.07581679311313766,0.020048255822554168,2024.0,0.9693877551020407,49.289056080754655,Medium
1275779,Disclosure Day,movie,0.0,0,14.0815,2026-06-10,"If you found out we weren’t alone, if someone showed you, proved it to you, would that frighten you?","Sci-Fi, Thriller, Mystery",2026.0,0.0,0.0,0.01458355846950363,2026.0,0.9897959183673493,20.08758953673706,Low
1205656,Hallow Road,movie,6.244,172,15.9057,2025-04-16,Two parents enter a race against time when they receive a distressing late-night phone call from their daughter after she caused a tragic car accident.,"Mystery, Thriller, Horror",2025.0,0.6244000000000001,0.0043936955577694335,0.01915740610035235,2025.0,0.979591836734695,45.03885876785635,Medium
1633264,Louis Theroux: Inside the Manosphere,movie,0.0,0,13.961,2026-03-10,"With rare access and no holds barred, the acclaimed documentarian investigates a growing ultra-masculine network and its controversial influencers.",Documentary,2026.0,0.0,0.0,0.014281426773682295,2026.0,0.9897959183673493,20.081546902820634,Low
933260,The Substance,movie,7.139,5774,14.9865,2024-09-07,"A fading celebrity decides to use a black market drug, a cell-replicating substance that temporarily creates a younger, better version of herself.","Horror, Sci-Fi, Thriller",2024.0,0.7139000000000001,0.1474953380846553,0.016852680334385816,2024.0,0.9693877551020407,51.23071547042164,Medium
989730,Mononoke the Movie: The Phantom in the Rain,movie,7.1,62,8.2651,2024-07-26,"In the chambers of the Edo harem, two newcomers uncover political intrigue, rivalry and a vengeful spirit only one traveling medicine seller can vanquish.","Animation, Fantasy, Mystery",2024.0,0.71,0.001583773980126191,0.0,2024.0,0.9693877551020407,47.81943058164334,Medium
1071585,M3GAN 2.0,movie,7.251,1203,15.9757,2025-06-25,"After the underlying tech for M3GAN is stolen and misused by a powerful defense contractor to create a military-grade weapon known as Amelia, M3GAN's creator Gemma realizes that the only option is to resurrect M3GAN and give her a few upgrades, making her faster, stronger, and more lethal.","Action, Sci-Fi, Thriller",2025.0,0.7251000000000001,0.030730324162771095,0.01933291828879628,2025.0,0.979591836734695,49.59710158372525,Medium
767,Harry Potter and the Half-Blood Prince,movie,7.681,20579,15.2466,2009-07-15,"As Lord Voldemort tightens his grip on both the Muggle and wizarding worlds, Hogwarts is no longer a safe haven. Harry suspects perils may even lie within the castle, but Dumbledore is more intent upon preparing him for the final battle fast approaching. Together they work to find the key to unlock Voldemorts defenses and to this end, Dumbledore recruits his old friend and colleague Horace Slughorn, whom he believes holds crucial information. Even as the decisive showdown looms, romance blossoms for Harry, Ron, Hermione and their classmates. Love is in the air, but danger lies ahead and Hogwarts may never be the same again.","Adventure, Fantasy",2009.0,0.7681,0.5256852376938207,0.017504833480303895,2009.0,0.8163265306122476,57.91433203572745,Medium
957119,Sidelined: The QB and Me,movie,6.108,200,15.518,2025-02-06,"Dallas, a burdened but headstrong dancer, is determined to get into the best dance school in the country—her late mother’s alma mater. However, that dream is suddenly derailed when the cheeky yet secretly grieving football star, Drayton, crashes into her life with a unique story of his own. Will the two of them be able to grow into their dreams together, or will their dreams be sidelined?","Comedy, Romance",2025.0,0.6108,0.005108948322987713,0.01818531930807078,2025.0,0.979591836734695,44.48972208731507,Medium
934433,Scream VI,movie,6.959,3089,17.2444,2023-03-08,"Following the latest Ghostface killings, the four survivors leave Woodsboro behind and start a fresh chapter.","Horror, Thriller, Crime",2023.0,0.6959,0.07890770684854523,0.022513951338493553,2023.0,0.9591836734693899,49.048106633128576,Medium
346364,It,movie,7.2,20145,15.0714,2017-09-06,"In a small town in Maine, seven children known as The Losers Club come face to face with life problems, bullies and a monster that takes the shape of a clown called Pennywise.","Horror, Thriller, Drama",2017.0,0.7200000000000001,0.5145988198329374,0.017065551545798526,2017.0,0.8979591836734713,57.39247110104415,Medium
879945,The Unknown Man,movie,8.5,2,34.1735,2021-10-16,"Louis, a Flemish writer, decides to isolate himself at the Côte d’Azur, hoping this place will bring him inspiration.",Drama,2021.0,0.8500000000000001,5.108948322987713e-05,0.06496057118686606,2021.0,0.9387755102040813,54.07574341748356,Medium
852665,My Brother and I,movie,6.1,35,14.5451,2023-04-21,"Sofia is the black sheep of her family. She is a 28-year-old gay girl who can’t help but cheat on her partner and struggles to find a stable job. She has left a little town in Calabria, her homeland in Southern Italy, to move to Milan, where she lives with her roommate Alessandro. Mauro is Sofia's brother. Reliable and loving, unlike Sofia with whom he has a troubled relationship, Mauro has never left Calabria and runs the family winery. Despite their opposite attitudes, Sofia and Mauro has one thing in common. Michela is Sofia's first and only love, but she is Mauro’s bride-to-be. When Sofia realizes that she is about to lose the woman of her life, she decides to go back home to Calabria and win back her true love. This unexpected return will break the delicate balance of Mauro and Sofia’s family and will force the two siblings to a showdown, when they will choose who they really want to be when they grow up. A story of rekindled loves, friendship, growth, and family.",Comedy,2023.0,0.61,0.0008940659565228498,0.015745950620397974,2023.0,0.9591836734693899,43.91647380092621,Medium
441168,From Straight A's to XXX,movie,5.8,158,14.2317,2017-02-11,"When a change of circumstances leaves Miriam unable to pay her college tuition, she makes a surprising decision: to start performing in adult films, using the pseudonym Belle Knox. Miriam lies to her family and her friends at school, keeping her double life a secret. But soon rumours spread and Miriam becomes the subject of vicious online attacks and unwanted attention. Miriam fights back: she talks to the media, saying her new line of work empowers her as a feminist. But her confident stand has unintended consequences. Miriam is shunned by her conservative family and her colleagues in the adult film world. One impulsive decision has quickly spiralled out of control - and Miriam's problems are just beginning.","Drama, TV Movie",2017.0,0.58,0.004036069175160293,0.01496015747956474,2017.0,0.8979591836734713,41.539108206563924,Medium
18785,The Hangover,movie,7.329,17901,15.1601,2009-06-02,"When three friends finally come to after a raucous night of bachelor-party revelry, they find a baby in the closet and a tiger in the bathroom. But they can't seem to locate their best friend, Doug – who's supposed to be tying the knot. Launching a frantic search for Doug, the trio perseveres through a nasty hangover to try to make it to the church on time.",Comedy,2009.0,0.7329,0.4572764196490153,0.017287950561726755,2009.0,0.8163265306122476,55.1338180164598,Medium
1403735,Laila,movie,4.571,7,15.6692,2025-02-14,"Sonu Model, a renowned beautician from the old city, is forced to disguise himself as Laila, leading to a series of comedic, romantic, and action-packed events. Chaos ensues in this hilarious laugh riot","Comedy, Romance",2025.0,0.4571,0.00017881319130456995,0.01856442563510966,2025.0,0.979591836734695,38.25070151122218,Low
80295,14 and Under,movie,5.4,46,11.1734,1973-08-16,"This episodic film is a close relative of Wolf Hartwig's schoolgirl report movies, made by the same people, in a similar style, around similar topics. However, this one specifically focuses on the coming-of-age aspects, to an extent that it also touches on delicate issues such as paedophilia.","Comedy, Romance",1973.0,0.54,0.001175058114287174,0.0072920299664495924,1973.0,0.44897959183673564,30.74893359834945,Low
675,Harry Potter and the Order of the Phoenix,movie,7.672,20600,14.3384,2007-07-08,"Returning for his fifth year at Hogwarts, Harry is stunned to find that his warnings about the return of Lord Voldemort have been ignored. Left with no choice, Harry takes matters into his own hands, training a small group of motivated students to defend themselves against the Dark Arts.","Adventure, Fantasy",2007.0,0.7672,0.5262216772677345,0.015227688201092836,2007.0,0.795918367346939,57.435354656315326,Medium
567609,Ready or Not,movie,7.0,5156,17.2422,2019-08-21,A young bride's wedding night turns into her worst nightmare when her ridiculously rich in-laws force her to play a gruesome game of hide-and-seek.,"Horror, Comedy",2019.0,0.7000000000000001,0.13170868776662326,0.022508435241142464,2019.0,0.9183673469387763,49.451689398930846,Medium
269955,Obsessed,movie,6.6,79,14.5539,2014-05-14,"A secret, passionate affair happens in the summer of 1969 between Colonel Jin Pyeong, trapped in a loveless marriage with Soo Jin, and Jong Ga Heun, the Chinese-Korean wife of Captain Kyung Woo Jin.",Drama,2014.0,0.66,0.0020180345875801466,0.015768015009802353,2014.0,0.8673469387755119,44.102659767457894,Medium
1072699,Inside Furioza,movie,6.5,89,15.2463,2025-10-14,"In the wake of murder, new Furioza leader Golden claims the reins of his violent and formidable hooligan gang and takes on a new focus across borders.","Action, Crime, Thriller",2025.0,0.65,0.002273482003729532,0.017504081285210565,2025.0,0.979591836734695,45.987388000472706,Medium
49051,The Hobbit: An Unexpected Journey,movie,7.368,19424,15.4304,2012-12-12,"Bilbo Baggins, a hobbit enjoying his quiet life, is swept into an epic quest by Gandalf the Grey and thirteen dwarves who seek to reclaim their mountain home from Smaug, the dragon.","Adventure, Fantasy, Action",2012.0,0.7368000000000001,0.4961810611285667,0.01796567834081809,2012.0,0.8469387755102034,56.69371029959176,Medium
1151272,Sirāt,movie,6.8,557,13.8662,2025-06-06,"A man and his son arrive at a rave lost in the mountains of Morocco. They are looking for Marina, their daughter and sister, who disappeared months ago at another rave. Driven by fate, they decide to follow a group of ravers in search of one last party, in hopes Marina will be there.","Drama, Thriller",2025.0,0.68,0.01422842107952078,0.014043733124189665,2025.0,0.979591836734695,47.35727981876811,Medium
228150,Fury,movie,7.542,12782,14.8106,2014-10-15,"April, 1945. As the Allies make their final push in the European Theatre, a battle-hardened army sergeant named Wardaddy commands a Sherman tank and her five-man crew on a deadly mission behind enemy lines. Outnumbered and outgunned, and with a rookie soldier thrust into their platoon, Wardaddy and his men face overwhelming odds in their heroic attempts to strike at the heart of Nazi Germany.","War, Drama, Action",2014.0,0.7542,0.32651288732214473,0.016411643277996015,2014.0,0.8673469387755119,54.37342938751306,Medium
46283,The Sisters,movie,4.763,19,45.7555,2005-04-23,"Based on Anton Chekov's ""The Three Sisters"" about siblings living in a college town who struggle with the death of their father and try to reconcile relationships in their own lives.",Drama,2005.0,0.4763,0.00048535009068383274,0.09400031642340259,2005.0,0.775510204081634,36.451917411914415,Low
404246,Perils of the Jungle,movie,3.0,3,9.726,1953-03-19,"On an African safari with his friend Grant, Clyde Beatty plans to buy some black-maned Numbian lions from Jo Carter but her animals are wiped out by a fire. Despite interference by rival dealer Gorman, who hopes to ruin Jo, Beatty saves her business by helping her to capture an adult gorilla. (2nd story) When Grant is bitten by a tsetse fly and falls ill, Beatty heads for the nearest hospital through the territory of the dangerous Matabeles tribe. They are captured and condemned to death by Grubbs, a white man living with the tribe and stealing their gold. Using the Matabele Boy King as a shield, Beatty and Grant make an escape and Grubbs is forced to accompany them, leaving his loot behind.",Adventure,1953.0,0.30000000000000004,7.66342248448157e-05,0.0036629393728247472,1953.0,0.24489795918367463,16.972750655626886,Low
106646,The Wolf of Wall Street,movie,8.027,25616,16.1029,2013-12-25,"A New York stockbroker refuses to cooperate in a large securities fraud case involving corruption on Wall Street, corporate banking world and mob infiltration. Based on Jordan Belfort's autobiography.","Crime, Drama, Comedy",2013.0,0.8027,0.6543541012082663,0.019651849008368676,2013.0,0.8571428571428577,62.73097614718986,Medium
73861,A Serbian Film,movie,5.429,2182,14.8408,2010-01-06,"Retired porn star Milos leads a normal family life trying to make ends meet. Presented with the opportunity of a lifetime to financially support his family for the rest of their lives, Milos must participate in one last mysterious film. From then on, Milos is drawn into a maelstrom of unbelievable cruelty and mayhem.","Crime, Horror, Thriller",2010.0,0.5429,0.05573862620379595,0.016487364250724678,2010.0,0.8265306122448983,39.69113205398838,Low
291908,Under the Gun,movie,6.6,4,13.8443,1988-04-25,"A St. Louis cop, Mike Braxton (Sam Jones), receives an urgent call for help from his brother Tony (Nick Cassavetes), a small time thief in Los Angeles. Mike rushes to LA and finds that his brother has been murdered and his brother Tony's girlfriend gunned down right in front of him. Mike quickly learns Tony was a courier for an arms smuggler, Simon Stone (John Russell). When Mike meets Stone's lawyer, Samantha Richardson (Vanessa Williams), the two team up to bring down Stone's arms smuggling empire. However, Mike's infatuation with Samantha keeps putting them in greater danger.","Comedy, Action",1988.0,0.66,0.00010217896645975426,0.013988822882376493,1988.0,0.6020408163265323,38.72263636350738,Low
402431,Wicked,movie,6.913,2914,15.3904,2024-10-16,"In the land of Oz, ostracized and misunderstood green-skinned Elphaba is forced to share a room with the popular aristocrat Glinda at Shiz University, and the two's unlikely friendship is tested as they begin to fulfill their respective destinies as Glinda the Good and the Wicked Witch of the West.","Drama, Romance, Fantasy",2024.0,0.6913,0.07443737706593098,0.017865385661707273,2024.0,0.9693877551020407,48.88581035659358,Medium
98,Gladiator,movie,8.2,20618,15.0163,2000-05-04,"After the death of Emperor Marcus Aurelius, his devious son takes power and demotes Maximus, one of Rome's most capable generals who Marcus preferred. Eventually, Maximus is forced to become a gladiator and battle to the death against other men for the amusement of paying audiences.","Action, Drama, Adventure",2000.0,0.82,0.5266814826168034,0.016927398380323377,2000.0,0.7244897959183696,58.16197353830993,Medium
303193,Food Chain,movie,5.7,3,12.7709,2014-09-17,"In-hee, a skin care specialist and Nam-hyeok met in high school and got married early. Nam-hyeok has inferiority complex from not being getting able to get a job and is tired of the same old life. Feeling a sense of shame, Nam-hyeok goes into a cafe one day and pretends to be the section head of a major company. He visits the place everyday to be comforted by the female owner Joo-yeon. Bong-goo Joo-yeon's little brother who doesn't have a real job and lives off the pocket money she gives him for running her errands. He watches Mi-ae's eating channel and falls for her. Graduate school teaching assistant Ji-hoon maintains a sexual partner relationship with Mi-ae, but she is serious about him. Meanwhile, Ji-hoon follows Mi-ae to the skin care specialist and meets In-hee then falls for her right away...","Drama, Romance",2014.0,0.5700000000000001,7.66342248448157e-05,0.011297468838437765,2014.0,0.8673469387755119,40.37442083677589,Medium
1481126,Title Fight,movie,10.0,1,13.7182,2025-05-15,"When Avtar Bhullar immigrates to British Columbia, he faces systemic racism and physical intimidation—his answer: Kushti, a traditional Indian form of wrestling. Determined to protect his son from the same fate, Avtar trains a young Arjan Singh Bhullar in Kushti. Fast forward to 2021—Arjan, now a Commonwealth Games Gold Medalist, prepares to challenge Brandon Vera for the ONE FC World Heavyweight Title. But this is more than a fight—it’s a battle for identity, pride, and the hopes of two nations: Canada and India. Featuring exclusive commentary from Prime Minister Justin Trudeau, Ariel Helwani, Daniel Cormier, and Russell Peters, Title Fight is a deeply human story about heritage, resilience, and triumph.",Documentary,2025.0,1.0,2.5544741614938566e-05,0.013672650211479651,2025.0,0.979591836734695,59.865800633755796,Medium
177572,Big Hero 6,movie,7.724,16412,14.6926,2014-10-24,"A special bond develops between plus-sized inflatable robot Baymax, and prodigy Hiro Hamada, who team up with a group of friends to form a band of high-tech heroes.","Adventure, Family, Animation, Action, Comedy",2014.0,0.7724000000000001,0.41924029938437174,0.016115779874619107,2014.0,0.8673469387755119,56.95006036069006,Medium
14160,Up,movie,8.0,21432,15.8589,2009-05-28,"Carl Fredricksen spent his entire life dreaming of exploring the globe and experiencing life to its fullest. But at age 78, life seems to have passed him by, until a twist of fate (and a persistent 8-year old Wilderness Explorer named Russell) gives him a new lease on life.","Animation, Comedy, Family, Adventure",2009.0,0.8,0.5474749022913633,0.019040063665792698,2009.0,0.8163265306122476,59.656829931388074,Medium
1495,Kingdom of Heaven,movie,7.0,4823,13.4931,2005-05-03,"After his wife dies, a blacksmith named Balian is thrust into royalty, political intrigue and bloody holy wars during the Crusades.","Drama, Action, Adventure, History, War",2005.0,0.7000000000000001,0.1232022888088487,0.013108253159783537,2005.0,0.775510204081634,46.236414921005334,Medium
139797,The Dwarfs,movie,4.7,3,12.8774,2002-11-01,"A young actor and an angst-ridden city worker fight over a girl watched over by a disturbed chum.  The play is concerned with three young men, Len, Pete and Mark, and the scene of action shifts back and forth between Len's house and Mark's. Sometimes all three come together, sometimes only two, and often Len is on stage alone. There are conversations and soliloquies filled with the brilliant convolutions of thought, the sudden flashes of truth which distinguish Pinter's unique style, with the mood ranging from calm introspection to explosive outpouring. Much of what is said hints at deeper thoughts left unspoken, and the sense of horror and alienation which often emerges is a searing indictment of our life and times. We meet, we talk, we tear at each other, but our insularity is seldom penetrated. We are together but alone, as though life were a mirror which reflects only our own image.","Drama, TV Movie",2002.0,0.47000000000000003,7.66342248448157e-05,0.011564498096570317,2002.0,0.7448979591836746,33.9307818301018,Low
822119,Captain America: Brave New World,movie,6.0,2972,14.5527,2025-02-12,"After meeting with newly elected U.S. President Thaddeus Ross, Sam finds himself in the middle of an international incident. He must discover the reason behind a nefarious global plot before the true mastermind has the entire world seeing red.","Action, Thriller, Sci-Fi",2025.0,0.6000000000000001,0.07591897207959741,0.015765006229429033,2025.0,0.979591836734695,45.425516300874435,Medium
87101,Terminator Genisys,movie,5.95,8876,14.4387,2015-06-23,"The year is 2029. John Connor, leader of the resistance continues the war against the machines. At the Los Angeles offensive, John's fears of the unknown future begin to emerge when TECOM spies reveal a new plot by SkyNet that will attack him from both fronts; past and future, and will ultimately change warfare forever.","Sci-Fi, Action, Thriller",2015.0,0.5950000000000001,0.2267351265741947,0.015479172093963208,2015.0,0.8775510204081627,46.195306381526414,Medium
482600,Japanese Mom,movie,6.6,63,15.4104,2017-02-09,"""Innocent face, D-cup breasts and perfect intercourse skills! Son, this is not your girlfriend anymore but your mother!""  Ki-ho brings Yuki from Japan to marry her. However, he starts cheating on her with his ex-girlfriend in Korea.  Min-cheol comforted Yuki and thought of her as his daughter-in-law, but one day he realizes he is looking at her as a woman.  In the end, Yuki and Min-cheol have intercourse without Ki-ho knowing...",Romance,2017.0,0.66,0.0016093187217411297,0.01791553200126268,2017.0,0.8979591836734713,44.749680687929505,Medium
1242937,The Dreadful,movie,6.425,53,14.3669,2026-02-20,"In medieval England, Anne and her domineering mother-in-law Morwen struggle to survive on the outskirts of society. But when a man from Anne's past returns from war, a curse begins to take shape through a mysterious knight and threatens to destroy them all.",Horror,2026.0,0.6425000000000001,0.001353871305591744,0.015299146734959291,2026.0,0.9897959183673493,45.828978728158006,Medium
207,Dead Poets Society,movie,8.301,12381,13.4561,1989-06-02,"At an elite, old-fashioned boarding school in New England, a passionate English teacher inspires his students to rebel against convention and seize the potential of every day, courting the disdain of the stern headmaster.",Drama,1989.0,0.8301000000000001,0.31626944593455436,0.013015482431606034,1989.0,0.612244897959183,52.03459652650688,Medium
38757,Tangled,movie,7.6,12246,14.6447,2010-11-24,"Feisty teenager Rapunzel, who has long and magical hair, wants to go and see sky lanterns on her eighteenth birthday, but she's bound to a tower by her overprotective mother. She strikes a deal with Flynn Rider, a charming wanted thief, and the duo set off on an action-packed escapade.","Animation, Family, Adventure",2010.0,0.76,0.31282090581653765,0.015995679391383907,2010.0,0.8265306122448983,53.50694394905641,Medium
250669,Antoo Fighter,movie,0.0,0,14.5081,2008-11-27,"A group of ghastly creatures from the past led by Drakulat Van Listerooy (Awie) returns to free one of Satan's spawn - Lord Sharon. Drakulat and his ghosts terrorise Kuala Lumpur in search of the chosen one, a girl named Delyla who represents a bloodline extraordinary powers, making her the perfect sacrificial victim for Lord Sharon's freedom. It is now up to a top-secret group called Antoo Fighters to protect the world from evil and to save Kuala Lumpur!","Action, Comedy",2008.0,0.0,0.0,0.01565317989222047,2008.0,0.8061224489795933,16.435512577436278,Low
111,Scarface,movie,8.2,12810,14.2505,1983-12-09,"After getting a green card in exchange for assassinating a Cuban government official, Tony Montana stakes a claim on the drug trade in Miami. Viciously murdering anyone who stands in his way, Tony eventually becomes the biggest drug lord in the state, controlling nearly all the cocaine that comes through Miami. But increased pressure from the police, wars with Colombian drug cartels and his own drug-fueled paranoia serve to fuel the flames of his eventual downfall.","Action, Crime, Drama",1983.0,0.82,0.327228140087363,0.015007295038746826,1983.0,0.5510204081632679,50.66511686578755,Medium
1197137,Black Phone 2,movie,6.721,960,15.2173,2025-10-15,"Four years after defeating The Grabber, Finney Blake is struggling with life after captivity. When his younger sister Gwen begins receiving calls in her dreams from the Black Phone and seeing disturbing visions of three boys being stalked at a winter camp, the siblings become determined to solve the mystery and confront a killer who has grown more powerful in death and more significant to them than either could imagine.","Horror, Thriller",2025.0,0.6721,0.024522951950341022,0.017431369092855222,2025.0,0.979591836734695,47.31492315555783,Medium
470158,Charcot: Secret Poles,movie,7.9,4,15.0132,2016-10-01,"The adventures and exploits of Jean-Baptiste Charcot (1867-1936), an intrepid scientist and explorer who laid the foundations of modern oceanography.","Documentary, History",2016.0,0.79,0.00010217896645975426,0.01691962569769229,2016.0,0.887755102040817,49.69553813409939,Medium
16869,Inglourious Basterds,movie,8.2,23886,14.6558,2009-08-02,"In Nazi-occupied France during World War II, a group of Jewish-American soldiers known as ""The Basterds"" are chosen specifically to spread fear throughout the Third Reich by scalping and brutally killing Nazis. The Basterds, lead by Lt. Aldo Raine soon cross paths with a French-Jewish teenage girl who runs a movie theater in Paris which is targeted by the soldiers.","Drama, Thriller, War",2009.0,0.82,0.6101616982144226,0.016023510609837154,2009.0,0.8163265306122476,61.65023478873015,Medium
1412598,Killer Whale,movie,5.614,66,14.6942,2026-01-16,Follows best friends Maddie and Trish as they find themselves trapped in a remote lagoon with the dangerous killer whale named Ceto.,"Thriller, Horror, Action, Mystery, Sci-Fi",2026.0,0.5614,0.0016859529465859454,0.016119791581783543,2026.0,0.9897959183673493,42.60803325791438,Medium
1253000,Deathstalker,movie,6.045,55,13.6999,2025-10-10,"A powerful swordsman known as Deathstalker recovers a cursed amulet from a corpse-strewn battlefield. Marked by dark magic and hunted by monstrous assassins, he must face the rising evil and break the curse.","Fantasy, Action, Adventure",2025.0,0.6045,0.001404960788821621,0.013626766310786447,2025.0,0.979591836734695,44.072471276686066,Medium
106,Predator,movie,7.545,8924,13.9463,1987-06-12,A team of elite commandos on a secret mission in a Central American jungle come to find themselves hunted by an extraterrestrial warrior.,"Sci-Fi, Action, Adventure, Thriller",1987.0,0.7545000000000001,0.22796127417171178,0.014244569214109073,1987.0,0.591836734693878,46.86085156159399,Medium
687259,Ghost Stories,movie,6.2,2,13.6147,1982-01-01,No description,Horror,1982.0,0.6200000000000001,5.108948322987713e-05,0.013413142904280414,1982.0,0.5408163265306136,35.88561117836249,Low
297762,Wonder Woman,movie,7.209,20755,14.1334,2017-05-30,An Amazon princess comes to the world of Man in the grips of the First World War to confront the forces of evil and bring an end to human conflict.,"Action, Adventure, Fantasy",2017.0,0.7209,0.53018111221805,0.014713688220649907,2017.0,0.8979591836734713,57.69307968224342,Medium
228194,The Hundred-Foot Journey,movie,7.274,1531,13.4962,2014-08-06,A story centered around an Indian family who moves to France and opens a restaurant across the street from a Michelin-starred French restaurant.,"Drama, Comedy",2014.0,0.7274,0.039108999412470945,0.013116025842414624,2014.0,0.8673469387755119,47.48743928060796,Medium
456,The Simpsons,tv,8.011,10621,291.0823,1989-12-17,"Set in Springfield, the average American town, the show focuses on the antics and everyday adventures of the Simpson family; Homer, Marge, Bart, Lisa and Maggie, as well as a virtual cast of thousands. Since the beginning, the series has been a pop culture icon, attracting hundreds of celebrities to guest star. The show has also made name for itself in its fearless satirical take on politics, media and American life in general.","Family, Animation, Comedy",1989.0,0.8010999999999999,0.2713107006922625,0.7091123671654807,1989.0,0.612244897959183,63.89735931633853,Medium
1416,Grey's Anatomy,tv,8.209,10806,327.129,2005-03-27,Follows the personal and professional lives of a group of doctors at Seattle's Grey Sloan Memorial Hospital.,Drama,2005.0,0.8209,0.27603647789102614,0.7994928700680762,2005.0,0.775510204081634,69.85679104081474,Medium
79744,The Rookie,tv,8.5,3054,327.2128,2018-10-16,"Starting over isn't easy, especially for small-town guy John Nolan who, after a life-altering incident, is pursuing his dream of being an LAPD officer. As the force's oldest rookie, he's met with skepticism from some higher-ups who see him as just a walking midlife crisis.","Crime, Drama, Comedy",2018.0,0.8500000000000001,0.07801364089202238,0.7997029832308135,2018.0,0.908163265306122,69.71759778857917,Medium
1434,Family Guy,tv,7.393,4844,271.9778,1999-01-31,"Sick, twisted, politically incorrect and Freakin' Sweet animated series featuring the adventures of the dysfunctional Griffin family. Bumbling Peter and long-suffering Lois have three kids. Stewie (a brilliant but sadistic baby bent on killing his mother and taking over the world), Meg (the oldest, and is the most unpopular girl in town) and Chris (the middle kid, he's not very bright but has a passion for movies). The final member of the family is Brian - a talking dog and much more than a pet, he keeps Stewie in check whilst sipping Martinis and sorting through his own life issues.","Animation, Comedy",1999.0,0.7393000000000001,0.12373872838276241,0.6612113299636665,1999.0,0.7142857142857153,59.55671545264289,Medium
22980,Watch What Happens Live with Andy Cohen,tv,5.0,84,265.4772,2009-07-16,Bravo network executive Andy Cohen discusses pop culture topics with celebrities and reality show personalities.,Comedy,2009.0,0.5,0.0021457582956548394,0.6449122652179724,2009.0,0.8163265306122476,49.26769108251751,Medium
1911,Bones,tv,8.194,3426,306.7632,2005-09-13,"Dr. Temperance Brennan and her colleagues at the Jeffersonian's Medico-Legal Lab assist Special Agent Seeley Booth with murder investigations when the remains are so badly decomposed, burned or destroyed that the standard identification methods are useless.","Crime, Drama",2005.0,0.8194000000000001,0.08751628477277952,0.7484293539622002,2005.0,0.775510204081634,65.00511685633228,Medium
1871,EastEnders,tv,4.1,219,364.7897,1985-02-19,"The everyday lives of working-class residents of Albert Square, a traditional Victorian square of terrace houses surrounding a park in the East End of London's Walford borough.","Drama, Crime",1985.0,0.41,0.005594298413671546,0.893920182572793,1985.0,0.571428571428573,45.818861048300754,Medium
1622,Supernatural,tv,8.305,8276,284.0427,2005-09-13,"When they were boys, Sam and Dean Winchester lost their mother to a mysterious and demonic supernatural force. Subsequently, their father raised them to be soldiers. He taught them about the paranormal evil that lives in the dark corners and on the back roads of America ... and he taught them how to kill it. Now, the Winchester brothers crisscross the country in their '67 Chevy Impala, battling every kind of supernatural threat they encounter along the way. ","Drama, Mystery",2005.0,0.8305,0.21140828160523156,0.6914618585687684,2005.0,0.775510204081634,66.7876068851127,Medium
94722,Tagesschau,tv,6.8,254,243.4431,1952-12-26,"German daily news program, the oldest still existing program on German television.",,1952.0,0.68,0.006488364370194396,0.5896657921980821,1952.0,0.23469387755102034,43.81696068238594,Medium
2224,The Daily Show,tv,6.409,620,235.337,1996-07-22,"The World's Fakest News Team tackle the biggest stories in news, politics and pop culture.",Comedy,1996.0,0.6409,0.01583773980126191,0.5693412300445776,1996.0,0.683673469387756,51.01304878467191,Medium
4614,NCIS,tv,7.6,2474,267.3705,2003-09-23,"From murder and espionage to terrorism and stolen submarines, a team of special agents investigates any crime that has any connection to Navy and Marine Corps personnel, regardless of rank or position.","Crime, Drama",2003.0,0.76,0.06319769075535801,0.649659368451985,2003.0,0.7551020408163289,59.75918200047345,Medium
2734,Law & Order: Special Victims Unit,tv,7.9,4143,290.6922,1999-09-20,"In the criminal justice system, sexually-based offenses are considered especially heinous. In New York City, the dedicated detectives who investigate these vicious felonies are members of an elite squad known as the Special Victims Unit. These are their stories.","Crime, Drama, Mystery",1999.0,0.79,0.10583186451069047,0.7081342628124525,1999.0,0.7142857142857153,62.16503683217718,Medium
111110,ONE PIECE,tv,8.115,1612,244.109,2023-08-31,"With his straw hat and ragtag crew, young pirate Monkey D. Luffy goes on an epic voyage for treasure.",,2023.0,0.8115000000000001,0.04117812348328097,0.5913354145735794,2023.0,0.9591836734693899,64.29394423052501,Medium
112527,Obake no Q-tarō,tv,7.0,2,253.862,1985-04-01,"Q-taro, a monster, is living with the Ohara family. He can fly and make his body transparent, but he cannot turn his body into other things like other monsters do. He is a scattered mind, and he always makes mistakes and causes trouble.

Sequel of Shin Obake no Q-tarou.","Animation, Comedy",1985.0,0.7000000000000001,5.108948322987713e-05,0.6157892770577739,1985.0,0.571428571428573,51.745378759391535,Medium
19530,Pili,tv,6.9,7,289.4269,1988-06-01,"Pili is a puppet show from Taiwan. It is made by Pili International Multimedia. The TV series started in 1985, and it still continues today. It is one of the most popular TV shows in Taiwan. Pili puppet show is performed by many kinds of puppets, some of them are cool, some are intelligent, and some are funny. Unlike traditional puppet shows, Pili puppet show uses state-of-the-art animation to help present its fighting art. The delicate design of the appearance and characteristics of each puppet has made Pili puppet show a well-known entertainment in Taiwan.",Drama,1988.0,0.6900000000000001,0.00017881319130456995,0.7049617546404796,1988.0,0.6020408163265323,53.74362768316634,Medium
2661,Kamen Rider,tv,6.417,96,223.3308,1971-04-03,"Takeshi Hongo is a promising young man with a passion for motorcycle racing. However, his dreams are suddenly ruined when he gets kidnapped by Shocker, the evil secret organization planning to dominate the world. After being remodeled into a cyborg, Takeshi escapes and swears to protect the world from the inhuman monsters.",Drama,1971.0,0.6417,0.0024522951950341023,0.539237880946071,1971.0,0.4285714285714306,45.07323209425071,Medium
59941,The Tonight Show Starring Jimmy Fallon,tv,5.85,367,188.9849,2014-02-17,"After Jay Leno's second retirement from the program, Jimmy Fallon stepped in as his permanent replacement. After 42 years in Los Angeles the program was brought back to New York.",Comedy,2014.0,0.585,0.009374920172682454,0.45312182275926727,2014.0,0.8673469387755119,49.99687363414924,Medium
549,Law & Order,tv,7.336,672,259.1334,1990-09-13,"In cases ripped from the headlines, police investigate serious and often deadly crimes, weighing the evidence and questioning the suspects until someone is taken into custody. The district attorney's office then builds a case to convict the perpetrator by proving the person guilty beyond a reasonable doubt. Working together, these expert teams navigate all sides of the complex criminal justice system to make New York a safer place.","Crime, Drama",1990.0,0.7336,0.017166066365238715,0.6290063477743927,1990.0,0.6224489795918373,54.71642787462938,Medium
1408,House,tv,8.6,7419,193.0538,2004-11-16,"Dr. Gregory House, a drug-addicted, unconventional, misanthropic medical genius, leads a team of diagnosticians at the fictional Princeton–Plainsboro Teaching Hospital in New Jersey.",Drama,2004.0,0.86,0.18951643804122922,0.4633238448101171,2004.0,0.7653061224489797,62.76292810600652,Medium
270462,La Revuelta,tv,8.0,2,202.7496,2024-09-09,"David Broncano, along with Jorge Ponce, Ricardo Castella and his other collaborators, lead La Revuelta, a comedy show that includes multiple sections and interviews from the Teatro Príncipe Gran Vía in Madrid.",Comedy,2024.0,0.8,5.108948322987713e-05,0.4876342887631831,2024.0,0.9693877551020407,61.14146266696908,Medium
1431,CSI: Crime Scene Investigation,tv,7.6,1356,182.3252,2000-10-06,"A Las Vegas team of forensic investigators are trained to solve criminal cases by scouring the crime scene, collecting irrefutable evidence and finding the missing pieces that solve the mystery.","Crime, Drama, Mystery",2000.0,0.76,0.0346386696298567,0.43642384388240985,2000.0,0.7244897959183696,54.311046188612735,Medium
5920,The Mentalist,tv,8.352,4181,197.6466,2008-09-23,"Patrick Jane, a former celebrity psychic medium, uses his razor sharp skills of observation and expertise at ""reading"" people to solve serious crimes with the California Bureau of Investigation.","Crime, Drama, Mystery",2008.0,0.8352,0.10680256469205815,0.47483945022562096,2008.0,0.8061224489795933,61.16328927794545,Medium
14424,Young Hearts,tv,6.2,34,250.7935,1995-04-24,"Malhação is a Brazilian television series for the teenage audience. The soap started in 1995, and was set in a fictional Gym Club called Malhação on Barra da Tijuca, Rio de Janeiro. Through the years the location varied slightly. Although the name of the soap remains the same, it is now set in the Múltipla Escolha High School.","Comedy, Drama",1995.0,0.6200000000000001,0.0008685212149079113,0.6080955749114855,1995.0,0.6734693877551017,50.44866967762991,Medium
1399,Game of Thrones,tv,8.458,26476,184.0541,2011-04-17,"Seven noble families fight for control of the mythical land of Westeros. Friction between the houses leads to full-scale war. All while a very ancient evil awakens in the farthest north. Amidst the war, a neglected military order of misfits, the Night's Watch, is all that stands between the realms of men and icy horrors beyond.",Drama,2011.0,0.8458000000000001,0.6763225789971135,0.44075874420527705,2011.0,0.8367346938775526,72.90832034159888,High
70672,Men on a Mission,tv,7.512,41,153.4085,2015-12-05,"Male celebs play make-believe as high schoolers, welcoming star transfer students every week and engaging in battles of witty humor and slapstick.",Comedy,2015.0,0.7512,0.0010473344062124812,0.3639205110313172,2015.0,0.8775510204081627,54.89837731691385,Medium
46952,The Blacklist,tv,7.633,3511,169.869,2013-09-23,"Raymond ""Red"" Reddington, one of the FBI's most wanted fugitives, surrenders in person at FBI Headquarters in Washington, D.C. He claims that he and the FBI have the same interests: bringing down dangerous criminals and terrorists. In the last two decades, he's made a list of criminals and terrorists that matter the most but the FBI cannot find because it does not know they exist. Reddington calls this ""The Blacklist"". Reddington will co-operate, but insists that he will speak only to Elizabeth Keen, a rookie FBI profiler.","Drama, Crime, Mystery",2013.0,0.7633000000000001,0.0896875878100493,0.40519220214390644,2013.0,0.8571428571428577,57.57245294193627,Medium
4604,Smallville,tv,8.179,4378,168.3968,2001-10-16,The origins of the world’s greatest hero–from Krypton refugee Kal-el’s arrival on Earth through his tumultuous teen years to Clark Kent’s final steps toward embracing his destiny as the Man of Steel.,Drama,2001.0,0.8179000000000001,0.11183487879020104,0.40150093008923293,2001.0,0.7346938775510203,57.67659372860909,Medium
3452,Frasier,tv,7.684,855,177.219,1993-09-16,"After many years spent at the “Cheers” bar, Frasier moves back home to Seattle to work as a radio psychiatrist after his policeman father gets shot in the hip on duty.","Comedy, Family",1993.0,0.7684000000000001,0.021840754080772472,0.4236209819305187,1993.0,0.6530612244897966,52.70645921002176,Medium
2261,The Tonight Show Starring Johnny Carson,tv,7.4,88,158.3222,1962-10-01,"The Tonight Show Starring Johnny Carson is a talk show hosted by Johnny Carson under The Tonight Show franchise from 1962 to 1992. It originally aired during late-night. For its first ten years, Carson's Tonight Show was based in New York City with occasional trips to Burbank, California; in May 1972, the show moved permanently to Burbank, California. In 2002, The Tonight Show Starring Johnny Carson was ranked #12 on TV Guide's 50 Greatest TV Shows of All Time.",,1962.0,0.7400000000000001,0.0022479372621145937,0.37624071446498747,1962.0,0.3367346938775526,43.9044669120931,Medium
95479,JUJUTSU KAISEN,tv,8.6,4251,186.394,2020-10-03,"Yuji Itadori is a boy with tremendous physical strength, though he lives a completely ordinary high school life. One day, to save a classmate who has been attacked by curses, he eats the finger of Ryomen Sukuna, taking the curse into his own soul. From then on, he shares one body with Ryomen Sukuna. Guided by the most powerful of sorcerers, Satoru Gojo, Itadori is admitted to Tokyo Jujutsu High School, an organization that fights the curses... and thus begins the heroic tale of a boy who became a curse to exorcise a curse, a life from which he could never turn back.",Animation,2020.0,0.86,0.10859069660510384,0.44662561520156197,2020.0,0.9285714285714306,64.07575480756194,Medium
5092,Infinite Challenge,tv,7.7,20,148.2446,2005-04-23,"Infinite Challenge has been reported as the first ""Real-Variety"" show in Korean television history. The program is largely unscripted, and follows a similar format of challenge-based Reality Television programs, familiar to the audiences in the West, but the challenges are often silly, absurd, or impossible to achieve, so the program takes on the aspect of a satirical comedy variety show, rather than a more standard reality or contest program. In order to achieve its comedic purposes its 6 hosts and staff continuously proclaim, the elements of this show are the 3-Ds, Dirty, Dangerous, and Difficult.",Comedy,2005.0,0.77,0.0005108948322987714,0.35097297688980866,2005.0,0.775510204081634,53.33988151607484,Medium
61818,Late Night with Seth Meyers,tv,5.2,123,146.622,2014-02-25,"Seth Meyers, who is ""Saturday Night Live's"" longest serving anchor on the show's wildly popular ""Weekend Update,"" takes over as host of NBC's ""Late Night"" — home to A-list celebrity guests, memorable comedy and the best in musical talent. As the Emmy Award-winning head writer for ""SNL,"" Meyers has established a reputation for sharp wit and perfectly timed comedy, and has gained fame for his spot-on jokes and satire. Meyers takes his departure from ""SNL"" to his new post at ""Late Night,"" as Jimmy Fallon moves to ""The Tonight Show"".",Comedy,2014.0,0.52,0.0031420032186374436,0.3469046043616785,2014.0,0.8673469387755119,45.147870927116564,Medium
14610,Secret Lives,tv,4.1,21,156.1204,1999-01-25,Salatut elämät (Secret Lives) is a Finnish television soap opera that premiered on MTV3 on 25 January 1999. The series' storylines follow the daily lives of several families who live in the same apartment block in Helsinki.,Drama,1999.0,0.41,0.0005364395739137098,0.3707201039433326,1999.0,0.7142857142857153,38.110845156059234,Low
63770,The Late Show with Stephen Colbert,tv,6.155,338,147.9952,2015-09-08,"Stephen Colbert brings his signature satire and comedy to The Late Show with Stephen Colbert, the #1 show in late night, where he talks with an eclectic mix of guests about what is new and relevant in the worlds of politics, entertainment, business, music, technology, and more. Featuring bandleader Jon Batiste with his band Stay Human, the Emmy Award-nominated show is broadcast from the historic Ed Sullivan Theater.",Comedy,2015.0,0.6155,0.008634122665849234,0.3503476520355528,2015.0,0.8775510204081627,49.3506559021913,Medium
141,Cheers,tv,7.55,650,161.8154,1982-09-30,The story about a blue-collar Boston bar run by former sports star Sam Malone and the quirky and wonderful people who worked and drank there.,Comedy,1982.0,0.755,0.01660408204971007,0.38499927413173496,1982.0,0.5408163265306136,49.04839365424118,Medium
57243,Doctor Who,tv,7.594,3311,148.6462,2005-03-26,"The Doctor is a Time Lord: a 900 year old alien with 2 hearts, part of a gifted civilization who mastered time travel. The Doctor saves planets for a living—more of a hobby actually, and the Doctor's very, very good at it.",Drama,2005.0,0.7594000000000001,0.0845786394870616,0.35197991538808127,2005.0,0.775510204081634,54.61737517913554,Medium
13945,"Gute Zeiten, schlechte Zeiten",tv,5.4,45,176.2167,1992-05-11,"Gute Zeiten, schlechte Zeiten is a long-running German television soap opera, first broadcast on RTL in 1992. The programme concerns the lives of a fictional neighborhood in Germany's capital city Berlin. Over the years the soap opera tends to have an overhaul of young people in their late teens and early twenties; targeting a young viewership.",Drama,1992.0,0.54,0.0011495133726722355,0.4211078981236995,1992.0,0.6428571428571423,42.90229108707029,Medium
95557,Invincible,tv,8.616,5342,213.5616,2021-03-25,"Mark Grayson is a normal teenager except for the fact that his father is the most powerful superhero on the planet. Shortly after his seventeenth birthday, Mark begins to develop powers of his own and enters into his father's tutelage.","Animation, Drama",2021.0,0.8616,0.1364600097070018,0.5147433999268366,2021.0,0.9387755102040813,66.2635783967584,Medium
33847,The Talk,tv,3.036,14,133.0517,2010-10-18,"A panel of well-known news and entertainment personalities discussing current events, pop culture, contemporary issues, family, celebrity and the trending topics of the day.",,2010.0,0.30360000000000004,0.0003576263826091399,0.31287956077824114,2010.0,0.8265306122448983,34.939355988114976,Low
34307,Shameless,tv,8.165,3228,169.7636,2011-01-09,"Chicagoan Frank Gallagher is the proud single dad of six smart, industrious, independent kids, who without him would be... perhaps better off. When Frank's not at the bar spending what little money they have, he's passed out on the floor. But the kids have found ways to grow up in spite of him. They may not be like any family you know, but they make no apologies for being exactly who they are.","Drama, Comedy",2011.0,0.8165,0.08245842593302169,0.40492793093444945,2011.0,0.8367346938775526,59.14242101490048,Medium
4057,Criminal Minds,tv,8.3,4019,162.5978,2005-09-22,"An elite team of FBI profilers analyze the country's most twisted criminal minds, anticipating their next moves before they strike again. The Behavioral Analysis Unit's most experienced agent is David Rossi, a founding member of the BAU who returns to help the team solve new cases.","Crime, Drama, Mystery",2005.0,0.8300000000000001,0.10266431655043809,0.3869609989351425,2005.0,0.775510204081634,58.5027103913443,Medium
498,Late Show with David Letterman,tv,6.392,162,122.347,1993-08-30,"Late Show with David Letterman is an American late-night talk show hosted by David Letterman on CBS. The show debuted on August 30, 1993, and is produced by Letterman's production company, Worldwide Pants Incorporated and CBS Television Studios. The show's music director and band-leader of the house band, the CBS Orchestra, is Paul Shaffer. The head writer is Matt Roberts and the announcer is Alan Kalter. Of the major U.S. late-night programs, Late Show ranks second in cumulative average viewers over time and third in number of episodes over time. The show leads other late night shows in ad revenue with $271 million in 2009.

In most U.S. markets the show airs at 11:35 p.m. Eastern/Pacific time, but is recorded Monday through Wednesday at 4:30 p.m., and Thursdays at 3:30 p.m and 6:00 p.m. The second Thursday episode usually airs on Friday of that week.

In 2002, Late Show with David Letterman was ranked No. 7 on TV Guide's 50 Greatest TV Shows of All Time. CBS has a contract with Worldwide Pants to continue the show through 2014; by then, Letterman will surpass Johnny Carson as the longest tenured late-night talk show host.",Comedy,1993.0,0.6392000000000001,0.004138248141620048,0.28603948472630253,1993.0,0.6530612244897966,44.43277914715439,Medium
49009,The Goldbergs,tv,7.472,359,150.7621,2013-09-24,"Before there were parenting blogs, trophies for showing up, and peanut allergies, there was a simpler time called the '80s. For geeky 11-year old Adam these were his wonder years and he faced them armed with a video camera to capture all the crazy. The Goldbergs are a loving family like any other, just with a lot more yelling.","Family, Comedy",2013.0,0.7472000000000001,0.009170562239762946,0.35728514738134565,2013.0,0.8571428571428577,54.359971335279326,Medium
228091,HK 80's,tv,0.0,0,137.3506,1981-06-08,"This sitcom  series premiered in 1981 and changed its name every year, from ""Hong Kong 81"" to ""Hong Kong 86."" It was eventually replaced by a new sitcom called ""City Stories."" A total of 1330 episodes were produced, making it the second-longest-running series in Hong Kong, after ""Come Home Love: Lo and Behold"".

Each episode of this series is inspired by current social issues, with early storylines often satirizing society's flaws. The characters, such as ""Chen Ji,"" ""Mrs. Shun,"" ""Uncle Mao,"" ""Jue Wu Yin,"" ""Miss Su,"" ""A Wei,"" and ""Ah Kang,"" mostly hail from the grassroots, leaving a lasting impression on the audience. For example, ""Mrs. Shun,"" portrayed by Lydia Shum, later became a term to describe uneducated women who follow trends blindly. ""Chen Ji,"" played by Lawrence Ng, is a stockbroker who loves to show off his wealth, and his behavior typified that of many Hong Kongers, becoming a byword for the city's nouveau riche.","Comedy, Drama, Family",1981.0,0.0,0.0,0.32365826573397816,1981.0,0.5306122448979593,17.085410212638752,Low
65733,Doraemon,tv,8.1,214,132.2395,2005-04-22,"Robotic cat Doraemon is sent back in time from the 22nd century to protect 10-year-old Noby, a lazy and uncoordinated boy who is destined to have a tragic future. Doraemon can create secret gadgets from a pocket on his stomach, but they usually cause more bad than good because of Noby's propensity to misuse them.","Animation, Comedy, Family",2005.0,0.81,0.005466574705596853,0.31084311792889596,2005.0,0.775510204081634,54.23639793432255,Medium
1396,Breaking Bad,tv,8.939,17335,153.7273,2008-01-20,"Walter White, a New Mexico chemistry teacher, is diagnosed with Stage III cancer and given a prognosis of only two years left to live. He becomes filled with a sense of fearlessness and an unrelenting desire to secure his family's financial future at any cost as he enters the dangerous world of drugs and crime.","Drama, Crime",2008.0,0.8939,0.44281809589496,0.36471984368383037,2008.0,0.8061224489795933,68.02920777116768,Medium
66732,Stranger Things,tv,8.575,20854,148.7605,2016-07-15,"When a young boy vanishes, a small town uncovers a mystery involving secret experiments, terrifying supernatural forces, and one strange little girl.",Mystery,2016.0,0.8574999999999999,0.5327100416379289,0.35226650171864043,2016.0,0.887755102040817,69.75463290794772,Medium
33238,Running Man,tv,8.244,205,141.1067,2010-07-11,"These days, as variety shows are gradually disappearing, this is one of Korea’s representative variety shows that has been responsible for Sunday evenings for over 10 years. This program features numerous stars and members going around various places, playing games, and completing missions. In particular, among the many fun elements of variety shows, this one focuses solely on laughter.

Open your eyes! Big fun is coming in!

Open your mouth! Big laughter is coming in!

Open your heart! Useful lessons are coming in!",Comedy,2010.0,0.8244,0.005236672031062406,0.33307599903418145,2010.0,0.8265306122448983,56.27286566620284,Medium
2190,South Park,tv,8.339,4882,120.0647,1997-08-13,"Follow the misadventures of four irreverent grade-schoolers in the quiet, dysfunctional town of South Park, Colorado.","Animation, Comedy",1997.0,0.8339000000000001,0.12470942856413007,0.2803170351879372,1997.0,0.6938775510204103,55.33408029544956,Medium
1421,Modern Family,tv,7.9,3249,136.7192,2009-09-23,"The Pritchett-Dunphy-Tucker clan is a wonderfully large and blended family. They give us an honest and often hilarious look into the sometimes warm, sometimes twisted, embrace of the modern family.",Comedy,2009.0,0.79,0.0829948655069354,0.322075145794214,2009.0,0.8163265306122476,56.02793083826795,Medium
32415,Conan,tv,7.1,247,143.0891,2010-11-08,A late night television talk show hosted by  Conan O'Brien.,Comedy,2010.0,0.71,0.006309551178889826,0.3380465042109135,2010.0,0.8265306122448983,51.81773335269404,Medium
1433,American Dad!,tv,6.999,2316,137.9165,2005-02-06,"The series focuses on an eccentric motley crew that is the Smith family and their three housemates: Father, husband, and breadwinner Stan Smith; his better half housewife, Francine Smith; their college-aged daughter, Hayley Smith; and their high-school-aged son, Steve Smith. Outside of the Smith family, there are three additional main characters, including Hayley's boyfriend turned husband, Jeff Fischer; the family's man-in-a-goldfish-body pet, Klaus; and most notably the family's zany alien, Roger, who is ""full of masquerades, brazenness, and shocking antics.""","Animation, Comedy",2005.0,0.6999,0.05916162158019772,0.3250771564116985,2005.0,0.775510204081634,51.190979641470605,Medium
4656,Raw,tv,6.8,350,170.1152,1993-01-11,"A regularly scheduled, live, year-round program featuring some of the biggest WWE Superstars.",,1993.0,0.68,0.008940659565228498,0.4058095035838335,1993.0,0.6530612244897966,48.55622775277718,Medium
4087,The X-Files,tv,8.372,3479,126.4256,1993-09-10,"The exploits of FBI Special Agents Fox Mulder and Dana Scully who investigate X-Files: marginalized, unsolved cases involving paranormal phenomena. Mulder believes in the existence of aliens and the paranormal while Scully, a skeptic, is assigned to make scientific analyses of Mulder's discoveries that debunk Mulder's work and thus return him to mainstream cases.","Mystery, Crime",1993.0,0.8372,0.08887015607837127,0.2962658277518368,1993.0,0.6530612244897966,54.2519441664001,Medium
65270,Radio Star,tv,5.8,4,147.3821,2007-05-30,"“Radio Star” is a South Korean music talk show where the guests and hosts talk openly and intimately about their lives, their pasts and their work. It is part of Munhwa Broadcasting Corporation's ""Golden Fishery"" programming block.",,2007.0,0.58,0.00010217896645975426,0.34881041599648177,2007.0,0.795918367346939,46.09661924619761,Medium
17887,7de Laan,tv,7.5,2,144.1529,2000-04-04,"7de Laan is an extraordinary microcosm where good and bad, evil and wholesome characters find themselves forming part of a wholesome community where no matter what – everyone counts and everyone cares…",,2000.0,0.75,5.108948322987713e-05,0.3407137880118656,2000.0,0.7244897959183696,51.305093468269305,Medium
1668,Friends,tv,8.415,8926,141.1978,1994-09-22,"Six young people from New York City, on their own and struggling to survive in the real world, find the companionship, comfort and support they get from each other to be the perfect antidote to the pressures of life.",Comedy,1994.0,0.8414999999999999,0.22801236365494165,0.3333044156108564,1994.0,0.6632653061224509,58.15164170776498,Medium
14981,The Late Late Show with Craig Ferguson,tv,6.741,112,109.9262,2005-01-03,"The Late Late Show with Craig Ferguson is an American late-night talk show hosted by Scottish American comedian Craig Ferguson, who is the third regular host of the Late Late Show franchise. It follows Late Show with David Letterman in the CBS late-night lineup, airing weekdays in the US at 12:37 a.m. It is taped in front of a live studio audience from Monday to Friday at CBS Television City in Los Angeles, California, directly above the Bob Barker Studio. It is produced by David Letterman's production company Worldwide Pants Incorporated and CBS Television Studios.

Since becoming host on January 3, 2005, after Craig Kilborn and Tom Snyder, Ferguson has achieved the highest ratings since the show's inception in 1995. While the majority of the episodes focus on comedy, Ferguson has also addressed difficult subject matter, such as the deaths of his parents, and undertaken serious interviews, such as one with Desmond Tutu, which earned the show a 2009 Peabody Award.",Comedy,2005.0,0.6741,0.002861011060873119,0.2548966020088122,2005.0,0.775510204081634,47.629356343026394,Medium
14929,Heartland,tv,8.266,574,139.0639,2007-10-14,"Life is hard on the Flemings' ranch in the Alberta foothills where abused or neglected horses find refuge with a kind, hard-working family. Debts abound and the bank is about to foreclose. Can they keep the ranch running?","Family, Drama, Comedy",2007.0,0.8266,0.014662681686974736,0.3279540519119921,2007.0,0.795918367346939,55.83470201891812,Medium
85077,The Chosen,tv,8.678,781,126.1281,2019-04-21,The life of Christ through the eyes of those who encountered him.,"Drama, Family",2019.0,0.8678000000000001,0.01995044320126702,0.2955199009509501,2019.0,0.9183673469387763,59.38875382181988,Medium
4629,Stargate SG-1,tv,8.3,1769,125.4222,1997-07-27,"The story of Stargate SG-1 begins about a year after the events of the feature film, when the United States government learns that an ancient alien device called the Stargate can access a network of such devices on a multitude of planets. SG-1 is an elite Air Force special operations team, one of more than two dozen teams from Earth who explore the galaxy and defend against alien threats such as the Goa'uld, Replicators, and the Ori.",,1997.0,0.8300000000000001,0.04518864791682632,0.293749985896342,1997.0,0.6938775510204103,53.85632369667158,Medium
2316,The Office,tv,8.594,5029,147.5208,2005-03-24,"The everyday lives of office employees in the Scranton, Pennsylvania branch of the fictional Dunder Mifflin Paper Company.",Comedy,2005.0,0.8593999999999999,0.12846450558152606,0.3491581808612985,2005.0,0.775510204081634,59.43865781048917,Medium
764,Midsomer Murders,tv,7.5,343,140.9243,1997-03-23,"The peacefulness of the Midsomer community is shattered by violent crimes, suspects are placed under suspicion, and it is up to a veteran DCI and his young sergeant to calmly and diligently eliminate the innocent and ruthlessly pursue the guilty. ","Crime, Drama, Mystery",1997.0,0.75,0.008761846373923928,0.33261866441743615,1997.0,0.6938775510204103,50.705161236235405,Medium
4607,Lost,tv,7.946,4948,121.8598,2004-09-22,"Stripped of everything, the survivors of a horrific plane crash  must work together to stay alive. But the island holds many secrets.","Mystery, Drama",2004.0,0.7946,0.12639538151071603,0.2848179198947328,2004.0,0.7653061224489797,55.31438847708857,Medium
60574,Peaky Blinders,tv,8.524,10870,143.4945,2013-09-12,"A gangster family epic set in 1919 Birmingham, England and centered on a gang who sew razor blades in the peaks of their caps, and their fierce boss Tommy Shelby, who means to move up in the world.","Drama, Crime",2013.0,0.8523999999999999,0.2776713413543822,0.3390629705137016,2013.0,0.8571428571428577,63.57354338021884,Medium
57532,PAW Patrol,tv,6.991,797,107.6201,2013-08-12,"Marshall, Rocky, Rubble, Zuma and Skye are doing their best to protect the people of their town. Led by Ryder, a tech-savvy 10-year-old boy, each of them is equipped with special equipment and together they help anyone who finds themselves in trouble. No task is too big for them and no puppy is too small.",Animation,2013.0,0.6991,0.020359159067106038,0.24911447832637595,2013.0,0.8571428571428577,50.4963298907268,Medium
4386,Baywatch,tv,5.97,527,133.0454,1989-04-23,Join the Baywatch lifeguards on their thrilling adventures filled with beautiful beaches and those iconic red swimsuits.,"Drama, Crime",1989.0,0.597,0.013462078831072624,0.31286376468128113,1989.0,0.612244897959183,42.65141482943074,Medium
82873,The Kelly Clarkson Show,tv,6.4,70,111.9508,2019-09-09,"Kelly Clarkson presents the biggest newsmakers and names in film, television and music; as well as emerging new talent and everyday people who are beacons of hope in their communities.",,2019.0,0.6400000000000001,0.0017881319130456997,0.2599729159620061,2019.0,0.9183673469387763,49.20256789627657,Medium
49011,Mom,tv,7.317,627,135.2276,2013-09-23,"Aan irreverent and outrageous take on true family love‐and dysfunction. Newly sober single mom Christy struggles to raise two children in a world full of temptations and pitfalls. Testing her sobriety is her formerly estranged mother, now back in Christy's life and eager to share passive-aggressive insights into her daughter's many mistakes.","Comedy, Drama",2013.0,0.7317,0.01601655299256648,0.31833523179017165,2013.0,0.8571428571428577,53.09789283851192,Medium
60572,Pokémon,tv,8.0,2130,126.8414,1997-04-01,"Join Ash accompanied by his partner Pikachu, as he travels through many regions, meets new friends and faces new challenges on his quest to become a Pokémon Master.",Animation,1997.0,0.8,0.054410299639819144,0.2973083701511937,1997.0,0.6938775510204103,52.91192441622846,Medium
502,Sesame Street,tv,7.1,279,136.5392,1969-11-10,"On a special inner city street, the inhabitants—human and muppet—teach preschoolers basic educational and social concepts using comedy, cartoons, games, and songs.",Comedy,1969.0,0.71,0.00712698291056786,0.32162382873821527,1969.0,0.408163265306122,43.1382815390981,Medium
693,Desperate Housewives,tv,7.901,2037,111.9964,2004-10-03,"Looking down on her friends and family isn't a way of life for Mary Alice Young... it's a way of death. One day, in her perfect house, in the loveliest of suburbs, Mary Alice ended it all. Now she's taking us into the lives of her family, friends and neighbors, commenting from her elevated P.O.V.","Mystery, Drama, Comedy",2004.0,0.7901,0.05203463866962986,0.26008724961619245,2004.0,0.7653061224489797,53.152560214696045,Medium
1405,Dexter,tv,8.226,5328,125.8108,2006-10-01,"Dexter Morgan, a blood spatter pattern analyst for the Miami Metro Police also leads a secret life as a serial killer, hunting down criminals who have slipped through the cracks of justice.","Crime, Drama, Mystery",2006.0,0.8226000000000001,0.13610238332439267,0.2947243292739036,2006.0,0.7857142857142883,57.23481996625169,Medium
1398,The Sopranos,tv,8.657,3344,106.5559,1999-01-10,"The story of New Jersey-based Italian-American mobster Tony Soprano and the difficulties he faces as he tries to balance the conflicting requirements of his home life and the criminal organization he heads. Those difficulties are often highlighted through his ongoing professional relationship with psychiatrist Jennifer Melfi. The show features Tony's family members and Mafia associates in prominent roles and story arcs, most notably his wife Carmela and his cousin and protégé Christopher Moltisanti.","Crime, Drama",1999.0,0.8657,0.08542161596035457,0.24644619159863268,1999.0,0.7142857142857153,55.55107043689406,Medium
40663,AIBOU: Tokyo Detective Duo,tv,7.4,20,100.1141,2002-10-09,"Detective Ukyo Sugishita confronts crime on the basis of his own convictions. He has a partner that works for him in the Special Task Unit. For the first 7 seasons, Ukyo’s first partner is Kaoru Kameyama. He is a good-natured, hot-tempered, straightforward and somewhat scattered detective. Beginning in Season 8, Takeru Kanbe replaces Kameyama. Contrary to his predecessor, Takeru is a lanky, cool, conceited and confident detective. From Season 11 to Season 13, Ukyo’s partner is a young detective Toru Kai. Toru is a son of Deputy Director-General of The National Police Agency. But he became a detective by his own effort. And starting with Season 14, Ukyo’s current partner is Wataru Kaburagi, an elite bureaucrat who came to the Metropolitan Police Department on temporary assignment. As the first partner without any career of a police officer, he will face challenging cases together with Ukyo.","Drama, Crime, Mystery",2002.0,0.7400000000000001,0.0005108948322987714,0.23029455709123148,2002.0,0.7448979591836746,49.114068222144105,Medium
57775,Chibi Maruko-chan,tv,7.9,22,113.9319,1990-01-07,"Meet Maruko, a sweet schoolgirl with a hefty dose of curiosity (and occasional laziness!). She sails through life in a cozy town alongside her loving parents, grandparents, and sister. Maruko has a band of loyal friends, including her closest pal, Tama-chan, but her playful and doting grandpa is at the heart of it all. Life is never dull in this charming series.","Animation, Comedy",1990.0,0.79,0.0005619843155286484,0.264940161626667,1990.0,0.6224489795918373,49.35902251068066,Medium
4504,Shortland Street,tv,5.0,16,117.4356,1992-05-25,The lives and loves of the residents of Ferndale.,Drama,1992.0,0.5,0.00040871586583901705,0.2737250481216811,1992.0,0.6428571428571423,38.33981813689324,Low
91239,Bridgerton,tv,8.072,3223,115.0431,2020-12-25,"Wealth, lust, and betrayal set in the backdrop of Regency era England, seen through the eyes of the powerful Bridgerton family.",Drama,2020.0,0.8071999999999999,0.082330702224947,0.26772629225236544,2020.0,0.9285714285714306,57.86056846097486,Medium
5021,The Waltons,tv,7.153,101,113.7648,1972-09-14,The Waltons live their life in a rural Virginia community during the Great Depression and World War II.,Drama,1972.0,0.7153,0.002580018903108795,0.2645211889596816,1972.0,0.43877551020408134,42.72953436133744,Medium
46831,Government Job,tv,7.9,11,100.0813,2012-09-24,"The backbone of the ""Državni Posao (Government Job)"" are satirical talks between the three actors, the comments are reminiscent of the ""stand-up"" form. These are short, witty comments and observations on daily life, circumstances, sociopolitical situation, sports, entertainment world, their personal opinions on various topics. The main idea is to present day in a non-existent government company and three employees of thinking about daily events in it, but also about life and society in general. Topics drawn from the daily and weekly press, for various blogs, websites, talk about movies, series, shows - radio and television. The idea is that actors humorously comment on current events, to laugh viewers and encourage them to think about them.",Comedy,2012.0,0.79,0.0002809921577643242,0.23021231709436063,2012.0,0.8469387755102034,53.14864169524658,Medium
1438,The Wire,tv,8.6,2592,110.4277,2002-06-02,"Told from the points of view of both the Baltimore homicide and narcotics detectives and their targets, the series captures a universe in which the national war on drugs has become a permanent, self-sustaining bureaucracy, and distinctions between good and evil are routinely obliterated.","Crime, Drama",2002.0,0.86,0.06621197026592077,0.2561540214731641,2002.0,0.7448979591836746,55.74527901845519,Medium
1404,Chuck,tv,7.716,1169,112.0591,2007-09-24,"When Buy More computer geek Chuck Bartowski unwittingly downloads a database of government information and deadly fighting skills into his head, he becomes the CIA's most vital secret. This sets Chuck on a path to become a full-fledged spy.","Comedy, Drama",2007.0,0.7716000000000001,0.029861802947863184,0.26024445839069865,2007.0,0.795918367346939,52.584492573710016,Medium
1412,Arrow,tv,6.831,6256,106.7486,2012-10-10,"Spoiled billionaire playboy Oliver Queen is missing and presumed dead when his yacht is lost at sea. He returns five years later a changed man, determined to clean up the city as a hooded vigilante armed with a bow.","Crime, Drama",2012.0,0.6831,0.15980790354305566,0.24692935158024903,2012.0,0.8469387755102034,52.39752061267016,Medium
6836,Kangsi Coming,tv,7.7,3,92.0691,2004-01-05,"KangXi Lai Le is a Taiwanese variety-comedy talk show hosted by variety show veterans Dee Hsu and Kevin Tsai. It was produced by Chungta Production from 2004 to 2009, and currently produced by Gold Star Production along with the writing and production staff of GUESS. It was first broadcast on 5 January 2004 and currently airs Monday to Friday at 22:00-23:00 on cable TV CTi Variety. In most episodes, the hosts interview a panel of celebrities in various and controversial topics while employing their signature comedic bantering. It is broadcast in Hong Kong on ATV Home under the name of Variety Show of Mr Con and Ms Csi.

Although it is broadcast in Taiwan, the show is very successful and popular among Chinese speaking audiences across the world who watch uploaded re-runs over the internet or through bootleg DVDs. The show has been mentioned in other Taiwanese variety and talk shows, mainly from presenters who appeared on the show.",,2004.0,0.77,7.66342248448157e-05,0.2101231920050688,2004.0,0.7653061224489797,50.31011897357788,Medium
71712,The Good Doctor,tv,8.461,12767,110.0454,2017-09-25,"Shaun Murphy, a young surgeon with autism and savant syndrome, relocates from a quiet country life to join a prestigious hospital's surgical unit. Unable to personally connect with those around him, Shaun uses his extraordinary medical gifts to save lives and challenge the skepticism of his colleagues.",Drama,2017.0,0.8461000000000001,0.3261297161979207,0.25519547419256244,2017.0,0.8979591836734713,63.429687481279096,Medium
1400,Seinfeld,tv,8.258,2275,107.3876,1989-07-05,A stand-up comedian and his three offbeat friends weather the pitfalls and payoffs of life in New York City in the '90s. It's a show about nothing.,Comedy,1989.0,0.8258,0.058114287173985237,0.24853152712904436,1989.0,0.612244897959183,51.409814245244256,Medium
1667,Saturday Night Live,tv,6.962,485,101.6779,1975-10-11,"A late-night live television sketch comedy and variety show created by Lorne Michaels. The show's comedy sketches, which parody contemporary culture and politics, are performed by a large and varying cast of repertory and newer cast members. Each episode is hosted by a celebrity guest, who usually delivers an opening monologue and performs in sketches with the cast, and features performances by a musical guest.",Comedy,1975.0,0.6962,0.012389199683245205,0.23421549938106878,1975.0,0.46938775510204067,42.16784908332709,Medium
57911,Doraemon,tv,7.7,604,118.5412,1979-04-02,Doraemon is an anime TV series created by Fujiko F. Fujio and based on the manga series of the same name. This anime is the much more successful successor of the 1973 anime.,"Animation, Comedy, Family",1979.0,0.77,0.015429023935422894,0.27649713777230406,1979.0,0.5102040816326543,46.84260486680763,Medium
18165,The Vampire Diaries,tv,8.305,9505,104.443,2009-09-10,"The story of two vampire brothers obsessed with the same girl, who bears a striking resemblance to the beautiful but ruthless vampire they knew and loved in 1864.",Drama,2009.0,0.8305,0.24280276904999107,0.2411484815563017,2009.0,0.8163265306122476,59.225555624370806,Medium
206559,Binnelanders,tv,5.5,108,99.7599,2005-10-13,"A South African Afrikaans soap opera. It is set in and around the fictional private hospital, Binneland Kliniek, in Pretoria, and the storyline follows the trials, trauma and tribulations of the staff and patients of the hospital.",,2005.0,0.55,0.0027588320944133653,0.2294064654177052,2005.0,0.775510204081634,42.15351003187505,Medium
4608,30 Rock,tv,7.472,773,110.1601,2006-10-11,"Liz Lemon, the head writer for a late-night TV variety show in New York, tries to juggle all the egos around her while chasing her own dream.",Comedy,2006.0,0.7472000000000001,0.01974608526834751,0.25548306344991273,2006.0,0.7857142857142883,51.10686868865098,Medium
124364,FROM,tv,8.154,2468,117.7816,2022-02-20,"Unravel the mystery of a nightmarish town in middle America that traps all those who enter. As the unwilling residents fight to keep a sense of normalcy and search for a way out, they must also survive the threats of the surrounding forest – including the terrifying creatures that come out when the sun goes down.","Mystery, Drama",2022.0,0.8154,0.06304442230566838,0.27459257979598967,2022.0,0.9489795918367356,58.34833187876788,Medium
60735,The Flash,tv,7.8,11528,116.3131,2014-10-07,"After being struck by lightning, CSI investigator Barry Allen awakens from a nine-month coma to discover he has been  granted the gift of super speed.  Teaming up with S.T.A.R. Labs, Barry takes on the persona of The Flash, the Fastest  Man Alive, to protect his city.",Drama,2014.0,0.78,0.2944797813370118,0.2709105848141339,2014.0,0.8673469387755119,59.85474609853316,Medium
80748,FBI,tv,7.905,886,114.0233,2018-09-25,"The New York office of the FBI brings to bear all their talents, intellect and technical expertise on major cases in order to keep their city and the country safe.","Crime, Drama",2018.0,0.7905000000000001,0.02263264107083557,0.26516933039843527,2018.0,0.908163265306122,55.53930473550787,Medium
3914,Body Language,tv,0.0,0,100.5038,1984-06-04,"Body Language is an American game show produced by Mark Goodson Productions. The show aired on CBS from June 4, 1984 until January 3, 1986, and was hosted by Tom Kennedy. Johnny Olson announced until his death in October 1985; Gene Wood and Bob Hilton shared the announcing duties afterward, and had substituted on occasion before that.

The show pitted two teams against each other, each consisting of a contestant and a celebrity guest. The gameplay centered around the party game charades, in the same vein as the earlier Goodson program Showoffs, but contestants also had to solve word puzzles to win money, making Body Language a cross between Showoffs and Password Plus.",,1984.0,0.0,0.0,0.23127165851746861,1984.0,0.5612244897959187,15.849922966267746,Low
1620,CSI: Miami,tv,7.707,1677,113.889,2002-09-23,"CSI: Miami follows Crime Scene Investigators working for the Miami-Dade Police Department as they use physical evidence, similar to their Las Vegas counterparts, to solve grisly murders. The series mixes deduction, gritty subject matter, and character-driven drama in the same vein as the original series in the CSI franchise, except that the Miami CSIs are cops first, scientists second.","Drama, Mystery, Crime",2002.0,0.7707,0.042838531688251975,0.2648325977283207,2002.0,0.7448979591836746,51.87938177200495,Medium
15226,C.I.D.,tv,5.7,27,114.6019,1998-01-21,"A team of dedicated men and women in the Crime Investigation Department will risk everything to solve Mumbai's toughest, most complicated crimes.","Crime, Drama, Mystery",1998.0,0.5700000000000001,0.0006897080236033413,0.2666200640017732,1998.0,0.704081632653061,42.22782809356876,Medium
30984,Bleach,tv,8.4,2078,107.3683,2004-10-05,"For as long as he can remember, Ichigo Kurosaki has been able to see ghosts. But when he meets Rukia, a Soul Reaper who battles evil spirits known as Hollows, he finds his life is changed forever. Now, with a newfound wealth of spiritual energy, Ichigo discovers his true calling: to protect the living and the dead from evil.",Animation,2004.0,0.8400000000000001,0.05308197307584234,0.2484831359113734,2004.0,0.7653061224489797,54.93742462872392,Medium
291,Coronation Street,tv,5.3,115,92.841,1960-12-09,"The residents of Coronation Street are ordinary, working-class people, and the show follows them through regular social and family interactions at home, in the workplace, and in their local pub, the Rovers Return Inn. Britain's longest-running soap.",,1960.0,0.53,0.002937645285717935,0.21205858998020974,1960.0,0.3163265306122476,31.826455317563507,Low
1973,24,tv,7.783,1732,106.962,2001-11-06,"Counterterrorism agent Jack Bauer fights the bad guys of the world, a day at a time. With each week's episode unfolding in real-time, ""24"" covers a single day in the life of Bauer each season.","Drama, Crime",2001.0,0.7783000000000001,0.0442434924770736,0.24746441302330524,2001.0,0.7346938775510203,51.66003566102799,Medium
2685,Family Matters,tv,6.8,334,91.6788,1989-09-22,"A long-running dramedy centering on the Winslow family, a middle-class African American family living in Chicago, and their pesky next-door neighbor, ultra-nerd Steve Urkel. A spin-off of Perfect Strangers.","Comedy, Family",1989.0,0.68,0.00853194369938948,0.209144586188645,1989.0,0.612244897959183,43.79842855694435,Medium
30623,Shin Chan,tv,7.748,109,79.0198,1992-04-13,"Shin-chan, the boy next door, is a walking disaster, creating chaos wherever he goes. With the body of a child and the mind of an adult, Shinchan is wreaking more havoc than any child before. Shin-chan is carefree, optimistic and gets excited about everything. This 5 year-old likes to do things his way.","Animation, Comedy",1992.0,0.7748,0.0027843768360283037,0.1774044605670498,1992.0,0.6428571428571423,47.452919605204414,Medium
12225,Peppa Pig,tv,6.567,736,78.1954,2004-05-31,"Peppa Pig is an energetic piggy who lives with Mummy, Daddy, and little brother George. She loves to jump in mud puddles and make loud snorting noises.",Animation,2004.0,0.6567000000000001,0.018800929828594784,0.1753374284505759,2004.0,0.7653061224489797,45.45688961456301,Medium
2595,Knots Landing,tv,6.8,41,101.4996,1979-12-27,"The domestic adventures, misdeeds and everyday interactions of five families living on a cul-de-sac in a small California community.",Drama,1979.0,0.68,0.0010473344062124812,0.23376844476393233,1979.0,0.5102040816326543,42.10039721605598,Medium
16656,Fuse,tv,7.6,8,121.7375,1962-06-04,"Fitil is a popular Soviet/Russian television satirical/comedy short film series which ran for about 500 episodes. Some of the episodes were aimed at children, and were called Фитилёк, Fitilyok, Little Fuse. Each issue contained from the few short segments: documentary, fictional and animated ones. Directed by various artists, including Leonid Gaidai who presented his famous trio of Nikulin, Vitsin and Morgunov into the cast. It was called in USSR as ""the anecdotes from the Soviet government"".","Comedy, Documentary, Animation, Family",1962.0,0.76,0.00020435793291950853,0.2845112750283515,1962.0,0.3367346938775526,42.829006536776475,Medium
4598,Boston Legal,tv,7.909,363,99.1983,2004-10-03,Alan Shore and Denny Crane lead a brigade of high-priced civil litigators in an upscale Boston law firm in a series focusing on the professional and personal lives of brilliant but often emotionally challenged attorneys. A spin-off of long-running series The Practice.,"Comedy, Drama",2004.0,0.7909,0.0092727412062227,0.2279983562029894,2004.0,0.7653061224489797,51.68754439716384,Medium
63174,Lucifer,tv,8.435,15337,109.9737,2016-01-25,"Bored and unhappy as the Lord of Hell, Lucifer Morningstar abandoned his throne and retired to Los Angeles, where he has teamed up with LAPD detective Chloe Decker to take down criminals. But the longer he's away from the underworld, the greater the threat that the worst of humanity could escape.",Crime,2016.0,0.8435000000000001,0.39177970214831276,0.25501569956525627,2016.0,0.887755102040817,64.43101007508774,Medium
32798,Hawaii Five-0,tv,7.741,1834,101.9666,2010-09-20,"Steve McGarrett returns home to Oahu, in order to find his father's killer. The governor offers him the chance to run his own task force (Five-0). Steve's team is joined by Chin Ho Kelly, Danny ""Danno"" Williams, and Kono Kalakaua.","Crime, Drama",2010.0,0.7741,0.04684905612179733,0.2349393617925511,2010.0,0.8265306122448983,53.13038060318493,Medium
45789,Sturm der Liebe,tv,6.0,38,85.9946,2005-09-26,"These are the stories of relationships taking place in the fictional five-star hotel Fürstenhof, located in Feldkirchen-Westerham near Rosenheim with the plot revolving around members of the family room area, the hotel owners, and employees.",Drama,2005.0,0.6000000000000001,0.0009707001813676655,0.19489249502360265,2005.0,0.775510204081634,43.42746798573209,Medium
2221,The View,tv,4.3,107,85.919,1997-08-11,"ABC Daytime's morning chatfest, currently featuring Whoopi Goldberg, Joy Behar, Sunny Hostin, Sara Haines, Alyssa Farah Griffin, and Ana Navarro discussing the most exciting events of the day. Hot topics in the news, the best experts in their field, celebrity interviews and general entertainment are all part of The View.",,1997.0,0.43,0.0027332873527984264,0.1947029418600832,1997.0,0.6938775510204103,35.026275604665834,Low
1402,The Walking Dead,tv,8.083,17601,98.392,2010-10-31,Sheriff's deputy Rick Grimes awakens from a coma to find a post-apocalyptic world dominated by flesh-eating zombies. He sets out to find his family and encounters many other survivors along the way.,Drama,2010.0,0.8083,0.4496129971645337,0.2259767065238131,2010.0,0.8265306122448983,62.37440631866491,Medium
3034,Scene of the Crime,tv,6.153,121,109.0431,1970-11-29,"Tatort is a long-running German/Austrian/Swiss, crime television series set in various parts of these countries. The show is broadcast on the channels of ARD in Germany, ORF in Austria and SF1 in Switzerland.","Drama, Crime",1970.0,0.6153,0.0030909137354075663,0.2526823903857432,1970.0,0.4183673469387763,38.09481302119855,Low
37680,Suits,tv,8.219,5573,108.702,2011-06-23,"While running from a drug deal gone bad, Mike Ross, a brilliant young college-dropout, slips into a job interview with one of New York City's best legal closers, Harvey Specter. Tired of cookie-cutter law school grads, Harvey takes a gamble by hiring Mike on the spot after he recognizes his raw talent and photographic memory.",Drama,2011.0,0.8219,0.14236084502005264,0.25182714456462574,2011.0,0.8367346938775526,57.49445366924461,Medium
34860,Ninja Boy Rantaro,tv,6.548,21,102.7716,1993-04-10,"Rantarō, Shinbei and Kirimaru are ninja  apprentices in the Ninja Gakuen, where first grade ones are called  ""Nintamas"". They must learn  everything a ninja must know, but as for our heroes, money, food or  playing are more interesting. The series show the everyday adventures of  our heroes.","Comedy, Animation, Family",1993.0,0.6548,0.0005364395739137098,0.2369577519596563,1993.0,0.6530612244897966,44.00310832046734,Medium
2912,Jeopardy!,tv,6.8,153,94.0118,1984-09-10,"America's favorite quiz show where contestants are presented with general knowledge clues in the form of answers, and must phrase their responses in question form.",Family,1984.0,0.68,0.003908345467085601,0.2149941566977833,1984.0,0.5612244897959187,42.80253983921576,Medium
2288,Prison Break,tv,8.071,5817,94.592,2005-08-29,"Due to a political conspiracy, an innocent man is sent to death row and his only hope is his brother, who makes it his mission to deliberately get himself sent to the same prison in order to break the both of them out, from the inside out.","Crime, Drama",2005.0,0.8071,0.14859376197409763,0.21644890200828568,2005.0,0.775510204081634,55.095057361280354,Medium
44006,Chicago Fire,tv,8.4,2351,99.745,2012-10-10,"An edge-of-your-seat view into the lives of everyday heroes committed to one of America's noblest professions. For the firefighters, rescue squad and paramedics of Chicago Firehouse 51, no occupation is more stressful or dangerous, yet so rewarding and exhilarating. These courageous men and women are among the elite who forge headfirst into danger when everyone else is running the other way and whose actions make the difference between life and death.",Drama,2012.0,0.8400000000000001,0.06005568753672057,0.22936910639473646,2012.0,0.8469387755102034,56.327271388833225,Medium
17610,NCIS: Los Angeles,tv,7.537,1228,95.7881,2009-09-22,"The exploits of the Los Angeles–based Office of Special Projects (OSP), an elite division of the Naval Criminal Investigative Service that specializes in undercover assignments.","Drama, Crime, Mystery",2009.0,0.7537,0.03136894270314456,0.21944790384539684,2009.0,0.8163265306122476,51.49086754321579,Medium
60625,Rick and Morty,tv,8.68,10741,90.7054,2013-12-02,Follows a sociopathic genius scientist who drags his inherently timid grandson on adventures across the universe.,"Animation, Comedy",2013.0,0.868,0.27437606968605516,0.20670396384248332,2013.0,0.8571428571428577,61.48445781342793,Medium
15260,Adventure Time,tv,8.5,3050,80.5524,2010-04-05,"Unlikely heroes Finn and Jake are buddies who traverse the mystical Land of Ooo. The best of friends, our heroes always find themselves in the middle of escapades. Finn and Jake depend on each other through thick and thin.","Animation, Comedy",2010.0,0.8500000000000001,0.07791146192556263,0.18124717456718067,2010.0,0.8265306122448983,55.71378497475285,Medium
279388,Pursuit of Jade,tv,7.94,25,100.7879,2026-03-06,"This drama follows Fan Changyu, a butcher’s daughter, and Xie Zheng, a fallen noble seeking revenge. Their fake marriage turns into true love, but war tears them apart. Determined, Fan Changyu wields her butcher’s knife on the battlefield, searching for justice and her husband. Meanwhile, Xie Zheng reclaims his title, fighting to protect his country and love. Reunited in battle, they stand together, defying fate, uncovering the truth, and returning home without forgetting their vows.",Drama,2026.0,0.794,0.0006386185403734642,0.23198398727085318,2026.0,0.9897959183673493,56.20837048357152,Medium
39351,Grimm,tv,8.266,3470,94.1525,2011-10-28,"After Portland homicide detective Nick Burkhardt discovers he's descended from an elite line of criminal profilers known as ""Grimms,"" he increasingly finds his responsibilities as a detective at odds with his new responsibilities as a Grimm.","Drama, Mystery",2011.0,0.8266,0.08864025340383683,0.2153469361965556,2011.0,0.8367346938775526,55.87843766955891,Medium
4419,Real Time with Bill Maher,tv,6.0,232,84.0544,2003-02-21,"Each week Bill Maher surrounds himself with a panel of guests which include politicians, actors, comedians, musicians and the like to discuss what's going on in the world.",Comedy,2003.0,0.6000000000000001,0.005926380054665747,0.19002779862333255,2003.0,0.7551020408163289,43.02112438988655,Medium
76479,The Boys,tv,8.4,11684,100.8405,2019-07-25,A group of vigilantes known informally as “The Boys” set out to take down corrupt superheroes with no more than blue-collar grit and a willingness to fight dirty.,,2019.0,0.8400000000000001,0.2984647610289422,0.2321158721438839,2019.0,0.9183673469387763,62.57895960223207,Medium
1419,Castle,tv,7.973,2045,103.9808,2009-03-09,"After a serial killer imitates the plots of his novels, successful mystery novelist Richard ""Rick"" Castle receives permission from the Mayor of New York City to tag along with an NYPD homicide investigation team for research purposes.","Drama, Crime",2009.0,0.7973,0.05223899660254937,0.2399895996491762,2009.0,0.8163265306122476,54.06310253727947,Medium
46298,Hunter x Hunter,tv,8.7,2052,84.9983,2011-10-02,"Gon, a young boy who lives on Whale Island, dreams of becoming a Hunter like his father, who left when Gon was still young.",Animation,2011.0,0.87,0.05241780979385394,0.19239445511865,2011.0,0.8367346938775526,56.43093917580113,Medium
208569,Will Trent,tv,7.304,168,104.6525,2023-01-03,"Special Agent Will Trent was abandoned at birth and endured a harsh coming-of-age in Atlanta's overwhelmed foster care system. Determined to make sure no one feels as he did, he now has the highest clearance rate.","Crime, Drama, Comedy",2023.0,0.7304,0.004291516591309679,0.2416737644631446,2023.0,0.9591836734693899,53.318979090476894,Medium
14750,Na Wspólnej,tv,4.1,10,87.3185,2003-01-27,"Na Wspólnej is a Polish soap opera. It has been running since 2003 on the TVN channel as its flagship primetime weekday soap opera. It is loosely based on the German production Unter Uns and it follows the lives of the inhabitants of an apartment block in Wspólna Street, Warsaw. Episodes tend to last around 20 minutes. It is a Polish version of the Hungarian ""Barátok közt"".

The series is shot almost entirely in Warsaw and produced by the Polish branch of Freemantle Media. On 9 September 2008 it celebrated its 1000th episode; ""Na Wspólnej"" was the fourth Polish television series ever to achieve such status. A special episode was broadcast in which characters from some other of TVN's most popular shows visited Wspólna Street.",,2003.0,0.41,0.0002554474161493857,0.19821193197047282,2003.0,0.7551020408163289,35.47138840405902,Low
73586,Yellowstone,tv,8.256,3032,97.9605,2018-06-20,"Follow the violent world of the Dutton family, who controls the largest contiguous ranch in the United States. Led by their patriarch John Dutton, the family defends their property against constant attack by land developers, an Indian reservation, and America’s first National Park.","Western, Drama",2018.0,0.8256000000000001,0.07745165657649374,0.22489479924790517,2018.0,0.908163265306122,57.23419442261043,Medium
1411,Person of Interest,tv,8.084,1975,95.6071,2011-09-22,"John Reese, former CIA paramilitary operative, is presumed dead and teams up with reclusive billionaire Finch to prevent violent crimes in New York City by initiating their own type of justice. With the special training that Reese has had in Covert Operations and Finch's genius software inventing mind, the two are a perfect match for the job that they have to complete. With the help of surveillance equipment, they work ""outside the law"" and get the right criminal behind bars. ","Drama, Crime",2011.0,0.8084,0.05045086468950367,0.2189940794724204,2011.0,0.8367346938775526,54.45959276078953,Medium
15844,A Kindred Spirit,tv,0.0,0,84.0937,1995-05-15,"A Kindred Spirit was a television drama series that was broadcast on TVB Jade in Hong Kong from 15 May 1995 to 13 November 1999. It is one of the longest running drama shows in Hong Kong television history. Its exceptional longevity still amazes people in a city where scripted TV drama programs typically only last around 20 episodes. The total number of episodes is 1,128. Each episode airs a few days in each week.

The show centres on a family who operates a barbecue pork restaurant in Happy Valley, Hong Kong, and their life.","Drama, Comedy",1995.0,0.0,0.0,0.1901263361805589,1995.0,0.6734693877551017,17.271914478713214,Low
71728,Young Sheldon,tv,8.033,2916,86.258,2017-09-25,"The early life of child genius Sheldon Cooper, later seen in The Big Bang Theory.","Comedy, Family, Drama",2017.0,0.8033,0.07448846654916086,0.19555292231554733,2017.0,0.8979591836734713,55.49201145076359,Medium
2691,Two and a Half Men,tv,7.444,3585,90.5505,2003-09-22,A hedonistic jingle writer's free-wheeling life comes to an abrupt halt when his brother and 10-year-old nephew move into his beach-front house.,Comedy,2003.0,0.7444000000000001,0.09157789868955477,0.20631558044262668,2003.0,0.7551020408163289,50.835910398970206,Medium
95897,Overflow,tv,7.4,75,94.8489,2020-01-06,"Kazushi Sudou is a university student who is visited by his two childhood friends, the sisters Ayane and Kotone Shirakawa. When Ayane discovers that Kazushi not only forgot to buy her pudding but is also using her special lotion in the bath, she decides to take revenge and join Kazushi in his bath along with Kotone. Will the perverted Kazushi be able to remain indifferent to them both?",Animation,2020.0,0.7400000000000001,0.0019158556211203925,0.21709303173987488,2020.0,0.9285714285714306,52.551606318648524,Medium
13916,Death Note,tv,8.625,4786,96.0906,2006-10-04,"Light Yagami is an ace student with great prospects—and he’s bored out of his mind. But all that changes when he finds the Death Note, a notebook dropped by a rogue Shinigami death god. Any human whose name is written in the notebook dies, and Light has vowed to use the power of the Death Note to rid the world of evil. But will Light succeed in his noble goal, or will the Death Note turn him into the very thing he fights against?","Animation, Mystery",2006.0,0.8625,0.12225713336909598,0.22020636723117235,2006.0,0.7857142857142883,57.063555726291135,Medium
31132,Regular Show,tv,8.6,2189,89.1896,2010-09-06,The surreal misadventures of two best friends - a blue jay and a raccoon - as they seek to liven up their mundane jobs as groundskeepers at the local park.,"Animation, Comedy",2010.0,0.86,0.05591743939510052,0.20290337276757897,2010.0,0.8265306122448983,56.10702848815157,Medium
1941,GARO,tv,7.7,28,92.9846,2005-10-07,"The Makai fight a secret war against the demon forces known as Horrors, evil creatures that manifest themselves through darkness to devour Humanity. On the frontlines are the Makai Knights, given the task of watching over a district and eliminating any Horrors that manifest there.

GARO follows the tales of the Knights bearing the title of ‘Golden Knight Garo’, and their duty to vanquish the Horrors and protect Humanity from the darkness.",Drama,2005.0,0.77,0.0007152527652182798,0.21241864069821756,2005.0,0.775510204081634,50.572881950901404,Medium
58841,Chicago P.D.,tv,8.413,2543,91.4614,2014-01-08,"A riveting police drama about the men and women of the Chicago Police Department's District 21 who put it all on the line to serve and protect their community. District 21 is made up of two distinctly different groups: the uniformed cops who patrol the beat and go head-to-head with the city's street crimes and the Intelligence Unit that combats the city's major offenses - organized crime, drug trafficking, high profile murders and beyond.","Crime, Drama",2014.0,0.8413,0.06496027792678877,0.20859949547767773,2014.0,0.8673469387755119,56.47013424359957,Medium
1649,Sliders,tv,7.6,461,90.1163,1995-03-22,"In his basement in San Francisco, boy-genius Quinn Mallory unlocks the doorway to an infinite number of Earths. During a test run, Quinn invites co-worker Wade Welles and his teacher Professor Maximillian Arturo to see his new invention. But an increase in power and an early departure leave all three, plus a washed-up soul singer named Rembrandt ""Crying Man"" Brown, lost in a parallel world. Now they must ""slide"" from world to world, not only adapting to their changing surroundings, but also trying to get back to their world. Will they ever make it home?",,1995.0,0.76,0.011776125884486678,0.2052269034108788,1995.0,0.6734693877551017,48.209448341009356,Medium
1100,How I Met Your Mother,tv,8.134,5602,90.5754,2005-09-19,A father recounts to his children - through a series of flashbacks - the journey he and his four best friends took leading up to him meeting their mother.,Comedy,2005.0,0.8134000000000001,0.14310164252688584,0.20637801263537317,2005.0,0.775510204081634,55.035797184877865,Medium
240740,Scarpetta,tv,6.233,60,84.4706,2026-03-11,"Renowned forensic pathologist Dr. Kay Scarpetta returns to her position as Virginia's Chief Medical Examiner, where she investigates a haunting murder with eerie reminders from her first big case decades ago. In 1998, Scarpetta works alongside Detective Pete Marino and FBI Agent Benton Wesley as they investigate a series of brutal stranglings. Based on the best-selling novels by Patricia Cornwell.","Drama, Crime, Mystery",2026.0,0.6233,0.001532684496896314,0.19107134394948058,2026.0,0.9897959183673493,48.57999893627452,Medium
56570,Outlander,tv,8.178,2787,93.384,2014-08-09,"The story of Claire Randall, a married combat nurse from 1945 who is mysteriously swept back in time to 1743, where she is immediately thrown into an unknown world where her life is threatened. When she is forced to marry Jamie, a chivalrous and romantic young Scottish warrior, a passionate affair is ignited that tears Claire's heart between two vastly different men in two irreconcilable lives.",Drama,2014.0,0.8178000000000001,0.07119319488083378,0.21342006309913905,2014.0,0.8673469387755119,55.75120393510971,Medium
65334,Miraculous: Tales of Ladybug & Cat Noir,tv,8.0,4553,85.7171,2015-10-19,"Marinette and Adrien, two Parisian teenagers, are entrusted with powerful jewels in order to transform into superheroes Ladybug and Cat Noir. But neither hero knows the other's true identity — or that they're classmates!",Animation,2015.0,0.8,0.11630520857281529,0.19419671456227136,2015.0,0.8775510204081627,55.761058870865,Medium
153485,Sazae-san,tv,6.5,6,87.2586,1969-10-05,The adventures of Sazae Fuguta and her family and friends in their Tokyo suburb.,"Animation, Comedy, Family",1969.0,0.65,0.0001532684496896314,0.19806174368350438,1969.0,0.408163265306122,38.12756554878632,Low
1415,Elementary,tv,7.6,1789,86.656,2012-09-27,"A modern-day drama about a crime-solving duo that cracks the NYPD's most impossible cases. Following his fall from grace in London and a stint in rehab, eccentric Sherlock escapes to Manhattan where his wealthy father forces him to live with his worst nightmare - a sober companion, Dr. Watson.","Drama, Mystery, Crime",2012.0,0.76,0.04569954274912509,0.19655083447269997,2012.0,0.8469387755102034,52.18378305464058,Medium
4396,Northern Exposure,tv,7.857,189,87.7572,1990-07-12,"After receiving a scholarship from the state, a recent Columbia University medical school graduate is required to set up his practice in an eccentric Alaskan town.","Comedy, Drama",1990.0,0.7857000000000001,0.004827956165223389,0.1993118919286207,1990.0,0.6224489795918373,47.95977655371363,Medium
50821,Among Friends,tv,3.4,19,163.4363,1998-10-26,Miklós introduces viewers into the world of Money and Charm.,"Drama, Family",1998.0,0.34,0.00048535009068383274,0.3890633842210029,1998.0,0.704081632653061,35.47260733929496,Low
62223,The Late Late Show with James Corden,tv,5.194,144,76.3362,2015-03-23,"Once Craig Ferguson retires, James Corden will be taking over The Late Late Show. The show is a late night talk show that interviews celebrities and has its own bits. And of course, it's all hosted by James Corden.",,2015.0,0.5194,0.0036784427925511537,0.17067582472550522,2015.0,0.8775510204081627,41.81410575852438,Medium
4620,Eureka,tv,7.732,697,89.1985,2006-07-18,"The sleepy Pacific Northwest town of Eureka is hiding a mysterious secret. The government has been relocating the world's geniuses and their families to this rustic town for years where innovation and chaos have lived hand in hand. U.S. Marshal Jack Carter stumbles upon this odd town after wrecking his car and becoming stranded there. When the denizens of the town unleash an unknown scientific creation, Carter jumps in to try to restore order and consequently learns of one of the country's best kept secrets.","Comedy, Drama",2006.0,0.7732000000000001,0.01780468490561218,0.20292568788868112,2006.0,0.7857142857142883,51.056893170171634,Medium
65701,Good Mythical Morning,tv,6.9,88,85.727,2012-01-09,"Two ""Internetainers"" (Rhett & Link) go far out and do the weirdest things, giving you a daily dose of casual comedy every Monday-Friday.",Comedy,2012.0,0.6900000000000001,0.0022479372621145937,0.19422153700035127,2012.0,0.8469387755102034,48.46816499545339,Medium
1407,Homeland,tv,7.587,2515,90.052,2011-10-02,"CIA officer Carrie Mathison is tops in her field despite being bipolar, which makes her volatile and unpredictable. With the help of her long-time mentor Saul Berenson, Carrie fearlessly risks everything, including her personal well-being and even sanity, at every turn.","Drama, Crime",2011.0,0.7587,0.06424502516157049,0.20506568292920818,2011.0,0.8367346938775526,52.46890803936664,Medium
65282,Home Alone,tv,7.5,18,69.8092,2013-03-22,"It can be a badge of honor to be “single.” “I Live Alone” is a documentary-style South Korean reality series that follows the members of a self-formed club called Rainbow, which is comprised of  celebrities who are single and live alone.",,2013.0,0.75,0.0004598053490688942,0.15431056681159797,2013.0,0.8571428571428577,50.2382645860705,Medium
71790,S.W.A.T.,tv,8.048,1551,96.7753,2017-11-02,"A Los Angeles S.W.A.T. sergeant is assigned to lead a highly skilled unit in the community where he grew up. Torn between loyalty to the streets, where the cops are sometimes the enemy, and allegiance to his brothers in blue, he strategically straddles the two worlds.","Crime, Drama",2017.0,0.8048000000000001,0.039619894244769714,0.22192312716585175,2017.0,0.8979591836734713,55.382044101681856,Medium
1489,Jimmy Kimmel Live!,tv,5.369,195,72.9268,2003-01-26,"Jimmy Kimmel Live! is an American late-night talk show, created and hosted by Jimmy Kimmel and broadcast on ABC.",Comedy,2003.0,0.5369,0.00498122461491302,0.16212737822149487,2003.0,0.7551020408163289,39.92021287305474,Low
2406,Crossing Jordan,tv,7.179,159,88.5963,2001-09-24,"Crossing Jordan is an American television crime/drama series that stars Jill Hennessy as Jordan Cavanaugh, M.D., a crime-solving forensic pathologist employed in the Massachusetts Office of the Chief Medical Examiner.",Drama,2001.0,0.7179000000000001,0.004061613916775232,0.20141578160466783,2001.0,0.7346938775510203,47.519425461449266,Medium
44217,Vikings,tv,8.093,7521,89.3077,2013-03-03,"The adventures of Ragnar Lothbrok, the greatest hero of his age. The series tells the sagas of Ragnar's band of Viking brothers and his family, as he rises to become King of the Viking tribes. As well as being a fearless warrior, Ragnar embodies the Norse traditions of devotion to the gods. Legend has it that he was a direct descendant of Odin, the god of war and warriors.",Drama,2013.0,0.8093,0.19212200168595295,0.20319948690265366,2013.0,0.8571428571428577,57.42128691462929,Medium
5811,3000 Whys of Blue Cat,tv,8.5,2,86.1926,1999-10-09,"3000 Whys of Blue Cat is the first large-scale Chinese animated series in mainland China with an emphasis on science. The series is produced by ""Beijing Sunchime Happy Culture Company"". The show remains one of the longest running children's cartoon series in the world. It is most commonly referred to as ""Blue Cat"". An English version was made for the first episode titled ""The Adventures of the Blue Cat"" and was made as a pilot for a series titled ""Lucky's Adventures"" but due to lack of intrerests, the series was canceled. The show uses a combination of 2D animation and CGI.",Animation,1999.0,0.8500000000000001,5.108948322987713e-05,0.19538894378520116,1999.0,0.7142857142857153,52.19451495108294,Medium
209867,Frieren: Beyond Journey's End,tv,8.8,728,94.2639,2023-09-29,"Decades after her party defeated the Demon King, an old friend's funeral launches the elf wizard Frieren on a journey of self-discovery.","Animation, Drama",2023.0,0.8800000000000001,0.018596571895675276,0.21562625130787924,2023.0,0.9591836734693899,59.0681299334589,Medium
57706,Ranma ½,tv,8.6,1492,75.1142,1989-04-15,"Ranma Saotome, a teenage martial artist, and his father Genma travel to the 'cursed training ground' of Jusenkyo in China. There, despite the warnings of the Chinese guard, they fall into the cursed springs. From now on, whenever Ranma is doused in cold water, he turns into a girl and a cute, well-built redhead at that. Hot water changes him back into a man again, but only until the next time. To make matters worse, his father engages him to Akane Tendo, a girl who hates boys.","Comedy, Animation",1989.0,0.86,0.03811275448948834,0.16761188337866978,1989.0,0.612244897959183,50.759390716546825,Medium
1435,The Good Wife,tv,7.587,658,79.8117,2009-09-22,Alicia Florrick boldly assumes full responsibility for her family and re-enters the workforce after her husband's very public sex and political corruption scandal lands him in jail.,Drama,2009.0,0.7587,0.016808439982629576,0.17939000488174617,2009.0,0.8163265306122476,50.598499509532466,Medium
12971,Dragon Ball Z,tv,8.356,4763,84.0334,1989-04-26,"Now happily married and with a son, martial arts champion Goku must defend Earth from a series of extraterrestrial invaders bent on destruction.",Animation,1989.0,0.8356,0.1216696043119524,0.18997514496679935,1989.0,0.612244897959183,51.901792944758704,Medium
9537,Atashin'chi,tv,8.4,15,85.038,2002-04-19,"A light hearted comedy based on the about the daily life of a ""normal"" Japanese family. The Tachibana family consists of a housewife mom, a salary-man dad, and teenager Mikan and Yuzuhiko.","Animation, Comedy",2002.0,0.8400000000000001,0.0003831711242240785,0.19249399560266747,2002.0,0.7448979591836746,52.355502518211324,Medium
265167,ZIBB,tv,0.0,0,87.2916,2003-11-10,No description,,2003.0,0.0,0.0,0.1981444851437708,2003.0,0.7551020408163289,19.064930519201994,Low
6489,Klan,tv,4.875,8,85.4425,1997-09-22,"Family is the most important thing, and the children of Władysław and Maria Lubicz from Warsaw can always count on each other, no matter what surprises life offers.",,1997.0,0.48750000000000004,0.00020435793291950853,0.1935082053201756,1997.0,0.6938775510204103,37.251802285470106,Low
4385,The Colbert Report,tv,6.914,292,78.5284,2005-10-17,"The Colbert Report is an American satirical late night television program. It stars political humorist Stephen Colbert, a former correspondent for The Daily Show with Jon Stewart. The Colbert Report is a spin-off from and counterpart to The Daily Show that comments on politics and the media in a similar way. The show focuses on a fictional anchorman character named Stephen Colbert, played by his real-life namesake. The character, described by Colbert as a ""well-intentioned, poorly informed, high-status idiot"", is a caricature of televised political pundits.",Comedy,2005.0,0.6914,0.007459064551562061,0.17617236500417344,2005.0,0.775510204081634,46.8388326727474,Medium
1220,The Graham Norton Show,tv,7.2,276,83.4218,2007-02-22,Each week celebrity guests join Irish comedian Graham Norton to discuss what's being going on around the world that week. The guests poke fun and share their opinions on the main news stories. Graham is often joined by a band or artist to play the show out.,Comedy,2007.0,0.7200000000000001,0.007050348685723044,0.188441669903195,2007.0,0.795918367346939,48.62820771871714,Medium
60622,Fargo,tv,8.29,3166,84.757,2014-04-15,"A close-knit anthology series dealing with stories involving malice, violence and murder based in and around Minnesota.","Crime, Drama",2014.0,0.829,0.0808746519528955,0.19178943953191402,2014.0,0.8673469387755119,55.96022060520644,Medium
75219,9-1-1,tv,8.209,2738,91.446,2018-01-03,"Explore the high-pressure experiences of police officers, paramedics and firefighters who are thrust into the most frightening, shocking and heart-stopping situations. These emergency responders must try to balance saving those who are at their most vulnerable with solving the problems in their own lives.","Drama, Crime",2018.0,0.8209,0.0699415025417018,0.20856088279622007,2018.0,0.908163265306122,56.56931301288088,Medium
62650,Chicago Med,tv,8.3,1228,87.328,2015-11-17,"An emotional thrill ride through the day-to-day chaos of the city's most explosive hospital and the courageous team of doctors who hold it together. They will tackle unique new cases inspired by topical events, forging fiery relationships in the pulse-pounding pandemonium of the emergency room.",Drama,2015.0,0.8300000000000001,0.03136894270314456,0.19823575148176165,2015.0,0.8775510204081627,55.34311429186138,Medium
6732,Pleasant Goat and Big Big Wolf,tv,7.4,20,73.6901,2005-08-03,"Pleasant Goat and Big Big Wolf is a Chinese animated television series which was created by Huang Weiming, Lin Yuting and Luo Yinggeng, and produced by Creative Power Entertaining. The show is about a group of goats living on the Green Pasture, Qing Qing Grasslands/Plains, and the story revolving around a clumsy wolf who wants to eat them.  Toon Express Group owns the copyrights of the characters.","Animation, Comedy",2005.0,0.7400000000000001,0.0005108948322987714,0.164041213270627,2005.0,0.775510204081634,48.4012462436912,Medium
155256,Happy Toon,tv,7.333,6,66.4218,2010-07-02,No description,"Animation, Comedy",2010.0,0.7333000000000001,0.0001532684496896314,0.14581728128109858,2010.0,0.8265306122448983,48.78202323951374,Medium
14069,In Treatment,tv,7.614,180,81.8935,2008-01-28,The intimate confines of psychotherapy sessions are seen from the perspective of a therapist and individual patients.,Drama,2008.0,0.7614000000000001,0.004598053490688942,0.18460973736606853,2008.0,0.8061224489795933,50.36260479672702,Medium
10536,The Mike Douglas Show,tv,5.4,8,83.3643,1961-12-11,"The Mike Douglas Show is an American daytime television talk show hosted by Mike Douglas that originally aired only in the Cleveland area during much of its first two years on the air. It then went into syndication in 1963 and remained on television until 1982. It was distributed by Westinghouse Broadcasting and for much of its run, originated from studios of two of the company's TV stations in Cleveland and Philadelphia.",Comedy,1961.0,0.54,0.00020435793291950853,0.1882974991769732,1961.0,0.3265306122448983,31.900649387095818,Low
11890,"Goede Tijden, Slechte Tijden",tv,5.1,20,76.1049,1990-10-01,"Goede tijden, slechte tijden, also known as GTST, is the longest-running Dutch soap opera,  revolving around the lives of the families Alberts, Sanders, De Jong, Van Houten and Bouwhuis. It all takes place in the fictional town of Meerdijk.",,1990.0,0.51,0.0005108948322987714,0.17009588230854691,1990.0,0.6224489795918373,36.26111513465366,Low
290856,Marshals,tv,7.4,79,88.4086,2026-03-01,"With the Yellowstone Ranch behind him, Kayce Dutton joins an elite unit of U.S. Marshals, combining his skills as a cowboy and Navy SEAL to bring range justice to Montana, where he and his teammates must balance family, duty and the high psychological cost that comes with serving as the last line of defense in the region's war on violence.",Drama,2026.0,0.7400000000000001,0.0020180345875801466,0.20094515820794034,2026.0,0.9897959183673493,53.4551822232574,Medium
90,Mayday,tv,8.2,277,85.9604,2003-09-03,"Major real-life air disasters are depicted in this series. Each episode features a detailed dramatized reconstruction of the incident based on cockpit voice recorders and air traffic control transcripts, as well as eyewitnesses recounts and interviews with aviation experts.","Documentary, Drama, Crime",2003.0,0.82,0.0070758934273379825,0.1948067447829629,2003.0,0.7551020408163289,51.9396935805326,Medium
4376,JAG,tv,7.3,380,89.8244,1995-09-23,"Harmon ""Harm"" Rabb Jr. is a former pilot turned lawyer working for the military's JAG (Judge Advocate General) division, the elite legal wing of officers that prosecutes and defends those accused of military-related crimes. He works closely with Lt. Col. Sarah Mackenzie, and together they do what needs to be done to find the truth.","Drama, Crime",1995.0,0.73,0.009707001813676655,0.2044950175850676,1995.0,0.6734693877551017,46.95342814307691,Medium
4556,Scrubs,tv,7.868,34,88.6655,2001-10-02,"In the unreal world of Sacred Heart Hospital, John ""J.D."" Dorian learns the ways of medicine, friendship and life.",Comedy,2001.0,0.7868,0.0008685212149079113,0.20158928793952952,2001.0,0.7346938775510203,50.21503373410916,Medium
85009,锵锵三人行,tv,8.2,4,72.8502,1998-04-01,No description,,1998.0,0.82,0.00010217896645975426,0.16193531774099768,1998.0,0.704081632653061,50.12238258721038,Medium
32692,Blue Bloods,tv,7.78,983,86.961,2010-09-24,"A drama about a multi-generational family of cops dedicated to New York City law enforcement. Frank Reagan is the New York Police Commissioner and heads both the police force and the Reagan brood. He runs his department as diplomatically as he runs his family, even when dealing with the politics that plagued his unapologetically bold father, Henry, during his stint as Chief.","Crime, Drama",2010.0,0.778,0.02511048100748461,0.1973155661509199,2010.0,0.8265306122448983,52.09913318806606,Medium
1413,American Horror Story,tv,8.1,5972,77.5239,2011-10-05,"An anthology horror drama series centering on different characters and locations, including a house with a murderous past, an asylum, a witch coven, a freak show, a hotel, a farmhouse in Roanoke, a cult, the apocalypse and a summer camp.","Drama, Mystery",2011.0,0.81,0.1525531969244131,0.17365376510000308,2011.0,0.8367346938775526,55.65883311803938,Medium
78648,Amazing Saturday,tv,7.6,10,74.1139,2018-04-07,"A group of hungry celebrities listen to poppin’ tunes, from recent hits to all-time-favorites, to correctly dictate a part of the lyrics.

The songs may sound familiar, but the part they must dictate are unclear to the naked ear, as the lyrics are slurred, muffled by strong beats, etc.

If they get the lyrics right, they get to share exquisite regional dishes. But if they get them wrong, a professional eater gobbles it up instead.",Comedy,2018.0,0.76,0.0002554474161493857,0.16510381420580608,2018.0,0.908163265306122,51.87045053856156,Medium
60059,Better Call Saul,tv,8.705,6282,86.5275,2015-02-08,"Six years before Saul Goodman meets Walter White. We meet him when the man who will become Saul Goodman is known as Jimmy McGill, a small-time lawyer searching for his destiny, and, more immediately, hustling to make ends meet. Working alongside, and, often, against Jimmy, is “fixer” Mike Ehrmantraut. The series tracks Jimmy’s transformation into Saul Goodman, the man who puts “criminal” in “criminal lawyer"".","Crime, Drama",2015.0,0.8705,0.16047206682504406,0.19622864424105646,2015.0,0.8775510204081627,59.505034629485266,Medium
10160,Big Brother,tv,4.9,257,73.4357,2000-07-05,"American version of the reality game show which follows a group of HouseGuests living together 24 hours a day in the ""Big Brother"" house, isolated from the outside world but under constant surveillance with no privacy for three months.",,2000.0,0.49000000000000005,0.006564998595039211,0.16340335183148222,2000.0,0.7244897959183696,37.489162926897826,Low
1981,Charmed,tv,8.172,2477,86.978,1998-10-07,"Three sisters (Prue, Piper and Phoebe) reunite and unlock their powers to become the Charmed Ones, the most powerful good witches of all time, whose prophesied destiny is to protect innocent lives from evil beings such as demons and warlocks. Each sister possesses unique magical powers that grow and evolve, while they attempt to maintain normal lives in modern day San Francisco. ","Comedy, Drama, Mystery",1998.0,0.8172000000000001,0.06327432498020283,0.197358190539542,1998.0,0.704081632653061,51.98228296345613,Medium
250307,The Pitt,tv,8.7,550,85.0064,2025-01-09,The staff of Pittsburgh's Trauma Medical Center work around the clock to save lives in an overcrowded and underfunded emergency department.,Drama,2025.0,0.87,0.014049607888216211,0.19241476438616995,2025.0,0.979591836734695,58.52112418018163,Medium
1695,Monk,tv,7.9,1219,84.5183,2002-07-12,"Adrian Monk was once a rising star with the San Francisco Police Department, legendary for using unconventional means to solve the department's most baffling cases. But after the tragic (and still unsolved) murder of his wife Trudy, he developed an extreme case of obsessive-compulsive disorder. Now working as a private consultant, Monk continues to investigate cases in the most unconventional ways.","Drama, Comedy, Crime, Mystery",2002.0,0.79,0.03113904002861011,0.1911909429693202,2002.0,0.7448979591836746,50.944558843632116,Medium
873,Columbo,tv,8.084,804,86.7913,1971-09-15,"Columbo is a friendly, verbose, disheveled-looking police detective who is consistently underestimated by his suspects. Despite his unprepossessing appearance and apparent absentmindedness, he shrewdly solves all of his cases and secures all evidence needed for indictment. His formidable eye for detail and meticulously dedicated approach often become clear to the killer only late in the storyline.","Crime, Drama, Mystery",1971.0,0.8084,0.020537972258410607,0.1968900744597923,1971.0,0.4285714285714306,45.25598950579268,Medium
1855,Star Trek: Voyager,tv,7.784,1071,71.7659,1995-01-16,"Pulled to the far side of the galaxy, where the Federation is 75 years away at maximum warp speed, a Starfleet ship must cooperate with Maquis rebels to find a way home.",Drama,1995.0,0.7784,0.027358418269599203,0.15921663394200125,1995.0,0.6734693877551017,48.33688879933404,Medium
45140,Teen Titans Go!,tv,6.5,691,65.041,2013-04-23,"Robin, Starfire, Raven, Beast Boy and Cyborg return in all-new, comedic adventures. They may be super heroes who save the world every day ... but somebody still has to do the laundry!","Animation, Comedy, Family",2013.0,0.65,0.01765141645592255,0.14235517799819322,2013.0,0.8571428571428577,46.34298903193947,Medium
39859,Awkward.,tv,7.447,414,80.9327,2011-07-19,"An irreverent look at the conflict, chaos and humor that defines teenage life through the eyes of 15-year-old Jenna Hamilton whose life begins to change when a simple accident becomes an epic misunderstanding and is blown way out of proportion. Narration in the first-person voice of Jenna's blog posts captures the humor within the struggles and experiences everyone can relate to from their formative years.","Comedy, Drama",2011.0,0.7447,0.010575523028584567,0.18220070721382675,2011.0,0.8367346938775526,50.378218482399284,Medium
2407,Dark Angel,tv,7.5,488,73.155,2000-10-03,Super soldier Max Guevera tries to live a normal life in post-apocalyptic Seattle while eluding capture by government agents from the covert biotech facility she escaped from as a child and searching for her genetically-enhanced brothers and sisters who have dispersed after escape.,Drama,2000.0,0.75,0.01246583390809002,0.1626995479558221,2000.0,0.7244897959183696,47.99310355564564,Medium
46260,Naruto,tv,8.361,5910,70.2998,2002-10-03,"Naruto Uzumaki, a mischievous adolescent ninja, struggles as he searches for recognition and dreams of becoming the Hokage, the village's leader and strongest ninja.",Animation,2002.0,0.8361000000000001,0.15096942294428692,0.1555406565208921,2002.0,0.7448979591836746,54.472160772977084,Medium
9807,Masterpiece Mystery,tv,5.667,3,55.5289,1980-02-05,"Mystery! is an episodic television series that debuted in 1980 in the USA. It airs on PBS and is produced by WGBH. The show has brought a large number of detective series and television movies—most of them British productions from the BBC or the ITV companies and usually adapted from mystery fiction literary sources—to air on American television. In 2002, they added an American-produced series based on the novels of Tony Hillerman to their roster.","Crime, Drama, Mystery",1980.0,0.5667,7.66342248448157e-05,0.1185053281739436,1980.0,0.5204081632653086,35.44780251328194,Low
221468,Hollywood Squares,tv,7.3,6,63.5383,1998-09-14,"On September 14, 1998, a Hollywood Squares revival debuted with Tom Bergeron as its host. In addition to her production duties, Whoopi Goldberg served as the permanent center square, with series head writer Bruce Vilanch, Gilbert Gottfried, Martin Mull, and Caroline Rhea as regular panelists and Brad Garrett, Bobcat Goldthwait, Jeffrey Tambor, George Wallace, Kathy Griffin and various others as semi-regular panelists. Shadoe Stevens returned to announce, although he was not given a square on the panel as he had been when John Davidson was host.",,1998.0,0.73,0.0001532684496896314,0.13858743277569768,1998.0,0.704081632653061,46.05644667756897,Medium
108978,Reacher,tv,8.077,2698,76.398,2022-02-03,"Jack Reacher, a veteran military police investigator, has just recently entered civilian life. Reacher is a drifter, carrying no phone and the barest of essentials as he travels the country and explores the nation he once served.","Drama, Crime",2022.0,0.8077000000000001,0.06891971287710424,0.1708307769147314,2022.0,0.9489795918367356,56.082601632571425,Medium
1636,Top of the Pops,tv,6.6,42,67.7002,1964-01-01,"The biggest stars, the most iconic performances, the most outrageous outfits – it’s Britain’s number one pop show.",,1964.0,0.66,0.0010728791478274197,0.1490226353054802,1964.0,0.35714285714285765,36.54476743192331,Low
71932,AVN Awards,tv,5.7,25,84.3607,,"The AVN Awards are movie awards sponsored and presented by the American adult video industry trade magazine AVN (Adult Video News) to honor exceptional performance in various aspects of the creation and marketing of American pornographic movies. The ""Oscars of porn"".",,,0.5700000000000001,0.0006386185403734642,0.19079578981362358,2000.0,0.7244897959183696,41.118484085447335,Medium
4920,Damages,tv,7.4,231,75.159,2007-07-24,"Damages is an American legal thriller television series created by the writing and production trio of Daniel Zelman and brothers Glenn and Todd A. Kessler. The plot revolves around the brilliant, ruthless lawyer Patty Hewes and her protégée, recent law school graduate Ellen Parsons. Each season features a major case that Hewes and her firm take on, while also examining a chapter of the complicated relationship between Ellen and Patty. The first two seasons center around the law firm Hewes & Associates. Later seasons center more on Patty and Ellen's relationship as Ellen begins to distance herself from Hewes & Associates and begins an independent career.","Mystery, Drama, Crime",2007.0,0.7400000000000001,0.0059008353130508085,0.16772421117927394,2007.0,0.795918367346939,48.990868276785285,Medium
10534,The Red Skelton Show,tv,7.412,17,54.857,1951-09-30,"The Red Skelton Show is an American variety show that was a television staple for two decades, from 1951 to 1971. It was second to Gunsmoke and third to The Ed Sullivan Show in the ratings during that time. Skelton, who had previously been a radio star, had appeared in several motion pictures as well. Although his television series is largely associated with CBS, where it appeared for more than fifteen years, it actually began and ended on NBC. During its run, the program received three Emmy Awards, for Skelton as best comedian and the program as best comedy show during its initial season, and an award for comedy writing in 1961.","Comedy, Family",1951.0,0.7412000000000001,0.00043426060745395563,0.11682066189657969,1951.0,0.2244897959183696,36.48289436844807,Low
5050,Sea Hunt,tv,6.6,18,67.9985,1958-01-04,"Sea Hunt is an American adventure television series that aired in syndication from 1958 to 1961 and was popular in syndication for decades afterwards. The series originally aired for four seasons, with 155 episodes produced. It stars Lloyd Bridges as ex-Navy frogman Mike Nelson, and was produced by Ivan Tors.",Drama,1958.0,0.66,0.0004598053490688942,0.14977056795994914,1958.0,0.295918367346939,35.322974813119146,Low
1705,Fringe,tv,8.137,2729,75.2781,2008-09-09,"FBI Special Agent Olivia Dunham, brilliant but formerly institutionalized scientist Walter Bishop and his scheming, reluctant son Peter uncover a deadly mystery involving a series of unbelievable events and realize they may be a part of a larger, more disturbing pattern that blurs the line between science fiction and technology.","Drama, Mystery",2008.0,0.8137000000000001,0.06971159986716735,0.16802283263132636,2008.0,0.8061224489795933,53.425137629561746,Medium
202411,Monarch: Legacy of Monsters,tv,7.689,1096,80.1066,2023-11-16,"After surviving Godzilla's attack on San Francisco, Cate is shaken yet again by a shocking secret. Amid monstrous threats, she embarks on a globetrotting adventure to learn the truth about her family—and the mysterious organization known as Monarch.",Drama,2023.0,0.7689,0.027997036809972668,0.18012941265849064,2023.0,0.9591836734693899,54.10220245875708,Medium
67136,This Is Us,tv,8.2,1590,72.1791,2016-09-20,"Follows the lives and families of three adults living and growing up in the United States of America in present and past times. As their paths cross and their life stories intertwine in curious ways, we find that several of them share the same birthday - and so much more than anyone would expect.",Drama,2016.0,0.82,0.04061613916775232,0.16025265731721597,2016.0,0.887755102040817,54.572477970515706,Medium
76572,Soul Land,tv,8.157,54,62.6538,2018-01-13,"Tang San spent his life in the Tang Outer Sect, dedicated to the creation and mastery of hidden weapons. Once he stole the secret lore of the Inner Sect to reach the pinnacle of his art, his only way out was death. But after throwing himself off the deadly Hell's Peak he was reborn in a different world, the world of Douluo Dalu, a world where every person has a spirit of their own, and those with powerful spirits can practice their spirit power to rise and become Spirit Masters.

The spirit that awakens within Tang San is Blue Silver Grass, a useless spirit. Can he overcome the difficulties to reach the high ranks of Spirit Masters and bring the glory of the Tang Sect into this new world?","Animation, Drama",2018.0,0.8157000000000001,0.0013794160472066826,0.13636971090885977,2018.0,0.908163265306122,53.54624784524378,Medium
18779,Royal Pains,tv,6.7,157,70.6229,2009-06-04,"A young E.R. doctor who, after being wrongly blamed for a patient's death, moves to the Hamptons and becomes the reluctant ""doctor for hire"" to the rich and famous. When the attractive administrator of the local hospital asks him to treat the town's less fortunate, he finds himself walking the line between doing well for himself and doing good for others.","Comedy, Drama",2009.0,0.67,0.004010524433545355,0.1563507706364097,2009.0,0.8163265306122476,46.333756513644055,Medium
21510,White Collar,tv,8.2,1517,71.2664,2009-10-23,"In exchange for his freedom, charming con artist Neal Caffrey provides his expertise to help straight-man FBI agent Peter Burke catch elusive white-collar criminals.","Crime, Drama, Mystery",2009.0,0.82,0.038751373029861806,0.15796422911160496,2009.0,0.8163265306122476,53.06084265507429,Medium
1900,LIVE with Kelly and Mark,tv,5.448,48,60.5928,1988-09-05,"A morning talk show with A-list celebrity guests, top-notch performances and one-of-a-kind segments that are unrivaled on daytime television, plus spontaneous, hilarious and unpredictable talk.",,1988.0,0.5448000000000001,0.0012261475975170512,0.13120213061767502,1988.0,0.6020408163265323,36.481381890834484,Low
3022,Rugrats,tv,7.62,741,65.6358,1991-08-11,"Focuses on a group of toddlers, most prominently Tommy, Chuckie, Phil, Lil, and Angelica, and their day-to-day lives, usually involving common life experiences that become adventures in the babies' imaginations. Adults in the series are almost always unaware of what the children are up to; however, this only provides more room for the babies to explore and discover their surroundings.","Family, Animation, Comedy",1991.0,0.762,0.018928653536669476,0.14384653013657106,1991.0,0.6326530612244916,46.388564897954645,Medium
224372,A Knight of the Seven Kingdoms,tv,8.466,682,72.9862,2026-01-18,"A century before the events of Game of Thrones, two unlikely heroes wandered Westeros: a young, naive but courageous knight, Ser Duncan the Tall, and his diminutive squire, Egg. Set in an age when the Targaryen line still holds the Iron Throne and the last dragon has not yet passed from living memory, great destinies, powerful foes, and dangerous exploits await these improbable and incomparable friends.",Drama,2026.0,0.8466,0.017421513781388103,0.16227631284997443,2026.0,0.9897959183673493,57.25387489997424,Medium
42009,Black Mirror,tv,8.281,6045,75.0507,2011-12-04,"Twisted tales run wild in this mind-bending anthology series that reveals humanity's worst traits, greatest innovations and more.","Drama, Mystery",2011.0,0.8281000000000001,0.15441796306230363,0.1674526687505814,2011.0,0.8367346938775526,56.296106513808766,Medium
69050,Riverdale,tv,8.412,13679,67.2211,2017-01-26,"Set in the present, the series offers a bold, subversive take on Archie, Betty, Veronica and their friends, exploring the surreality of small-town life, the darkness and weirdness bubbling beneath Riverdale’s wholesome facade.","Crime, Drama, Mystery",2017.0,0.8412000000000002,0.34942652055074463,0.14782137974143045,2017.0,0.8979591836734713,61.55214167931293,Medium
37854,One Piece,tv,8.7,5164,68.7695,1999-10-20,"Years ago, the fearsome Pirate King, Gol D. Roger was executed leaving a huge pile of treasure and the famous ""One Piece"" behind. Whoever claims the ""One Piece"" will be named the new King of the Pirates.

Monkey D. Luffy, a boy who consumed a ""Devil Fruit,"" decides to follow in the footsteps of his idol, the pirate Shanks, and find the One Piece. It helps, of course, that his body has the properties of rubber and that he's surrounded by a bevy of skilled fighters and thieves to help him along the way.

Luffy will do anything to get the One Piece and become King of the Pirates!","Comedy, Animation",1999.0,0.87,0.13191304569954276,0.15170370934981006,1999.0,0.7142857142857153,54.758049386701366,Medium
1920,Twin Peaks,tv,8.3,2502,62.7317,1990-04-08,The body of Laura Palmer is washed up on a beach near the small Washington state town of Twin Peaks. FBI Special Agent Dale Cooper is called in to investigate her strange demise only to uncover a web of mystery that ultimately leads him deep into the heart of the surrounding woodland and his very own soul.,"Drama, Mystery",1990.0,0.8300000000000001,0.06391294352057629,0.13656503090142807,1990.0,0.6224489795918373,49.65853908027684,Medium
688,The West Wing,tv,8.242,555,73.0942,1999-09-22,The West Wing provides a glimpse into presidential politics in the nation's capital as it tells the stories of the members of a fictional presidential administration. These interesting characters have humor and dedication that touches the heart while the politics that they discuss touch on everyday life.,Drama,1999.0,0.8242000000000002,0.014177331596290903,0.16254710308357365,1999.0,0.7142857142857153,50.78820297931161,Medium
60708,Gotham,tv,7.6,3642,72.4047,2014-09-22,"Everyone knows the name Commissioner Gordon. He is one of the crime world's greatest foes, a man whose reputation is synonymous with law and order. But what is known of Gordon's story and his rise from rookie detective to Police Commissioner? What did it take to navigate the multiple layers of corruption that secretly ruled Gotham City, the spawning ground of the world's most iconic villains? And what circumstances created them – the larger-than-life personas who would become Catwoman, The Penguin, The Riddler, Two-Face and The Joker?","Drama, Crime",2014.0,0.76,0.09303394896160626,0.16081830802740096,2014.0,0.8673469387755119,52.8239839152904,Medium
1514,The One Show,tv,4.4,30,62.0765,2006-08-14,A topical magazine-style daily television programme broadcast live on BBC One.,,2006.0,0.44000000000000006,0.000766342248448157,0.13492223681759294,2006.0,0.7857142857142883,36.028057295606594,Low
1966,Horizon,tv,7.4,33,66.6836,1964-02-04,"Horizon tells amazing science stories, unravels mysteries and reveals worlds you've never seen before.",Documentary,1964.0,0.7400000000000001,0.0008429764732929727,0.14647369686587886,1964.0,0.35714285714285765,39.68919060964059,Low
64190,Volle Kanne,tv,3.8,6,76.3825,1999-08-30,No description,,1999.0,0.38,0.0001532684496896314,0.17079191350157596,1999.0,0.7142857142857153,32.90461792473962,Low
5660,Mobile Suit Gundam ZZ,tv,7.4,33,77.0472,1986-03-01,"The year is Universal Century 0088. Directly after the end of the  Gryps War, Haman Karn and her army of Zeon remnants on the asteroid Axis  begin their quest of reviving the lost empire of the Zabi's, and  proclaim themselves as the Neo-Zeon. With the Earth Federation as  hapless as ever, only the Anti-Earth Union Group (AEUG) is able oppose  the plans of Neo-Zeon. In need of all the help it can get after being  decimated in the previous war and losing many of its key members, the  AEUG ship Argama enlists the aid of a young junk collector from the Side  1 colony of Shangri-La named Judau Ashta to pilot its newest mobile  suit, the ZZ Gundam.","Animation, Drama, Comedy",1986.0,0.7400000000000001,0.0008429764732929727,0.17245852709669995,1986.0,0.5816326530612272,44.6986831326244,Medium
655,Star Trek: The Next Generation,tv,8.37,1712,68.198,1987-09-28,"Follow the intergalactic adventures of Capt. Jean-Luc Picard and his loyal crew aboard the all-new USS Enterprise NCC-1701D, as they explore new worlds.","Drama, Mystery",1987.0,0.837,0.04373259764477482,0.1502707776970143,1987.0,0.591836734693878,49.19680220071334,Medium
3968,NewsRadio,tv,7.349,126,71.1513,1995-03-21,"The office politics and interpersonal relationships among the staff of WNYX NewsRadio, New York's #2 news radio station.",Comedy,1995.0,0.7349000000000001,0.0032186374434822595,0.15767563692746359,1995.0,0.6734693877551017,46.08327324252096,Medium
34524,Teen Wolf,tv,8.457,4648,75.359,2011-06-05,"Scott McCall, a high school student living in the town of Beacon Hills has his life drastically changed when he's bitten by a werewolf, becoming one himself. He must henceforth learn to balance his problematic new identity with his day-to-day teenage life. The following characters are instrumental to his struggle: Stiles, his best friend; Allison, his love interest who comes from a family of werewolf hunters; and Derek, a mysterious werewolf with a dark past. Throughout the series, he strives to keep his loved ones safe while maintaining normal relationships with them.","Drama, Comedy",2011.0,0.8457000000000001,0.11873195902623446,0.16822567457482798,2011.0,0.8367346938775526,56.30184654957231,Medium
127706,Kiff,tv,8.5,21,67.3496,2023-03-10,"This series follows Kiff, an optimistic squirrel whose best intentions often lead to complete chaos, and her best friend Barry, a sweet and mellow bunny. Set in the bustling mountains, where animals and magical creatures live together in harmony, the series features the duo, who take the town by storm with their endless adventures and zest for life.","Animation, Comedy",2023.0,0.8500000000000001,0.0005364395739137098,0.1481435699730739,2023.0,0.9591836734693899,56.157273660327554,Medium
4588,ER,tv,7.827,903,75.2728,1994-09-19,ER explores the inner workings of an urban teaching hospital and the critical issues faced by the dedicated physicians and staff of its overburdened emergency room.,Drama,1994.0,0.7827000000000001,0.023066901678289526,0.1680095438513442,1994.0,0.6632653061224509,48.394835033041694,Medium
46296,Spartacus,tv,8.03,2851,71.3231,2010-01-22,"Torn from his homeland and the woman he loves, Spartacus is condemned to the brutal world of the arena where blood and death are primetime entertainment.",Drama,2010.0,0.8029999999999999,0.07282805834418984,0.1581063939842445,2010.0,0.8265306122448983,53.269301291466654,Medium
4574,X-Men,tv,8.159,1310,73.3352,1992-10-31,"The X-Men are an elite team of mutants, genetically gifted human beings with superpowers, sworn to fight for mutant rights against hostile Government agencies, whilst at the same time protecting mankind from mutant supremacist Magneto who seeks to destroy the human race in return for the atrocities committed against mutant kind.",Animation,1992.0,0.8159000000000001,0.03346361151556952,0.1631513664752163,1992.0,0.6428571428571423,49.42544241695857,Medium
99121,Walker,tv,7.097,385,69.4914,2021-01-21,"Cordell Walker, a widower and father of two with his own moral code, returns home to Austin after being undercover for two years, only to discover there's harder work to be done at home.","Crime, Drama",2021.0,0.7097000000000001,0.009834725521751348,0.1535137414760625,2021.0,0.9387755102040813,50.43047954403791,Medium
119822,Algo personal,tv,2.0,1,63.47,2015-02-23,No description,,2015.0,0.2,2.5544741614938566e-05,0.13841618302611597,2015.0,0.8775510204081627,28.319854963517876,Low
18347,Community,tv,8.002,2011,82.5545,2009-09-17,"Follow the lives of a group of students at what is possibly the world’s worst community college in the fictional locale of Greendale, Colorado.",Comedy,2009.0,0.8002000000000001,0.05137047538764145,0.18626707388837477,2009.0,0.8163265306122476,53.08728159776529,Medium
36062,Best Friends,tv,3.0,8,70.2461,2007-09-03,"Best Friends follows the life of a group of friends at their high school ‘Spangalis College’. Inside and outside of school exciting and challenging experiences take place. Growing up is never easy; every character has its own, unique story of love, friendship, loneliness, sorrow, discovery. There is drama and joy in school, family, teachers, parents, divorce, bullying, and always dreams for the future.","Comedy, Drama",2007.0,0.30000000000000004,0.00020435793291950853,0.15540601359918582,2007.0,0.795918367346939,31.03057477758089,Low
217772,GG Bond,tv,9.1,8,92.1782,2006-07-01,No description,Animation,2006.0,0.91,0.00020435793291950853,0.21039674028734354,2006.0,0.7857142857142883,56.32630767869104,Medium
4573,Late Night with Conan O'Brien,tv,7.228,151,57.3761,1993-09-13,"Stepping into the late-late slot vacated by David Letterman, Conan O'Brien stars in a show that far outdoes its competition in sheer strangeness. Along with the celebrity interviews and musical numbers typical of late-night talk shows, this program make frequent use of odd walk-on characters and frequent ""visits"" from celebrity guests.",Comedy,1993.0,0.7228,0.0038572559838557234,0.12313684409528106,1993.0,0.6530612244897966,44.513106491378664,Medium
226285,Elsbeth,tv,6.898,103,70.7062,2024-02-29,"After her successful career in Chicago, Elsbeth Tascioni, an astute but unconventional attorney, utilizes her singular point of view to make unique observations and corner brilliant criminals alongside the NYPD.","Crime, Drama, Comedy, Mystery",2024.0,0.6898,0.0026311083863386725,0.15655963014065796,2024.0,0.9693877551020407,50.16356987258075,Medium
46392,Duel Masters,tv,6.2,19,74.1471,2002-10-21,"A mysterious organization is interested in fledging duelist Shobu Kirifuda's ability to bring Duel Master creatures to life. With the support of his friends, Shobu duels with passion, discipline, and heart as he strives to be like his father and become the next Kaijudo master.",Animation,2002.0,0.6200000000000001,0.00048535009068383274,0.16518705712946805,2002.0,0.7448979591836746,43.01140732807654,Medium
1104,Mad Men,tv,8.1,1450,65.8969,2007-07-19,"Set in 1960-1970 New York, this sexy, stylized and provocative drama follows the lives of the ruthlessly competitive men and women of Madison Avenue advertising.",Drama,2007.0,0.81,0.03703987534166092,0.1445011905994669,2007.0,0.795918367346939,51.94918866576135,Medium
80006,Good Trouble,tv,7.5,175,68.0152,2019-01-08,"After moving to The Coterie in Downtown Los Angeles, Callie and Mariana Foster realize that living on their own is not all that it’s cracked up to be.",Drama,2019.0,0.75,0.004470329782614249,0.14981244015347786,2019.0,0.9183673469387763,51.45300233749738,Medium
31911,Fullmetal Alchemist: Brotherhood,tv,8.7,2380,58.2935,2009-04-05,"Disregard for alchemy’s laws ripped half of Edward Elric’s limbs from his body and left his brother Alphonse’s soul clinging to a suit of armor. To restore what was lost, the brothers seek the Philosopher’s Stone. Enemies and allies – the corrupt military, the Homunculi, and foreign alchemists – will alter the Elric brothers course, but their purpose will remain unchanged and their bond unbreakable.","Animation, Drama",2009.0,0.87,0.06079648504355379,0.1254370566906876,2009.0,0.8163265306122476,54.851201446929785,Medium
1447,Psych,tv,7.899,945,78.4228,2006-07-07,"Thanks to his police officer father's efforts, Shawn Spencer spent his childhood developing a keen eye for detail (and a lasting dislike of his dad). Years later, Shawn's frequent tips to the police lead to him being falsely accused of a crime he solved.

Now, Shawn has no choice but to use his abilities to perpetuate his cover story: psychic crime-solving powers, all the while dragging his best friend, his dad, and the police along for the ride.","Drama, Comedy, Crime",2006.0,0.7899,0.024139780826116945,0.17590759233132086,2006.0,0.7857142857142883,51.311233177434524,Medium
790,Agatha Christie's Poirot,tv,8.2,533,68.3212,1989-01-08,"From England to Egypt, accompanied by his elegant and trustworthy sidekicks, the intelligent yet eccentrically-refined Belgian detective Hercule Poirot pits his wits against a collection of first class deceptions.","Crime, Drama, Mystery",1989.0,0.82,0.013615347280762255,0.15057967914867562,1989.0,0.612244897959183,48.32879848777242,Medium
1417,Glee,tv,6.78,922,64.825,2009-05-19,"In this musical comedy, optimistic high school teacher Will Schuester tries to refuel his own passion while reinventing the high school's glee club and challenging a group of outcasts to realize their star potential as they strive to outshine their singing competition while navigating the cruel halls of McKinley High.","Comedy, Drama",2009.0,0.678,0.023552251768973357,0.14181359753099482,2009.0,0.8163265306122476,46.75384759824433,Medium
1639,Heroes,tv,7.449,2487,67.2908,2006-09-25,Common people discover that they have super powers. Their lives intertwine as a devastating event must be prevented.,Drama,2006.0,0.7449,0.06352977239635221,0.14799613973478104,2006.0,0.7857142857142883,49.74080395690843,Medium
71494,Golden Globe Awards,tv,7.2,18,66.7488,1944-01-20,"An annual awards ceremony recognizing excellence in film and television, both domestic and foreign, bestowed by the Hollywood Foreign Press Association.",,1944.0,0.7200000000000001,0.0004598053490688942,0.1466371739328295,1944.0,0.15306122448979664,34.803164075433905,Low
120089,SPY x FAMILY,tv,8.512,2203,70.7209,2022-04-09,"A spy, an assassin and a telepath come together to pose as a family, each for their own reasons, while hiding their true identities from each other.","Animation, Comedy",2022.0,0.8512000000000001,0.05627506577770966,0.15659648770023119,2022.0,0.9489795918367356,57.285022906293534,Medium
30983,Detective Conan,tv,8.004,736,58.632,1996-01-08,"The son of a world famous mystery writer, Jimmy Kudo, has achieved his own notoriety by assisting the local police as a student detective. He has always been able to solve the most difficult of criminal cases using his wits and power of reason.","Animation, Crime, Mystery, Comedy",1996.0,0.8004,0.018800929828594784,0.12628578348766287,1996.0,0.683673469387756,48.591203654080275,Medium
3091,Family Affairs,tv,2.6,5,60.0885,1997-03-30,Focuses on the lives of residents in the fictional London suburb of Charnham.,Drama,1997.0,0.26,0.00012772370807469284,0.12993769066578542,1997.0,0.6938775510204103,26.87885930788541,Low
11366,Big Brother,tv,4.3,64,66.6251,2000-07-18,"A British reality television game show in which a number of contestants live in an isolated house for several weeks, trying to avoid being evicted by the public with the aim of winning a large cash prize at the end of the run.",,2000.0,0.43,0.0016348634633560682,0.1463270188226793,2000.0,0.7244897959183696,34.64903356408811,Low
41956,Death in Paradise,tv,7.487,316,66.4335,2011-10-25,A brilliant but idiosyncratic British detective and his resourceful local team solve baffling murder mysteries on the fictional Caribbean island of Saint Marie.,"Comedy, Crime, Drama, Mystery",2011.0,0.7487,0.008072138350320586,0.14584661688973846,2011.0,0.8367346938775526,49.76106898235224,Medium
37971,Der Alte,tv,6.083,18,74.0043,1977-04-11,"A police department, lead by an older, experienced detective solve crimes together.","Crime, Drama",1977.0,0.6083000000000001,0.0004598053490688942,0.16482901226504246,1977.0,0.48979591836734926,37.433694719629216,Low
615,Futurama,tv,8.368,3656,57.8048,1999-03-28,"The adventures of a late-20th-century New York City pizza delivery boy, Philip J. Fry, who, after being unwittingly cryogenically frozen for one thousand years, finds employment at Planet Express, an interplanetary delivery company in the retro-futuristic 31st century.","Animation, Comedy",1999.0,0.8368000000000001,0.0933915753442154,0.1242117308836512,1999.0,0.7142857142857153,52.109780410271654,Medium
56296,Orphan Black,tv,7.802,1389,68.899,2013-03-30,A streetwise hustler is pulled into a compelling conspiracy after witnessing the suicide of a girl who looks just like her.,Drama,2013.0,0.7802,0.03548164610314967,0.15202840689843133,2013.0,0.8571428571428577,52.10105820288877,Medium
3562,NOVA,tv,7.0,134,98.2956,1974-03-03,"PBS' premier science series helps viewers of all ages explore the science behind the headlines. Along the way, NOVA demystifies science and technology, and highlights the people involved in scientific pursuits.",Documentary,1974.0,0.7000000000000001,0.0034229953764017677,0.22573500116715603,1974.0,0.45918367346938993,41.76683340025896,Medium
37678,The Voice,tv,5.9,218,66.4643,2011-04-26,"The strongest vocalists from across the United states compete in a blockbusters vocal competition, the winner becomes “The Voice.” The show's innovative format features four stages of competition: the blind auditions, the battle rounds, the knockouts and, finally, the live performance shows.",,2011.0,0.5900000000000001,0.0055687536720566075,0.14592384225265378,2011.0,0.8367346938775526,43.36454579604527,Medium
61457,Grantchester,tv,7.289,142,68.3177,2014-10-06,"In 1953 at the hamlet of Grantchester, Sidney Chambers—a charismatic, charming clergyman—turns investigative vicar when one of his parishioners dies in suspicious circumstances.","Crime, Drama, Mystery",2014.0,0.7289,0.0036273533093212763,0.15057090353925343,2014.0,0.8673469387755119,49.58690391248173,Medium
62992,DAS!,tv,4.2,5,75.4997,1991-01-02,"Every evening at 6:45 p.m. sharp, a prominent guest takes a seat on the red sofa—and DAS! provides daily updates on what's hot in the north.",,1991.0,0.42000000000000004,0.00012772370807469284,0.16857845407360028,1991.0,0.6326530612244916,32.82718478012334,Low
2518,The Tonight Show with Jay Leno,tv,5.4,97,52.3599,1992-05-25,Jay Leno hosts some of the biggest celebrities in the world.,Comedy,1992.0,0.54,0.002477839936649041,0.11055964067138929,1992.0,0.6428571428571423,36.717892469303614,Low
14658,Survivor,tv,7.3,421,54.3957,2000-05-31,"A reality show contest where sixteen or more castaways split between two or more “Tribes” are taken to a remote isolated location and are forced to live off the land with meager supplies for roughly 39 days. Frequent physical challenges are used to pit the tribes against each other for rewards, such as food or luxuries, or for “Immunity”, forcing the other tribe to attend “Tribal Council”, where they must vote off one of their players.",,2000.0,0.73,0.010754336219889136,0.1156640365747342,2000.0,0.7244897959183696,46.21816337425986,Medium
224,Match of the Day,tv,7.592,49,59.3701,1964-08-22,"BBC's football highlights and analysis.

""The longest-running football television programme in the world"" as recognised by Guinness World Records in 2015.",,1964.0,0.7592,0.0012516923391319896,0.12813643414895518,1964.0,0.35714285714285765,40.098619672618895,Medium
30801,2 Days and 1 Night,tv,7.1,28,66.5194,2007-08-05,"2 Days & 1 Night is a South Korean reality-variety show with the motto ""real wild road variety."" Its main concept is to recommend various places of interest that viewers can visit in South Korea.",Comedy,2007.0,0.71,0.0007152527652182798,0.14606199541812898,2007.0,0.795918367346939,47.25391231060571,Medium
67026,Designated Survivor,tv,7.142,1096,62.1918,2016-09-21,"Tom Kirkman, a low-level cabinet member is suddenly appointed President of the United States after a catastrophic attack during the State of the Union kills everyone above him in the Presidential line of succession.",Drama,2016.0,0.7142000000000001,0.027997036809972668,0.13521133046512987,2016.0,0.887755102040817,49.5872693863184,Medium
4586,Gilmore Girls,tv,7.898,1220,62.7398,2000-10-05,"Set in the charming town of Stars Hollow, Connecticut, the series follows the captivating lives of Lorelai and Rory Gilmore, a mother/daughter pair who have a relationship most people only dream of.","Comedy, Drama",2000.0,0.7898000000000001,0.03116458477022505,0.13658534016894805,2000.0,0.7244897959183696,49.43679441715085,Medium
841,Newsnight,tv,6.0,11,55.0406,1980-01-30,A daily BBC Television current affairs programme which specialises in analysis and often robust cross-examination of senior politicians.,,1980.0,0.6000000000000001,0.0002809921577643242,0.11728100529369834,1980.0,0.5204081632653086,36.75940321433543,Low
49036,Love Stories in the Countryside,tv,6.1,8,70.0498,2006-09-30,No description,"Family, Comedy",2006.0,0.61,0.00020435793291950853,0.1549138272764495,2006.0,0.7857142857142883,43.21664941847314,Medium
45790,JoJo's Bizarre Adventure,tv,8.5,1549,108.8515,2012-10-06,"Follow the intergenerational feud between the Joestar Family and various forces of evil, the most prominent of which is Dio Brando and his followers.",Animation,2012.0,0.8500000000000001,0.03956880476153984,0.2522019884528024,2012.0,0.8469387755102034,56.77419137449091,Medium
194916,Chiikawa,tv,8.2,14,53.5745,2022-04-04,"The story follows the sometimes happy, sometimes sad, and a tad stressful daily life of ""some sort of small, cute creature"" (Nanka Chiisakute Kawaii Yatsu) known as Chiikawa. Chiikawa enjoys delicious food with bees and rabbits, toils hard every day for the rewards of work, and still maintains a smile.","Animation, Comedy, Family",2022.0,0.82,0.0003576263826091399,0.11360502787258919,2022.0,0.9489795918367356,54.05884492183868,Medium
63329,Rosewood,tv,6.485,172,61.2491,2015-09-23,"Dr. Beaumont Rosewood, Jr. is a brilliant private pathologist who uses wildly sophisticated technology and his drive to live life to the fullest to help a tough-as-nails detective and the Miami PD uncover clues no one else can see.",Drama,2015.0,0.6485000000000001,0.0043936955577694335,0.1328476827501857,2015.0,0.8775510204081627,46.23584797432236,Medium
4177,Perry Mason,tv,7.7,131,70.8433,1957-09-21,The cases of master criminal defense attorney Perry Mason and his staff who handled the most difficult of cases in the aid of the innocent.,"Mystery, Drama, Crime",1957.0,0.77,0.0033463611515569523,0.1569033832983103,1957.0,0.28571428571428825,39.71928060328311,Low
127532,Solo Leveling,tv,8.607,1601,66.8489,2024-01-07,"They say whatever doesn’t kill you makes you stronger, but that’s not the case for the world’s weakest hunter Sung Jinwoo. After being brutally slaughtered by monsters in a high-ranking dungeon, Jinwoo came back with the System, a program only he could see, that’s leveling him up in every way. Now, he’s inspired to discover the secrets behind his powers and the dungeon that spawned them.",Animation,2024.0,0.8607,0.040897131325516645,0.1468881563623043,2024.0,0.9693877551020407,57.57146085579723,Medium
1424,Orange Is the New Black,tv,7.643,2758,55.2653,2013-07-11,"A crime she committed in her youthful past sends Piper Chapman to a women's prison, where she trades her comfortable New York life for one of unexpected camaraderie and conflict in an eccentric group of fellow inmates.","Drama, Comedy, Crime",2013.0,0.7643,0.07045239737400057,0.11784439941860334,2013.0,0.8571428571428577,51.48079307870923,Medium
223911,Renegade Immortal,tv,8.8,32,55.8543,2023-09-25,"It tells the story of Wang Lin, an ordinary young man in the countryside, who is moved by his heart and cultivates against immortality. His pursuit is not only for longevity, but also for getting rid of the ants behind it. He firmly believed in human beings and entered the path of cultivation with mediocre qualifications. After experiencing ups and downs, with his wise mind, he gradually reached the pinnacle and became famous in the cultivation world with his own strength.","Animation, Drama",2023.0,0.8800000000000001,0.0008174317316780341,0.1193212091185101,2023.0,0.9591836734693899,56.786446286391566,Medium
48866,The 100,tv,7.9,8523,71.191,2014-03-19,"100 years in the future, when the Earth has been abandoned due to radioactivity, the last surviving humans live on an ark orbiting the planet — but the ark won't last forever. So the repressive regime picks 100 expendable juvenile delinquents to send down to Earth to see if the planet is still habitable.","Drama, Crime",2014.0,0.79,0.2177178327841214,0.15777517741148106,2014.0,0.8673469387755119,56.456798979422295,Medium
225590,Mind Our Own Business,tv,0.0,0,48.5343,1993-05-10,"The frugal and harsh father, CHENG SAM, and the open-minded and generous mother, LEUNG HANG MUI, are a lively couple in the family. Other family members include their lazy and rude son, YUEN YUK PO; their optimistic and irresponsible daughter, YUEN YUET CHU; their defiant and domineering daughter-in-law, HO SHUK KIANG, and their honest and confident son-in-law, YEUNG JO GAI. Their granddaughter, MUN HEI, is a free-spirited girl while their grandson, MUN CHOI, is a cunning and opportunistic businessman. The family's fortunes are tied to their partners, CHU CHI WAH and CHAN WING MAN. Together, they form a tapestry of modern urban life.",Family,1993.0,0.0,0.0,0.10096764884123093,1993.0,0.6530612244897966,15.080577466620552,Low
48891,Brooklyn Nine-Nine,tv,8.213,3862,62.6942,2013-09-17,"A single-camera ensemble comedy following the lives of an eclectic group of detectives in a New York precinct, including one slacker who is forced to shape up when he gets a new boss.","Comedy, Crime",2013.0,0.8212999999999999,0.09865379211689274,0.1364710065147617,2013.0,0.8571428571428577,54.697353115490245,Medium
5500,SOKO München,tv,5.5,6,68.8849,1978-01-02,"SOKO 5113 is a long-running German police procedural television series. It was first aired in 1978 on 2 January. SOKO is an abbreviation of the term ""Sonderkommission"" in German.",Crime,1978.0,0.55,0.0001532684496896314,0.15199305372904479,1978.0,0.5,35.04292644357469,Low
210865,Golden Boy,tv,8.198,96,65.4998,2022-09-23,"A young girl is forced to marry a rich groom. The groom is not only rich, but also allows himself to live without any restrictions or obligations. Will married life change his habits? And how will such a man be accepted by a good-hearted wife?","Family, Drama",2022.0,0.8198000000000001,0.0024522951950341023,0.14350553502759425,2022.0,0.9489795918367356,54.69074844118729,Medium
7677,We Got Married,tv,5.933,15,57.3257,2008-03-16,"We Got Married is a South Korean reality variety show, one segment of the Sunday Sunday Night program. First broadcast in 2008, the show pairs up Korean celebrities to show what life would be like if they were married. Each week, couples are assigned missions to complete, with candid interviews of the participants to reveal their thoughts and feelings.",,2008.0,0.5933,0.0003831711242240785,0.12301047531960141,2008.0,0.8061224489795933,42.32232190846838,Medium
112191,The Guardians of Carcosa,tv,7.0,1,50.2166,2013-01-01,"The Guardians of Carcosa have made it their mission to protect all humans. Watch the battle for humanity ensue, and join adventures to the realms Carcosa Wonderland and beyond.","Animation, Drama",2013.0,0.7000000000000001,2.5544741614938566e-05,0.10518570819293402,2013.0,0.8571428571428577,47.24708220154814,Medium
6809,El hormiguero,tv,4.8,39,62.8752,2006-09-24,"El Hormiguero is a Spanish television program with a live audience focusing on comedy, science, and politics running since September 2006. It is hosted and produced by screenwriter Pablo Motos. The show aired on Spain's Cuatro channel from launch until June 2011 and is now broadcast on Antena 3. Recurring guests on the show include Luis Piedrahita, Raquel Martos, Marron & ""The Man in Black"", and puppet ants Trancas and Barrancas. It has proved a ratings success, and has expanded from a weekly 120-minute show to a daily 40-minute show in its third season, which began on September 17, 2007. The show won the Entertainment prize at the 2009 Rose d'Or ceremony.",Comedy,2006.0,0.48,0.000996244922982604,0.13692483088773813,2006.0,0.7857142857142883,37.67270723050018,Low
26444,Da Capo,tv,6.1,12,66.3425,2003-07-05,"Junichi Asakura lives with his adoptive sister Nemu in the crescent-shaped island of Hatsune Jima, a place where cherry blossoms bloom throughout the year. In this island, people have mysterious powers and attributes. For example, Junichi has the power to see other people's dreams, and he was also taught by his grandmother to magically create sweets. One day, Junichi's cousin and childhood friend, Sakura Yoshino came back from America all of a sudden. To Junichi's surprise, she looks exactly the same as the girl that moved away six years ago, and hasn't aged one bit. And she came back to remind Junichi of their childhood promise... It is a bittersweet tale of magic, love, hidden desires, and unattainable dreams.","Animation, Drama",2003.0,0.61,0.0003065368993792628,0.14561845104476137,2003.0,0.7551020408163289,42.420540575209394,Medium
1418,The Big Bang Theory,tv,7.912,12287,54.1079,2007-09-24,Physicists Leonard and Sheldon find their nerd-centric social circle with pals Howard and Raj expanding when aspiring actress Penny moves in next door.,Comedy,2007.0,0.7912,0.31386824022275017,0.11494243074853192,2007.0,0.795918367346939,56.142580766364425,Medium
225891,The Madison,tv,9.025,20,64.1245,2026-03-14,"The Clyburns uproot their comfortable New York City lives to the wild, untamed beauty of Montana's Madison River Valley on a search for connection.","Drama, Western",2026.0,0.9025000000000001,0.0005108948322987714,0.14005722198806667,2026.0,0.9897959183673493,58.70728070375431,Medium
31910,Naruto Shippūden,tv,8.532,8576,64.2917,2007-02-15,"After 2 and a half years Naruto finally returns to his village of Konoha, and sets about putting his ambitions to work. It will not be easy though as he has amassed a few more dangerous enemies, in the likes of the shinobi organization; Akatsuki.",Animation,2007.0,0.8532000000000001,0.21907170408971313,0.1404764453867499,2007.0,0.795918367346939,57.23733033646804,Medium
46034,Die Küchenschlacht,tv,8.0,1,54.4295,2008-01-14,No description,,2008.0,0.8,2.5544741614938566e-05,0.11574878388858284,2008.0,0.8061224489795933,50.43793555219583,Medium
1403,Marvel's Agents of S.H.I.E.L.D.,tv,7.472,3729,59.5095,2013-09-24,"Agent Phil Coulson of S.H.I.E.L.D. (Strategic Homeland Intervention, Enforcement and Logistics Division) puts together a team of agents to investigate the new, the strange and the unknown around the globe, protecting the ordinary from the extraordinary.",Drama,2013.0,0.7472000000000001,0.0952563414821059,0.1284859541356564,2013.0,0.8571428571428577,51.50570305521241,Medium
37288,Morgenmagazin,tv,3.5,2,55.0375,1992-07-19,No description,,1992.0,0.35000000000000003,5.108948322987713e-05,0.11727323261106726,1992.0,0.6428571428571423,29.203629299028794,Low
223694,Wo Shi Bu Bai Chi,tv,0.0,0,48.638,2019-07-31,No description,Animation,2019.0,0.0,0.0,0.1012276576118257,2019.0,0.9183673469387763,20.39190009101204,Low
2122,King of the Hill,tv,7.395,650,58.7854,1997-01-12,"Set in Texas, this animated series follows the life of propane salesman Hank Hill, who lives with his overly confident substitute Spanish teacher wife Peggy, wannabe comedian son Bobby, and naive niece Luanne. Hank has conservative views about God, family, and country, but his values and ethics are often challenged by the situations he, his family, and his beer-drinking neighbors/buddies find themselves in.","Animation, Comedy, Family",1997.0,0.7395,0.01660408204971007,0.12667040591205286,1997.0,0.6938775510204103,46.32304077964346,Medium
52910,Law of the Jungle,tv,6.0,9,59.3819,2011-10-21,"Law of the Jungle is a hybrid reality show combining elements of drama and documentary. The show is hosted by comedian Kim Byung Man, and each episode invites various celebrities from the various field. So far, many of idol stars and famous actors have appeared on the show. The show introduces viewers to exotic locations around the world where celebrities must work together in order to complete missions and survive. The cast celebrities travel to less habituated, natural places to survive on their own and experience life with local tribes and people. In each location, the guests are tasked to hunt and prepare their meals and also create shelter for the tribe. They sometimes confronted by many difficult challenges. Where will the tribe visit? And how will they survive on their own? Stay tuned to check out!",,2011.0,0.6000000000000001,0.0002299026745344471,0.12816602048929288,2011.0,0.8367346938775526,43.30261234082761,Medium
1409,Sons of Anarchy,tv,8.4,3186,59.0047,2008-09-03,"The Sons of Anarchy (SOA) are an outlaw motorcycle club with many charters in the United States and overseas. The show focused on the original and founding charter, Sons of Anarchy Motorcycle Club, Redwood Original, often referred to by the acronym SAMCRO, Sam Crow, or simply Redwood Charter. The charter operates both legal and illegal businesses in the small town of Charming, California. They combine gun-running and a garage, and involvement in porn film industry. Clay, the charter president, likes it old school and violent; while Jax, his stepson and the club's VP, has thoughts about changing the way things are done. Their conflict has effects on both the club and their personal relationship, especially when Jax goes on a personal quest to cleanse the SAMCRO name and image.","Crime, Drama",2008.0,0.8400000000000001,0.08138554678519427,0.12722026052527788,2008.0,0.8061224489795933,53.89456512580132,Medium
1877,Phineas and Ferb,tv,7.9,988,56.5762,2007-08-17,"Each day, two kindhearted suburban stepbrothers on summer vacation embark on some grand new project, which annoys their controlling sister, Candace, who tries to bust them. Meanwhile, their pet platypus plots against evil Dr. Doofenshmirtz.","Animation, Comedy, Family",2007.0,0.79,0.025238204715559303,0.12113124124476252,2007.0,0.795918367346939,50.445756266145224,Medium
314073,Never Forget Your Enemy,tv,0.0,0,77.3081,2026-03-17,"After a crash erases a decade of his memory, a man wakes up to find his former rival claiming they’re lovers—and must uncover the truth behind the relationship he can’t remember.",Drama,2026.0,0.0,0.0,0.17311268609620023,2026.0,0.9897959183673493,23.258172089270992,Low
65494,The Crown,tv,8.2,2303,61.451,2016-11-04,"The gripping, decades-spanning inside story of Her Majesty Queen Elizabeth II and the Prime Ministers who shaped Britain's post-war destiny. 

The Crown tells the inside story of two of the most famous addresses in the world – Buckingham Palace and 10 Downing Street – and the intrigues, love lives and machinations behind the great events that shaped the second half of the 20th century. Two houses, two courts, one Crown.",Drama,2016.0,0.82,0.058829539939203514,0.13335391004799757,2016.0,0.887755102040817,54.39877104056037,Medium
117465,Hell's Paradise,tv,8.184,416,65.7322,2023-04-01,"For a chance at a pardon, a ninja assassin joins other condemned criminals on a journey to a mysterious island to retrieve an elixir of immortality.",Animation,2023.0,0.8184,0.010626612511814444,0.14408823549322813,2023.0,0.9591836734693899,55.01397042948866,Medium
220150,Pokémon Horizons,tv,8.7,99,58.1984,2023-04-14,"Follow Liko and Roy as they unravel the mysteries that surround them and encounter Friede, Captain Pikachu, Amethio, and others during their exciting adventures!",Animation,2023.0,0.87,0.002528929419878918,0.12519861084610162,2023.0,0.9591836734693899,56.53822427470742,Medium
4013,Virtues of Harmony II,tv,7.5,2,49.9166,2003-05-05,"The Virtues of Harmony II is a long-running TVB television series, which follows its first series, Virtues of Harmony, a series set in Ancient China. This new, second series of the Virtues of Harmony is set in Modern Hong Kong.","Comedy, Family, Drama",2003.0,0.75,5.108948322987713e-05,0.10443351309960291,2003.0,0.7551020408163289,47.19173286798324,Medium
1028,Holby City,tv,5.739,46,53.1286,1999-01-12,"Drama series about life on the wards of Holby City Hospital, following the highs and lows of the staff and patients.",Drama,1999.0,0.5739,0.001175058114287174,0.11248701523220137,1999.0,0.7142857142857153,39.51495575264408,Low
4546,Curb Your Enthusiasm,tv,8.03,894,58.8447,2000-10-15,"The off-kilter, unscripted comic vision of Larry David, who plays himself in a parallel universe in which he can't seem to do anything right, and, by his standards, neither can anyone else.",Comedy,2000.0,0.8029999999999999,0.022836999003755076,0.12681908980883463,2000.0,0.7244897959183696,49.60291769461919,Medium
80240,The Queen of Flow,tv,7.993,1549,59.5706,2018-06-12,"Seventeen years after being wrongly imprisoned, a talented songwriter seeks justice against the men who caused her downfall and killed her family.","Drama, Crime",2018.0,0.7993000000000001,0.03956880476153984,0.12863915120299815,2018.0,0.908163265306122,53.4994244254132,Medium
31936,Melissa & Joey,tv,6.9,119,53.7942,2010-08-17,"Mel is a local politician from a political family. When a family scandal leaves her niece, Lennox, and nephew, Ryder, without their parents, Mel takes them in. She hires Joe to become the family's male nanny, or ""manny,"" after a Ponzi scheme leaves him broke.","Drama, Comedy, Family",2010.0,0.6900000000000001,0.0030398242521776893,0.11415588541260532,2010.0,0.8265306122448983,46.47452643819363,Medium
90802,The Sandman,tv,7.878,2524,58.0503,2022-08-05,"After years of imprisonment, Morpheus — the King of Dreams — embarks on a journey across worlds to find what was stolen from him and restore his power.",Drama,2022.0,0.7878000000000001,0.06447492783610494,0.12482727720169384,2022.0,0.9489795918367356,54.2776359374907,Medium
31572,Lupin the 3rd,tv,8.0,123,55.5461,1971-10-24,"Follow the exciting adventures of Arsene Lupin III, the grandson of the world's greatest thief, Arsene Lupin. Together with Daisuke Jigen, Goemon Ishikawa and his love interest Fujiko Mine, he carries out the greatest robberies of all time, all the while evading the control of Inspector Koichi Zenigata.",Animation,1971.0,0.8,0.0031420032186374436,0.11854845402596126,1971.0,0.4285714285714306,43.00523771632059,Medium
283673,That Night,tv,6.441,17,61.5423,2026-03-13,"When a young, naïve single mother gets embroiled in a murder during an island getaway, her sisters rush to help. But they only make things worse.","Crime, Drama, Mystery",2026.0,0.6441,0.00043426060745395563,0.13358282808806798,2026.0,0.9897959183673493,48.24026014125743,Medium
1940,Entourage,tv,7.374,623,60.2841,2004-07-18,Film star Vince Chase navigates the vapid terrain of Los Angeles with a close circle of friends and his trusty agent.,"Comedy, Drama",2004.0,0.7374,0.015914374026106726,0.13042812186663733,2004.0,0.7653061224489797,47.728972366834476,Medium
20695,Yu-Gi-Oh! 5D's,tv,8.051,188,60.3346,2008-04-02,"Welcome to New Domino City! Once the playground to legendary duelist Yugi Muto, this sprawling metropolis has since been transformed into a futuristic society where dueling has kicked into overdrive. With recent technological advancements made by KaibaCorp, dueling has undergone a metamorphosis that has revolutionized the makeup and pace of the game! It’s now a heart-pounding, adrenaline-filled and fuel injected competition where duelists ride supercharged hyper cycles called Duel Runners and battle it out in hi-octane contests called “Turbo Duels.”",Animation,2008.0,0.8051,0.004802411423608451,0.1305547413740147,2008.0,0.8061224489795933,51.03359203554433,Medium
101172,Swallowed Star,tv,8.6,32,48.4161,2020-11-29,"On the Earth, a catastrophe triggered the variation of all kinds of species. The superior survived and the inferior were extinct. Under this circumstance, Luo Feng inherited from the owner of Yunmo Star and became one of the three strongest people on the Earth. He lost his flesh during the fight against giant swallowed monster but then he took the flesh of the monster. In the flesh, he developed a human body. Later, he stepped out of the Earth and headed to the universe.",Animation,2020.0,0.86,0.0008174317316780341,0.10067128397445846,2020.0,0.9285714285714306,55.00120288555135,Medium
69478,The Handmaid's Tale,tv,8.146,3140,55.0037,2017-04-26,"Set in a dystopian future, a woman is forced to live as a concubine under a fundamentalist theocratic dictatorship.",Drama,2017.0,0.8146000000000001,0.08021048867090709,0.11718848529721862,2017.0,0.8979591836734713,54.491163152831945,Medium
269,One Tree Hill,tv,7.758,571,59.5841,2003-09-23,"In Tree Hill, North Carolina two half brothers share a last name and nothing else. Brooding, blue-collar Lucas is a talented street-side basketball player, but his skills are appreciated only by his friends at the river court. Popular, affluent Nathan basks in the hero-worship of the town, as the star of his high school team. And both boys are the son of former college ball player Dan Scott whose long ago choice to abandon Lucas and his mother Karen, will haunt him long into his life with wife Deb and their son Nathan.",Drama,2003.0,0.7758,0.01458604746212992,0.12867299998219806,2003.0,0.7551020408163289,48.99922176521314,Medium
95603,Kuruluş Osman,tv,7.87,293,58.8757,2019-11-20,"The life of Osman Bey, the son of Ertuğrul and the founder of the Ottoman Empire, as he established and controlled it, facing internal and external struggles against Byzantium and the Mongol Ilkhanate.",Drama,2019.0,0.787,0.007484609293177,0.12689681663514552,2019.0,0.9183673469387763,52.53497545734198,Medium
71912,The Witcher,tv,7.9,6584,59.0902,2019-12-20,"Geralt of Rivia, a mutated monster-hunter for hire, journeys toward his destiny in a turbulent world where people often prove more wicked than beasts.",Drama,2019.0,0.79,0.16818657879275553,0.12743463612687728,2019.0,0.9183673469387763,55.879771237168185,Medium
2004,Malcolm in the Middle,tv,8.459,4739,59.2492,2000-01-09,"A gifted young teen tries to survive life with his dimwitted, dysfunctional family.",Comedy,2000.0,0.8459,0.12105653051319386,0.12783329952634276,2000.0,0.7244897959183696,53.30359251915813,Medium
1428,MythBusters,tv,7.817,607,49.3079,2003-01-23,"MythBusters is a science entertainment television program created and produced by Australia's Beyond Television Productions for the Discovery Channel. The show's hosts, special effects experts Adam Savage and Jamie Hyneman, use elements of the scientific method to test the validity of rumors, myths, movie scenes, adages, Internet videos, and news stories.",Documentary,2003.0,0.7817000000000001,0.015505658160267709,0.10290730925523407,2003.0,0.7551020408163289,48.73830016463662,Medium
253,Star Trek,tv,8.0,1450,61.2532,1966-09-08,"Space. The Final Frontier. The U.S.S. Enterprise embarks on a five year mission to explore the galaxy. The Enterprise is under the command of Captain James T. Kirk with First Officer Mr. Spock, from the planet Vulcan. With a determined crew, the Enterprise encounters Klingons, Romulans, time paradoxes, tribbles and genetic supermen led by Khan Noonian Singh. Their mission is to explore strange new worlds, to seek new life and new civilizations, and to boldly go where no man has gone before.",Drama,1966.0,0.8,0.03703987534166092,0.13285796274979458,1966.0,0.3775510204081627,42.94897716999237,Medium
33765,My Little Pony: Friendship Is Magic,tv,8.151,711,50.2948,2010-10-10,"Journey to the enchanted land of Equestria, where unicorn Twilight Sparkle and her pals have adventures and learn valuable lessons about friendship.","Animation, Comedy",2010.0,0.8151,0.01816231128822132,0.10538178038059567,2010.0,0.8265306122448983,51.605494078274305,Medium
1018,Bonanza,tv,7.5,467,66.6,1959-09-12,The High-Sierra adventures of Ben Cartwright and his sons as they run and defend their ranch while helping the surrounding community.,"Western, Drama, Family",1959.0,0.75,0.011929394334176311,0.14626408516653722,1959.0,0.3061224489795933,39.286318569606145,Low
36361,Ulice,tv,4.5,34,59.2081,2005-09-05,"Ulice is a Czech soap opera produced and broadcast by Nova. In the Czech language Ulice means street.

The show describes the lives of the Farský, Jordán, Boháč, Nikl, and Liška families and many other people that live in Prague. Their daily battle against real problems of living in a modern world like divorce, love, betrayal and illness or disease. Ulice often shows crime.","Drama, Comedy",2005.0,0.45,0.0008685212149079113,0.12773024879855638,2005.0,0.775510204081634,36.08217948190197,Low
1466,Joey,tv,6.254,346,64.4354,2004-09-09,"Joey has struck out on his own and moved to Hollywood, hoping to truly make it as an actor. Joey says goodbye to a time when his friends were his family and welcomes the chance to turn his family into his friends. After reuniting with his high-strung sister Gina, a strong and sexy hairdresser, Joey moves in with her genius 20-year-old son, graduate student Michael, who literally is a rocket scientist. What Joey lacks in book smarts, however, he more than makes up for with his people skills, making him the best new friend his nephew could ask for.",Comedy,2004.0,0.6254,0.008838480598768744,0.14083674683645547,2004.0,0.7653061224489797,43.31562699768408,Medium
226637,High Potential,tv,8.019,443,55.6134,2024-09-17,"Morgan is a single mom with an exceptional mind, whose unconventional knack for solving crimes leads to an unusual and unstoppable partnership with a by-the-book seasoned detective.","Drama, Crime, Mystery",2024.0,0.8019000000000001,0.011316320535417784,0.11871719645856521,2024.0,0.9693877551020407,54.06442544192047,Medium
48865,Reign,tv,8.0,865,64.133,2013-10-17,"Mary, Queen of Scots, faces political and sexual intrigue in the treacherous world of the French court.",Drama,2013.0,0.8,0.02209620149692186,0.1400785341823777,2013.0,0.8571428571428577,52.386351856443156,Medium
1307,Love Conquers All,tv,3.1,7,51.6725,2001-10-29,"Kasauti Zindagii Kay often abbreviated as KZK is a popular Indian soap opera that aired on STAR Plus channel from 2001-2008. The Show star cast Shweta Tiwari, Cezzane Khan & Ronit Roy in Leads, and Urvashi Dholakia as the main antagonist. The Show was the Story of Prena and Anurag who eventually fall in love with each other, But they never get closer, and Komolika makes plans against their affair, it describes Anurag and Prerna—lovers who were separated throughout their lives but achieved union in death.

Kasautii Zindagii Ki was the 3rd most popular and 2nd most awarded show that aired on Star Plus from 2001 to 2008. The show ranked at no# 3 among Star Plus' best shows after Kyunki Saas Bhi Kabhi Bahu Thi & Kahaani Ghar Ghar Kii. The show won many awards for Best Series and its direction.",Drama,2001.0,0.31000000000000005,0.00017881319130456995,0.10883611098086993,2001.0,0.7346938775510203,29.2741760344639,Low
1509,Hope & Faith,tv,5.27,37,58.8476,2003-09-23,"Hope, a down-to-earth, happily married mother of three has her tidy world turned upside down when her celebrity sister moves in. Faith was living the Hollywood life as a soap opera star before her character was killed off.",Comedy,2003.0,0.527,0.0009451554397527269,0.12682636102807016,2003.0,0.7551020408163289,38.73747114568304,Low
10029,Great Performances,tv,5.8,22,51.7543,1971-01-28,"The best in the performing arts from across America and around the world including a diverse programming portfolio of classical music, opera, popular song, musical theater, dance, drama, and performance documentaries.","Comedy, Documentary, Drama",1971.0,0.58,0.0005619843155286484,0.10904120950965154,1971.0,0.4285714285714306,33.96349244793221,Low
62688,Supergirl,tv,7.282,4344,58.3514,2015-10-26,"Twenty-four-year-old Kara Zor-El, who was taken in by the Danvers family when she was 13 after being sent away from Krypton, must learn to embrace her powers after previously hiding them. The Danvers teach her to be careful with her powers, until she has to reveal them during an unexpected disaster, setting her on her journey of heroism.",Drama,2015.0,0.7282000000000001,0.11096635757529313,0.1255822303437005,2015.0,0.8775510204081627,51.40999216654313,Medium
5829,Flashpoint,tv,7.324,148,61.0774,2008-07-11,"The Strategic Response Unit (SRU) is an elite team of cops who specialize in high-risk critical incidents. Trained in tactics and psychology, they deal with extreme situations, where split-second decisions could save a life...or cost one.",Drama,2008.0,0.7324,0.0037806217590109076,0.13241717642510253,2008.0,0.8061224489795933,48.142404943274144,Medium
1021,Casualty,tv,6.185,84,64.5268,1986-09-06,"Drama series about the staff and patients at Holby City Hospital's emergency department, charting the ups and downs in their personal and professional lives.",Drama,1986.0,0.6185,0.0021457582956548394,0.14106591560822368,1986.0,0.5816326530612272,39.23688653930213,Low
503,Family Affair,tv,6.65,40,54.153,1966-09-12,"Family Affair is an American sitcom that aired on CBS from September 12, 1966 to September 9, 1971. The series explored the trials of well-to-do civil engineer and bachelor Bill Davis as he attempted to raise his brother's orphaned children in his luxury New York City apartment. Davis' traditional English gentleman's gentleman, Mr. Giles French, also had adjustments to make as he became saddled with the responsibility of caring for 15-year-old Cissy and the 6-year-old twins, Jody and Buffy.

The show ran for 138 episodes. Family Affair was created and produced by Don Fedderson, also known for My Three Sons and The Millionaire.","Comedy, Family",1966.0,0.665,0.0010217896645975427,0.11505551074422934,1966.0,0.3775510204081627,36.472566416339795,Low
121,Doctor Who,tv,7.9,690,66.1776,1963-11-23,"The adventures of The Doctor, a time-traveling humanoid alien known as a Time Lord. He explores the universe in his TARDIS, a sentient time-traveling spaceship. Its exterior appears as a blue British police box, which was a common sight in Britain in 1963 when the series first aired. Along with a succession of companions, The Doctor faces a variety of foes while working to save civilizations, help ordinary people, and right many wrongs.",Drama,1963.0,0.79,0.01762587171430761,0.14520499447512702,1963.0,0.3469387755102069,41.79539283399284,Medium
78191,You,tv,8.014,3840,63.7307,2018-09-09,"A dangerously charming, intensely obsessive young man goes to extreme measures to insert himself into the lives of those he is transfixed by.","Mystery, Crime, Drama",2018.0,0.8014,0.09809180780136409,0.1390698405622207,2018.0,0.908163265306122,54.96249827339413,Medium
39340,2 Broke Girls,tv,7.209,1682,53.856,2011-09-19,"Comedy about the unlikely friendship that develops between two very different young women who meet waitressing at a diner in trendy Williamsburg, Brooklyn, and form a bond over one day owning their own successful cupcake business. Only one thing stands in their way – they’re broke.",Comedy,2011.0,0.7209,0.04296625539632667,0.11431083760183156,2011.0,0.8367346938775526,48.71623573751422,Medium
72879,Tomorrow Is Ours,tv,6.4,71,52.4919,2017-07-17,"The story revolves around the people of Sète, France. Their lives are punctuated by family rivalries, romance and scenes from daily life, but also by plots involving police investigations, secrets and betrayals.","Crime, Drama",2017.0,0.6400000000000001,0.0018136766546606382,0.11089060651245497,2017.0,0.8979591836734713,45.81326933681174,Medium
100010,Big Sky,tv,7.3,288,62.1193,2020-11-17,"Private detective Cassie Dewell partners with ex-cop Jenny Hoyt on a search for two sisters who have been kidnapped by a truck driver on a remote highway in Montana. When they discover that these are not the only girls who have disappeared in the area, they must race against the clock to stop the perpetrator before another woman is taken.","Crime, Drama, Mystery",2020.0,0.73,0.007356885585102307,0.13502954998424152,2020.0,0.9285714285714306,50.619157282815486,Medium
2171,Cold Case,tv,7.8,426,56.1909,2003-09-28,The Philadelphia homicide squad's lone female detective finds her calling when she is assigned cases that have never been solved. Detective Lilly Rush combines her natural instincts with the updated technology available today to bring about justice for all the victims she can.,"Crime, Drama, Mystery",2003.0,0.78,0.010882059927963829,0.1201651720132276,2003.0,0.7551020408163289,48.92298545515041,Medium
580,Star Trek: Deep Space Nine,tv,7.885,926,55.7918,1993-01-03,"At Deep Space Nine, a space station located next to a wormhole in the vicinity of the liberated planet of Bajor, Commander Sisko and crew welcome alien visitors, root out evildoers and solve all types of unexpected problems that come their way.",Drama,1993.0,0.7885,0.02365443073543311,0.11916450180739946,1993.0,0.6530612244897966,47.45760314065258,Medium
64356,The Return of Superman,tv,7.7,16,51.7552,2013-11-03,"An up-close look at celebrity dads who have to take care of their kids for the next 48 hours without any help. Will it be a dad-tastrophe, or can they finish their wives' to-do lists while having fun with their kids?",,2013.0,0.77,0.00040871586583901705,0.10904346609493154,2013.0,0.8571428571428577,50.13190078207257,Medium
72637,Once,tv,8.625,1515,76.6137,2017-06-19,"The series revolves around Gabo, a soccer-loving teenager who, upon receiving a scholarship from the prestigious Sports Academic Institute (IAD) of Buenos Aires, will see his dream of playing at Los Halcones Dorados, the renowned amateur team of the school, and also his longing to become a professional footballer.","Comedy, Family",2017.0,0.8625,0.03870028354663193,0.17137160518683647,2017.0,0.8979591836734713,56.66062144813879,Medium
12406,Powerpuff Girls Z,tv,8.1,231,54.6523,2006-07-01,"Professor Utonium and his son Ken are studying the strange Chemical X. When a mochi cake falls into the formula, it changes into Chemical Z. Ken fires a ray of Chemical Z at a glacier in Tokyo Bay, however that causes strange lights to scatter, some of them aim at three normal girls, Momoko, Miyako, and Kaoru. This gives them the power to transform into superheroes, the Powerpuff Girls Z!",Animation,2006.0,0.81,0.0059008353130508085,0.11630741411123008,2006.0,0.7857142857142883,50.55845070277138,Medium
95,Buffy the Vampire Slayer,tv,8.1,1953,56.5912,1997-03-10,"Into every generation a slayer is born: one girl in all the world, a chosen one. She alone will wield the strength and skill to fight the vampires, demons, and the forces of darkness; to stop the spread of their evil and the swell of their number. She is the Slayer.","Comedy, Drama",1997.0,0.81,0.04988888037397502,0.12116885099942909,1997.0,0.6938775510204103,49.698705647876295,Medium
241002,Adam's Sweet Agony,tv,6.691,34,59.2935,2024-01-08,"This is the story of a boy, who became the lone Adam among four billion Eves. In a world where a pandemic has rendered all men impotent, high school student Itsuki is the exception who escaped it. In order to protect this secret, he transfers to a very special high school, which turns out to be composed of 90% girls! There, he encounters an upbeat and friendly senior, a sexually frustrated female teacher, a tomboyish school 'prince,' and an heiress from a wealthy family. For Itsuki, who has his pick of any woman in the world, the question remains: which one will he choose?",Animation,2024.0,0.6691,0.0008685212149079113,0.12794437366845798,2024.0,0.9693877551020407,48.728012999708135,Medium
39269,Scandal,tv,7.2,593,56.6384,2012-04-05,"Everyone has secrets and Olivia Pope has dedicated her life to protecting and defending the public images of the elite by keeping those secrets under wraps. Pope and her team are at the top of their game when it comes to getting the job done for their clients, but it becomes apparent that these ""gladiators in suits,"" who specialize in fixing the lives of other people, have trouble fixing those closest at hand -- their own.",Drama,2012.0,0.7200000000000001,0.015148031777658569,0.12128719636077984,2012.0,0.8469387755102034,48.46748007297284,Medium
3427,Virtues of Harmony,tv,7.0,3,53.3306,2001-09-17,"Virtues of Harmony is a long-running sitcom from Hong Kong, lasting 322 episodes with two direct seasons. Produced by Tsui Yu On, the sitcom was a TVB production and aired five days a week from September 17, 2001 to December 28, 2002. The series chronicles the comical events and life of the Kam household, a rich family during a prosperous time in the Ming Dynasty of China. The series was inspired by the 2000 TVB comedy drama Colourful Life.

Originally planned to be an 150-episode sitcom, an extra 200 episodes were added due to the sitcom's rating success. After the episode finale, a spin-off sequel, Virtues of Harmony II was released in 2003, as well as a spin-off musical, which starred the same cast.","Family, Comedy, Drama",2001.0,0.7000000000000001,7.66342248448157e-05,0.11299349326171099,2001.0,0.7346938775510203,44.95528010075153,Medium
32726,Bob's Burgers,tv,7.8,1059,58.973,2011-01-09,"Bob's Burgers follows a third-generation restaurateur, Bob, as he runs Bob's Burgers with the help of his wife and their three kids. Bob and his quirky family have big ideas about burgers, but fall short on service and sophistication. Despite the greasy counters, lousy location and a dearth of customers, Bob and his family are determined to make Bob's Burgers ""grand re-re-re-opening"" a success.","Animation, Comedy",2011.0,0.78,0.02705188137021994,0.12714077857708256,2011.0,0.8367346938775526,51.018547076497114,Medium
34163,Urusei Yatsura,tv,7.3,42,49.5614,1981-10-14,"The invasion of an alien race known as the Oni begins a new life for Ataru Moroboshi, a lecherous trouble-making tenth grader in the small town of Tomobiki. After unwittingly proposing to the Oni princess Lum Invader instead of his sweetheart Shinobu, Ataru becomes a conduit for aliens arriving on Earth, causing all sorts of havoc for him and his companions, not to mention his own reputation!","Animation, Comedy, Drama",1981.0,0.73,0.0010728791478274197,0.10354291410909887,1981.0,0.5306122448979593,41.904560763097706,Medium
89364,The Wonderland of Ten Thousands,tv,9.0,4,73.8593,2018-03-21,"Ye Xingyu'’s master Yu Huanxian went and left a giant Tianyuan Shenzong. Ye Xingyun became the new leader of the Tianyuan Shenzong. At the same time, he exchanged place with the tenth prince of King Qi, and became a child of a small family, hidden in it, waiting for revenge.  Ye Xingyun embarked on a very dangerous road, but with his own strategy, and Tianyuan Shenzong masters of all the help of experts, vertical and horizontal tactics, strategizing, against the huge Grand Dynasty.",Animation,2018.0,0.9,0.00010217896645975426,0.16446545130326576,2018.0,0.908163265306122,57.45461791151696,Medium
3570,Sailor Moon,tv,8.4,1002,52.3828,1992-03-07,"One day, Usagi Tsukino, clumsy 2nd-year middle school student, stumbles upon a talking cat named Luna. Luna tells her that she is destined to be Sailor Moon, ""champion of love and justice"", and she must search for the fabled Moon Princess. Usagi finds friends that turn out to be destined senshi as well, and together they fight to save the world from the certain doom brought upon by the Dark Kingdom.","Animation, Comedy",1992.0,0.8400000000000001,0.02559583109816844,0.11061705823018023,1992.0,0.6428571428571423,49.18140064370983,Medium
578,Numb3rs,tv,7.011,426,68.9758,2005-01-23,"Inspired by actual cases and experiences, Numb3rs depicts the confluence of police work and mathematics in solving crime as an FBI agent recruits his mathematical genius brother to help solve a wide range of challenging crimes in Los Angeles from a very different perspective.","Crime, Drama, Mystery",2005.0,0.7011000000000001,0.010882059927963829,0.15222096884232414,2005.0,0.775510204081634,46.816264657038445,Medium
84791,Come Home Love,tv,8.0,1,54.5896,2012-05-14,"MA FU, a retired employee of the HK Correctional Services Department, moved back to live with his son after retirement. MA FU treats and disciplines everyone in his family as if they were the offenders he works with in his job. His youngest son MA CHONG feels like he's in jail when he gets home, and his father is even often involved with his job as a paralegal. The father and son get into disputes daily and his elder brother MA KEUNG and his wife LO LAI SEUNG are often stuck in between and have to settle the disputes. The couple also holds the heavy responsibility of raising their kids. Three generations in the MA family all live together and encounter different situations, experiences and system of values.","Comedy, Drama, Family",2012.0,0.8,2.5544741614938566e-05,0.11615020533672388,2012.0,0.8469387755102034,51.26229051177085,Medium
111979,Leute heute,tv,4.8,4,56.7497,1997-07-23,No description,,1997.0,0.48,0.00010217896645975426,0.12156626074040569,1997.0,0.6938775510204103,35.51091981454552,Low
203599,Scoop,tv,7.2,13,51.5466,2005-06-06,"Scoop is a comprehensive information programme of Television Broadcasts Limited.

The content of the program is mainly based on entertainment news and personal follow-up of the artists, and will also be interspersed with the latest trends of TVB dramas and artists. Some entertainment news content clips will be rebroadcast on the next day's ""Entertainment Live"".

This program will be broadcast on Jade Channel from 19:30-20:00 (Hong Kong time) from June 6, 2005, and will be broadcast every day from March 3, 2019, and will be broadcast on myTV (later myTV SUPER) to provide ""Program Review"".",Documentary,2005.0,0.7200000000000001,0.00033208164099420137,0.10852043977336862,2005.0,0.775510204081634,46.48725450991994,Medium
8590,Plus belle la vie,tv,4.3,34,49.9291,2004-08-30,"The daily lives of the inhabitants of ""le Mistral"", an imaginary neighbourhood in the Mediterranean port city of Marseille, where wealthy families cross paths with the less than rich.","Drama, Comedy, Crime",2004.0,0.43,0.0008685212149079113,0.10446485456182503,2004.0,0.7653061224489797,34.612789964514256,Low
484,"Murder, She Wrote",tv,7.512,423,60.9013,1984-09-30,An unassuming mystery writer turned sleuth uses her professional insight to help solve real-life homicide cases.,"Mystery, Crime, Drama",1984.0,0.7512,0.010805425703119013,0.1319756379053172,1984.0,0.5612244897959187,44.1281110680871,Medium
823,WWF Superstars,tv,7.75,4,47.5123,1986-09-06,"WWE's flagship show of the early-90s featuring great in-ring action, news from the world of sports-entertainment, and more.",,1986.0,0.775,0.00010217896645975426,0.0984051708899496,1986.0,0.5816326530612272,44.60280005835274,Medium
119051,Wednesday,tv,8.352,10380,60.272,2022-11-23,"Smart, sarcastic and a little dead inside, Wednesday Addams investigates twisted mysteries while making new friends — and foes — at Nevermore Academy.","Mystery, Comedy",2022.0,0.8352,0.2651544179630623,0.13039778333120627,2022.0,0.9489795918367356,60.29863586262009,Medium
40424,Initial D,tv,8.0,122,59.3283,1998-04-18,"Takumi’s job as a tofu delivery boy has turned him into one of the most formidable drivers around. Behind the wheel of his Eight-Six, he’s one with the road—and his life shifts into high gear when the underground street racing world takes notice. Drivers from across the region are lining up for a shot at the new guy. Takumi’s not just focused on winning—he’s out to prove he’s the best.","Animation, Drama",1998.0,0.8,0.003116458477022505,0.12803162829928438,1998.0,0.704081632653061,48.70459438858737,Medium
62643,DC's Legends of Tomorrow,tv,7.267,2425,65.4525,2016-01-21,"When heroes alone are not enough ... the world needs legends. Having seen the future, one he will desperately try to prevent from happening, time-traveling rogue Rip Hunter is tasked with assembling a disparate group of both heroes and villains to confront an unstoppable threat — one in which not only is the planet at stake, but all of time itself. Can this ragtag team defeat an immortal threat unlike anything they have ever known?",Drama,2016.0,0.7267000000000001,0.06194599841622602,0.14338693893454574,2016.0,0.887755102040817,50.92976078783178,Medium
62601,Rin-ne,tv,7.571,14,55.9343,2015-04-04,"As a child Sakura Mamiya mysteriously disappeared in the woods behind her grandma's home. She returned whole and healthy, but since then she has had the power to see ghosts. Now a teenager, she just wishes the ghosts would leave her alone! At school, the desk next to Sakura's has been empty since the start of the school year, then one day her always-absent classmate shows up, and he's far more than what he seems!","Comedy, Animation, Romance",2015.0,0.7571,0.0003576263826091399,0.11952179447673172,2015.0,0.8775510204081627,50.23260882535008,Medium
91755,Super Trio Series,tv,0.0,0,42.8831,1995-12-20,"The Super Trio Series is a Hong Kong variety show produced by TVB. The series debuted in 1995, and remained in production for eighteen years due to its popularity. The show was hosted by Eric Tsang and his two assistants - Jerry Lamb and Chin Kar-lok. The show initially ended its run with the airing of the final episode on July 16, 2005. However, on March 9, 2008, the first episode of the show's spin-off series Super Trio Wonder Trip was aired; its main purpose was to introduce a series of new games that are to be imported from various game shows all over the world and would appear in series 8, Super Trio Supreme.",,1995.0,0.0,0.0,0.08679829913645495,1995.0,0.6734693877551017,15.205353737831132,Low
888,Spider-Man,tv,8.288,1109,51.2363,1994-11-19,"Bitten by a neogenetic spider, Peter Parker develops spider-like superpowers. He uses these to fight crime while trying to balance it with the struggles of his personal life.",Animation,1994.0,0.8288000000000001,0.02832911845096687,0.10774241931516648,1994.0,0.6632653061224509,49.13873687777169,Medium
2354,Home and Away,tv,6.284,74,53.2408,1988-01-18,"Home and Away is set in the fictional town of Summer Bay, a coastal town in New South Wales, and follows the personal and professional lives of the people living in the area. The show initially focused on the Fletcher family, Pippa and Tom Fletcher and their five foster children Frank Morgan, Carly Morris, Steven Matheson, Lynn Davenport and Sally Keating, who would go on to become one of the show's longest-running characters. The show also originally and currently focuses on the Stewart family. Home and Away had proved popular when it premiered in 1988 and had risen to become a hit in Australia, and after only a few weeks, the show tackled its first major and disturbing storyline, the rape of Carly Morris; it was one of the first shows to feature such storylines during the early timeslot. H&A has tackled many adult-themed and controversial storylines; something rarely found in its restricted timeslot.",Drama,1988.0,0.6284000000000001,0.0018903108795054538,0.11276833619710722,1988.0,0.6020408163265323,39.469989268062896,Low
8514,RuPaul's Drag Race,tv,7.456,270,54.116,2009-02-02,"Join RuPaul, the world's most famous drag queen, as the host, mentor and judge for the ultimate in drag queen competitions. The top drag queens in the U.S. will vie for drag stardom as RuPaul, in full glamazon drag, will reign supreme in all judging and eliminations while helping guide the contestants as they prepare for each challenge.",,2009.0,0.7456,0.006897080236033413,0.11496274001605183,2009.0,0.8163265306122476,48.58772701728667,Medium
2674,Neighbours,tv,5.9,57,50.6473,1985-03-18,"Neighbours is an Australian television soap opera.  The show's storylines concern the domestic and professional lives of the people who live and work in Erinsborough, a fictional suburb of Melbourne, Victoria. The series primarily centres around the residents of Ramsay Street, a short cul-de-sac, and its neighbouring areas, the Lassiters complex, which includes a bar, hotel, cafe, news office and park. Neighbours began with three families created by Watson – the Ramsays, the Robinsons and the Clarkes. Watson said that he wanted to show three families who are friends living in a small street. The Robinsons and the Ramsays had a long history and were involved in an ongoing rivalry.","Drama, Family, Comedy",1985.0,0.5900000000000001,0.0014560502720514983,0.10626560961525974,1985.0,0.571428571428573,37.18300462631769,Low
245927,Paradise,tv,7.4,368,57.8004,2025-01-26,"The tranquility in a serene, wealthy community inhabited by some of the world's most prominent individuals explodes when a shocking murder occurs and a high stakes investigation unfolds.","Crime, Drama",2025.0,0.7400000000000001,0.009400464914297392,0.12420069868894903,2025.0,0.979591836734695,51.863860006758834,Medium
24270,maybrit illner,tv,8.0,1,52.5157,1999-10-21,Political talk show on current topics presented by Maybrit Illner.,,1999.0,0.8,2.5544741614938566e-05,0.1109502806565259,1999.0,0.7142857142857153,48.505230793677136,Medium
80350,New Amsterdam,tv,8.3,1064,50.1562,2018-09-25,"The new medical director breaks the rules to heal the system at America's oldest public hospital. Max Goodwin sets out to tear up the bureaucracy and provide exceptional care, but the doctors and staff are not so sure he can succeed. They've heard this before. Not taking ""no"" for an answer, Dr. Goodwin's instinctive response to problems large and small is four simple words: ""How can I help?"" He has to disrupt the status quo and prove he'll stop at nothing to breathe new life into this underfunded and underappreciated hospital, returning it to the glory that put it on the map.",Drama,2018.0,0.8300000000000001,0.027179605078294634,0.10503426624747669,2018.0,0.908163265306122,54.00754273263788,Medium
13008,TMZ,tv,4.9,22,61.2015,2007-09-10,"Based on the popular gossip website, this entertainment newsmagazine delivers daily updates on Hollywood's rich, beautiful and screwed-up. The program often shows highlights of the day's staff meeting during which reporters pitch ideas for stories to air that day.",Comedy,2007.0,0.49000000000000005,0.0005619843155286484,0.13272833446204385,2007.0,0.795918367346939,38.184173722490236,Low
586,Martial Law,tv,7.106,104,57.1719,1998-09-26,"Sammo Law spins, kicks, and chops his way through crime as a one-man police force in Los Angeles. He's a tough law enforcer who comes to the U.S. in search of a former friend and protegée — and gets drafted as part of the LAPD.","Comedy, Crime, Drama",1998.0,0.7106,0.002656653127953611,0.12262484996842035,1998.0,0.704081632653061,45.0112627149887,Medium
39272,Once Upon a Time,tv,7.4,2440,53.3547,2011-10-23,"There is a town in Maine where every story book character you've ever known is trapped between two worlds, victims of a powerful curse. Only one knows the truth and only one can break the spell.",Drama,2011.0,0.7400000000000001,0.0623291695404501,0.11305391960087524,2011.0,0.8367346938775526,49.84235566037757,Medium
242965,After Midnight,tv,5.476,21,48.5019,2024-01-17,"Celebrated comedian Taylor Tomlinson hosts the smartest show on television about the dumbest things on the internet alongside a panel of guests from the worlds of entertainment, comedy, music, and beyond.",Comedy,2024.0,0.5476,0.0005364395739137098,0.10088641177115115,2024.0,0.9693877551020407,43.32021212894212,Medium
208344,Fun Abroad: 3D2N,tv,10.0,1,52.4303,2014-08-02,"Fun Abroad: 3D2N is a tourism project. In the early days, it was characterized by a tight schedule and a high degree of freedom to participate in impromptu activities. It's also focused on getting new owners to try and experience more ""firsts.""",Documentary,2014.0,1.0,2.5544741614938566e-05,0.11073615578662432,2014.0,0.8673469387755119,59.56217278607503,Medium
125561,Off Pedder,tv,10.0,1,46.1409,2008-10-20,"The sitcom is about office politics in a magazine company, as well as family and romantic relationships amongst the characters, with the majority of the cast from Best Selling Secrets.","Comedy, Family, Drama",2008.0,1.0,2.5544741614938566e-05,0.0949666363866353,2008.0,0.8061224489795933,58.02229260215688,Medium
71026,Super Wings,tv,6.4,19,56.395,2014-09-01,"An action-packed preschool series about an adorable jet plane named Jett who travels the world delivering packages to children. On every delivery, Jett encounters a new problem that the he and his friends the Super Wings must work together to solve!",Animation,2014.0,0.6400000000000001,0.00048535009068383274,0.12067691540839054,2014.0,0.8673469387755119,45.37018408549173,Medium
308,Strawberries with Sugar,tv,6.048,21,56.89,2003-08-30,"Morangos com Açúcar was a Portuguese Teen drama. It was broadcast daily on the Portuguese TV station TVI between 30 August 2003 to 15 September 2012. It has also been broadcast in Angola, Syria, Brazil and Romania.","Drama, Comedy",2003.0,0.6048,0.0005364395739137098,0.12191803731238687,2003.0,0.7551020408163289,41.743130354052596,Medium
71789,SEAL Team,tv,8.0,1606,52.1637,2017-09-27,"Military drama following the professional and personal lives of the most elite unit of Navy SEALs as they train, plan and execute the most dangerous, high stakes missions our country can ask of them.",Drama,2017.0,0.8,0.04102485503359134,0.11006770508035071,2017.0,0.8979591836734713,52.981034875748264,Medium
60761,Ace of the Diamond,tv,8.0,71,54.5013,2013-10-06,"Scouted for his potential, brash left-handed pitcher Eijun Sawamura joins baseball powerhouse Seido High to become the undisputed ace of the team.",Animation,2013.0,0.8,0.0018136766546606382,0.11592880924758678,2013.0,0.8571428571428577,51.49770686090211,Medium
94997,House of the Dragon,tv,8.289,5790,53.3428,2022-08-21,"The Targaryen dynasty is at the absolute apex of its power, with more than 15 dragons under their yoke. Most empires crumble from such heights. In the case of the Targaryens, their slow fall begins when King Viserys breaks with a century of tradition by naming his daughter Rhaenyra heir to the Iron Throne. But when Viserys later fathers a son, the court is shocked when Rhaenyra retains her status as his heir, and seeds of division sow friction across the realm.",Drama,2022.0,0.8289,0.1479040539504943,0.11302408252883978,2022.0,0.9489795918367356,57.35415456632139,Medium
3940,Judge Judy,tv,5.75,92,43.428,1996-09-16,"Judge Judy is an American arbitration-based reality court show presided over by retired Manhattan Family Court Judge Judith Sheindlin. The show features Sheindlin adjudicating real-life small claims disputes within a simulated courtroom set. All parties involved must sign contracts, agreeing to arbitration under Sheindlin. The series is in first-run syndication and distributed by CBS Television Distribution.

Judge Judy, which premiered on September 16, 1996, reportedly revitalized the court show genre. Only two other arbitration-based reality court shows preceded it, The People's Court and Jones and Jury. Sheindlin has been credited with introducing the ""tough"" adjudicating approach into the judicial genre, which has led to several imitators. The two court shows that outnumber Judge Judy's seasons, The People's Court and Divorce Court, have both lasted via multiple lives of production and shifting arbiters, making Sheindlin's span as a television arbiter the longest.",Crime,1996.0,0.5750000000000001,0.002350116228574348,0.08816453615764203,1996.0,0.683673469387756,38.48376243547945,Low
63639,The Expanse,tv,8.067,2743,52.3894,2015-12-14,A thriller set two hundred years in the future following the case of a missing young woman who brings a hardened detective and a rogue ship's captain together in a race across the solar system to expose the greatest conspiracy in human history.,"Drama, Mystery",2015.0,0.8067000000000001,0.07006922624977649,0.1106336065222335,2015.0,0.8775510204081627,53.43307706360346,Medium
103147,Heart Signal,tv,5.4,6,44.3912,2018-08-26,"A dating reality show about eight strangers, 4 men and 4 women, living together in the Signal House.",,2018.0,0.54,0.0001532684496896314,0.09057958387063046,2018.0,0.908163265306122,41.57792235252885,Medium
72649,Hot Ones,tv,7.2,70,55.6369,2015-03-12,The show with hot questions and even hotter wings invites a famous guest over to eat and then interviews them while they're struggling through the heat.,Comedy,2015.0,0.7200000000000001,0.0017881319130456997,0.11877611840754279,2015.0,0.8775510204081627,48.76230541457503,Medium
23915,Markus Lanz,tv,5.5,14,59.7614,2008-06-03,"TV presenter Markus Lanz invites prominent guests and experts from all areas of public life to his colourful talk show. As a rule, there are four guests, introduced individually to contribute their personal experiences to the topics.",,2008.0,0.55,0.0003576263826091399,0.12911754728235675,2008.0,0.8061224489795933,40.71195245289119,Medium
204746,The Jennifer Hudson Show,tv,5.6,29,53.2762,2022-09-12,Talented entertainer and newly-minted EGOT Jennifer Hudson takes on the daytime talk show landscape.,,2022.0,0.5599999999999999,0.0007407975068332184,0.11285709521812029,2022.0,0.9489795918367356,43.65154969123378,Medium
40862,SOKO Köln,tv,6.7,6,59.1661,2003-10-22,"The SOKO Köln investigates the cathedral city with humor and often with hard work. Their cases take them into a variety of environments, from the Cologne clique to the terraced housing estates on the outskirts of the city.",Crime,2003.0,0.67,0.0001532684496896314,0.12762494148549003,2003.0,0.7551020408163289,44.45760501503017,Medium
1450,The Closer,tv,7.865,330,56.7972,2005-06-13,"Deputy Police Chief Brenda Leigh Johnson transfers from Atlanta to LA to head up a special unit of the LAPD that handles sensitive, high-profile murder cases. Johnson's quirky personality and hard-nosed approach often rubs her colleagues the wrong way, but her reputation as one of the world's best interrogator eventually wins over even her toughest critics.","Crime, Drama, Mystery",2005.0,0.7865000000000001,0.008429764732929727,0.12168535829684976,2005.0,0.775510204081634,49.572506542228275,Medium
2352,The Nanny,tv,8.061,1261,51.6705,1993-11-03,"That flashy girl from Flushing with the heart of an angel (and the voice of a slighty more nasal angel). The comic misadventures of the sweet and sassy Fran Fine, her sophisticated employer, Broadway producer Mr. Sheffield, his boisterous brood and his wisecracking staff.","Comedy, Family",1993.0,0.8061,0.03221191917643753,0.10883109634691437,1993.0,0.6530612244897966,48.12608480026298,Medium
4270,Living Single,tv,8.3,48,56.8886,1993-08-29,"Living Single is an American television sitcom that aired for five seasons on the Fox network from August 22, 1993, to January 1, 1998. The show centered on the lives of six friends who share personal and professional experiences while living in a Brooklyn brownstone.

Throughout its run, Living Single became one of the most popular African-American sitcoms of its era, ranking among the top five in African-American ratings in all five seasons. The series was produced by Yvette Lee Bowser's company, Sister Lee, in association with Warner Bros. Television. In contrast to the popularity of NBC's ""Must See TV"" on Thursday nights in the 1990s, many African American and Latino viewers flocked to Fox's Thursday night line-up of Martin, Living Single, and New York Undercover. In fact, these were the three highest-rated series among black households for the 1996–1997 season.",Comedy,1993.0,0.8300000000000001,0.0012261475975170512,0.121914527068618,1993.0,0.6530612244897966,48.72403798311864,Medium
4384,Frontline,tv,7.0,52,58.1587,1983-01-17,"Since it began in 1983, Frontline has been airing public-affairs documentaries that explore a wide scope of the complex human experience. Frontline's goal is to extend the impact of the documentary beyond its initial broadcast by serving as a catalyst for change.",Documentary,1983.0,0.7000000000000001,0.0013283265639768055,0.12509907036208415,1983.0,0.5510204081632679,41.54895610178658,Medium
1508,Dancing with the Stars,tv,6.102,128,52.7484,2005-06-01,"The competition sees celebrities perform choreographed dance routines which are judged by a panel of renowned ballroom experts and voted on by viewers. Enjoy sizzling salsas, sambas and spray-tans as they vie for the coveted Mirrorball Trophy.",Family,2005.0,0.6102000000000001,0.0032697269267121364,0.11153373331725305,2005.0,0.775510204081634,42.21427328651198,Medium
98031,Keep Running,tv,5.7,11,48.5488,2014-10-10,"Hurry Up, Brother! is a Chinese variety show based off the original Korean variety show, Running Man. It is created by SBS and co-produced with Zhejiang Television. It first aired on October 10, 2014. This show is classified as a game-variety show, where the MCs and guests complete missions in a landmark to win a race. In 2017, the show officially changed its name to ""Keep Running"".",Comedy,2014.0,0.5700000000000001,0.0002809921577643242,0.10100400493740859,2014.0,0.8673469387755119,42.172638717413705,Medium
4239,Married... with Children,tv,7.72,1164,53.6149,1987-04-05,"Al Bundy is an unsuccessful middle aged shoe salesman with a miserable life and an equally dysfunctional family. He hates his job, his wife is lazy, his son is dysfunctional (especially with women), and his daughter is dim-witted and promiscuous.",Comedy,1987.0,0.772,0.02973407923978849,0.1137063234784911,1987.0,0.591836734693878,45.58554274824315,Medium
11092,Bionic Six,tv,6.5,18,48.8674,1987-04-19,"The title characters of the series are a family of machine-enhanced human beings possessing unique powers after being augmented with bionic technology, much like The Six Million Dollar Man and The Bionic Woman. Each family member is given specific bionic powers, and thus they form a superhero team named Bionic Six.","Animation, Family",1987.0,0.65,0.0004598053490688942,0.10180283612652624,1987.0,0.591836734693878,39.88198752338947,Low
63247,Westworld,tv,8.025,6054,67.4314,2016-10-02,"A dark odyssey about the dawn of artificial consciousness and the evolution of sin. Set at the intersection of the near future and the reimagined past, it explores a world in which every human appetite, no matter how noble or depraved, can be indulged.",Western,2016.0,0.8025000000000001,0.15464786573683809,0.14834866850185552,2016.0,0.887755102040817,55.91503272559022,Medium
31251,Victorious,tv,8.212,1697,55.4293,2010-03-27,Aspiring singer Tori Vega navigates life while attending a performing arts high school called Hollywood Arts.,Comedy,2010.0,0.8212,0.043349426520550745,0.11825559940295768,2010.0,0.8265306122448983,52.61071276336815,Medium
74016,The Resident,tv,8.389,1297,56.7377,2018-01-21,"A tough, brilliant senior resident guides an idealistic young doctor through his first day, pulling back the curtain on what really happens, both good and bad, in modern-day medicine.",Drama,2018.0,0.8389,0.03313152987457532,0.12153617293667243,2018.0,0.908163265306122,54.812619362347405,Medium
1395,Gossip Girl,tv,8.174,2277,51.2439,2007-09-19,An exclusive group of privileged teens from a posh prep school on Manhattan's Upper East Side whose lives revolve around the blog of the all-knowing albeit ultra-secretive Gossip Girl.,"Drama, Mystery",2007.0,0.8174,0.05816537665721511,0.10776147492419752,2007.0,0.795918367346939,51.93290437856704,Medium
2290,Stargate Atlantis,tv,8.02,1137,47.4775,2004-07-15,"With the Ancients' city of Atlantis discovered in the Pegasus Galaxy by Stargate Command, Dr. Elizabeth Weir and Major Sheppard lead a scientific expedition to the ancient abandoned city. Once there, the team not only find themselves unable to contact Earth, but their explorations unexpectedly reawaken the Ancients' deadly enemies, The Wraith, who hunger for this new prey. Now with the help of newfound local allies like Teyla Emmagan, the Atlantis Team sets about to uncover their new home's secrets even as their war of survival against the Wraith begins.",Drama,2004.0,0.802,0.02904437121618515,0.09831791625912319,2004.0,0.7653061224489797,49.93336819848576,Medium
93405,Squid Game,tv,7.856,17237,53.7258,2021-09-17,"Hundreds of cash-strapped players accept a strange invitation to compete in children's games. Inside, a tempting prize awaits — with deadly high stakes.","Mystery, Drama",2021.0,0.7856000000000001,0.4403147112166961,0.11398438493132584,2021.0,0.9387755102040813,61.285492127042076,Medium
95057,Superman & Lois,tv,8.054,2647,51.4894,2021-02-23,"After years of facing megalomaniacal supervillains, monsters wreaking havoc on Metropolis, and alien invaders intent on wiping out the human race, The Man of Steel aka Clark Kent and Lois Lane come face to face with one of their greatest challenges ever: dealing with all the stress, pressures and complexities that come with being working parents in today's society.",Drama,2021.0,0.8054000000000001,0.06761693105474238,0.10837702124224016,2021.0,0.9387755102040813,54.51138925002128,Medium
2458,CSI: NY,tv,7.341,732,55.2391,2004-09-22,"Follow the investigations of a team of NYPD forensic scientists and police officers identified as ""Crime Scene Investigators"".","Crime, Drama, Mystery",2004.0,0.7341000000000001,0.01869875086213503,0.11777870771378576,2004.0,0.7653061224489797,47.39967162049802,Medium
35610,InuYasha,tv,8.577,2058,47.0327,2000-10-16,"Kagome Higurashi is a modern day young girl who lives with her family by the old Higure shrine. Unbeknownst to Kagome, she is the reincarnation of priestess Kikyo and posseses the ""Jewel of Four Souls"" (the Shikon jewel). One ill-fated day, Kagome locates an ancient well near her home and is abruptly transported through the well and into a feudal Japan, inhabited by demons. There, she encounters Inuyasha, son of a powerful demon father and a human mother, who is pinned to a tree by an enchanted arrow.",Animation,2000.0,0.8577,0.05257107824354357,0.09720266166741091,2000.0,0.7244897959183696,51.793270716586484,Medium
