id,title,type,rating,votes,popularity,release_date,overview,genres,year,rating_norm,votes_norm,popularity_norm,recency,recency_norm,binge_score,binge_category,runtime,episodes,total_watch_time
200007,Squid Game,tv,8.0,1200000.0,300.0,2021-09-17,Players compete in deadly survival games for a cash prize.,"Thriller, Drama",2021,0.7569866342648846,1.0,1.0,2021.0,0.9431818181818182,0.8857491991604993,High,45.0,22,16.5
200001,Me Before You,movie,7.4,250000.0,120.5,2016-06-03,A young woman forms an unexpected bond with a recently paralyzed man she cares for.,"Romance, Drama",2016,0.68408262454435,0.20833267361056135,0.4016666667,2016.0,0.8863636363636364,0.6020419428099992,Medium,110.0,1,1.83
200002,Veronica,movie,6.2,90000.0,95.3,2017-08-25,A teenage girl experiences supernatural forces after using a Ouija board.,Horror,2017,0.5382746051032806,0.0749992291660243,0.3176666667,2017.0,0.8977272727272727,0.5071277926093014,Medium,105.0,1,1.75
200003,Yes Boss,movie,6.8,15000.0,60.2,1997-07-18,An ambitious man works for a manipulative boss and falls in love.,"Romance, Comedy",1997,0.6111786148238152,0.01249917708264757,0.2006666667,1997.0,0.6704545454545454,0.44935756269068394,Medium,165.0,1,2.75
200004,Haseen Dillruba,movie,6.9,50000.0,110.7,2021-07-02,A wife suspected of murder reveals her complicated marriage story.,"Thriller, Romance",2021,0.6233292831105711,0.041665868054890046,0.369,2021.0,0.9431818181818182,0.5447860191152409,Medium,136.0,1,2.27
200005,Jab We Met,movie,7.9,60000.0,130.9,2007-10-26,A depressed man meets a lively woman and his life changes.,"Romance, Comedy",2007,0.7448359659781288,0.04999920833267361,0.4363333333,2007.0,0.7840909090909091,0.5481614216183263,Medium,138.0,1,2.3
200006,Dhurandhar,movie,7.0,10000.0,140.0,2025-01-01,An action-packed story of power and revenge.,"Action, Drama",2025,0.6354799513973268,0.008332506943755787,0.4666666667,2025.0,0.9886363636363636,0.5532826417329666,Medium,229.0,1,3.82
200008,My Demon,tv,7.8,30000.0,180.0,2023-11-24,A demon loses his powers and partners with a strong woman.,"Romance, Fantasy",2023,0.7326852976913729,0.024999187499322915,0.6,2023.0,0.9659090909090909,0.5903466025990733,Medium,45.0,16,12.0
200009,Business Proposal,tv,8.1,40000.0,190.0,2022-02-28,A woman pretends to be her friend on a blind date with her CEO.,"Romance, Comedy",2022,0.7691373025516403,0.033332527777106484,0.6333333333,2022.0,0.9545454545454546,0.6040183157174244,Medium,61.0,12,12.2
1265609,War Machine,movie,7.3,968.0,407.0978,2026-02-12,"On one last grueling mission during Army Ranger training, a combat engineer must lead his unit in a fight against a giant otherworldly killing machine.","Action, Sci-Fi, Thriller",2026,0.671931956257594,0.0008058340048616707,1.0,2026.0,1.0,0.5690145327044962,Medium,110.0,1,1.83
1290821,Shelter,movie,6.6,323.0,303.606,2026-01-28,"A man living in self-imposed exile on a remote island rescues a young girl from a violent storm, setting off a chain of events that forces him out of seclusion to protect her from enemies tied to his past.","Action, Crime, Thriller",2026,0.5868772782503038,0.00026833355694463076,0.7405132527999836,2026.0,1.0,0.5348314113672049,Medium,107.0,1,1.78
83533,Avatar: Fire and Ash,movie,7.263,1899.0,174.6821,2025-12-17,"In the wake of the devastating war against the RDA and the loss of their eldest son, Jake Sully and Neytiri face a new threat on Pandora: the Ash People, a violent and power-hungry Na'vi tribe led by the ruthless Varang. Jake's family must fight for their survival and the future of Pandora in a conflict that pushes them to their emotional and physical limits.","Sci-Fi, Adventure, Fantasy",2025,0.6674362089914946,0.0015816679847233206,0.417260169489613,2025.0,0.9886363636363636,0.564039893082924,Medium,198.0,1,3.3
799882,The Bluff,movie,6.312,288.0,173.224,2026-02-17,"When her tranquil life on a remote island is shattered by the return of her vengeful former captain, a skilled ex-pirate must confront her bloody past and unleash her deadly talents to save her family from a ruthless siege.","Action, Thriller",2026,0.5518833535844471,0.0002391668659723883,0.413604250604326,2026.0,1.0,0.5208250914935706,Medium,103.0,1,1.72
1084242,Zootopia 2,movie,7.605,2230.0,173.0347,2025-11-26,"After cracking the biggest case in Zootopia's history, rookie cops Judy Hopps and Nick Wilde find themselves on the twisting trail of a great mystery when Gary De'Snake arrives and turns the animal metropolis upside down. To crack the case, Judy and Nick must go undercover to unexpected new parts of town, where their growing partnership is tested like never before.","Animation, Comedy, Adventure, Family, Mystery",2025,0.7089914945321993,0.0018575015479179566,0.4131296155004341,2025.0,0.9886363636363636,0.5807447573681642,Medium,108.0,1,1.8
687163,Project Hail Mary,movie,8.5,95.0,154.7895,2026-03-15,"Science teacher Ryland Grace wakes up on a spaceship light years from home with no recollection of who he is or how he got there. As his memory returns, he begins to uncover his mission: solve the riddle of the mysterious substance causing the sun to die out. He must call on his scientific knowledge and unorthodox ideas to save everything on Earth from extinction… but an unexpected friendship means he may not have to do it alone.","Sci-Fi, Adventure, Mystery",2026,0.8177399756986634,7.833339861116552e-05,0.367383115777618,2026.0,1.0,0.6271194902990487,Medium,157.0,1,2.62
840464,Greenland 2: Migration,movie,6.413,630.0,147.2027,2026-01-07,"Having found the safety of the Greenland bunker after the comet Clarke decimated the Earth, the Garrity family must now risk everything to embark on a perilous journey across the wasteland of Europe to find a new home.","Adventure, Thriller, Sci-Fi",2026,0.5641555285540705,0.0005241671034725863,0.3483606033306697,2026.0,1.0,0.52581946155267,Medium,98.0,1,1.63
1054867,One Battle After Another,movie,7.396,3183.0,143.547,2025-09-23,"Washed-up revolutionary Bob exists in a state of stoned paranoia, surviving off-grid with his spirited, self-reliant daughter, Willa. When his evil nemesis resurfaces after 16 years and she goes missing, the former radical scrambles to find her, father and daughter both battling the consequences of his past.","Thriller, Crime, Comedy",2025,0.6835965978128796,0.00265166887639073,0.3391946046550345,2025.0,0.9886363636363636,0.5708250488789781,Medium,162.0,1,2.7
1327819,Hoppers,movie,7.695,220.0,137.5015,2026-03-04,"Scientists have discovered how to 'hop' human consciousness into lifelike robotic animals, allowing people to communicate with animals as animals. Animal lover Mabel seizes an opportunity to use the technology, uncovering mysteries within the animal world beyond anything she could have imagined.","Animation, Family, Sci-Fi, Comedy",2026,0.7199270959902795,0.00018250015208346007,0.3240366198659237,2026.0,1.0,0.5880255884417369,Medium,105.0,1,1.75
1171145,Crime 101,movie,7.0,183.0,136.0543,2026-02-11,"When an elusive thief whose high-stakes heists unfold along the iconic 101 freeway in Los Angeles eyes the score of a lifetime, with hopes of this being his final job, his path collides with a disillusioned insurance broker who is facing her own crossroads. Determined to crack the case, a relentless detective closes in on the operation, raising the stakes even higher.","Crime, Thriller",2026,0.6354799513973268,0.0001516667930556609,0.3204080307356944,2026.0,1.0,0.5542374805968474,Medium,141.0,1,2.35
1159559,Scream 7,movie,5.926,359.0,130.1839,2026-02-25,"When a new Ghostface killer emerges in the quiet town where Sidney Prescott has built a new life, her darkest fears are realized as her daughter becomes the next target. Determined to protect her family, Sidney must face the horrors of her past to put an end to the bloodshed once and for all.","Horror, Mystery, Crime",2026,0.5049817739975699,0.0002983335819446516,0.3056890771493912,2026.0,1.0,0.5020822096736114,Medium,114.0,1,1.9
1236153,Mercy,movie,7.078,758.0,124.5491,2026-01-20,"In the near future, a detective stands on trial accused of murdering his wife. He has ninety minutes to prove his innocence to the advanced AI Judge he once championed, before it determines his fate.","Sci-Fi, Action, Thriller",2026,0.6449574726609963,0.0006308338590282159,0.2915608474430506,2026.0,1.0,0.558172239222107,Medium,99.0,1,1.65
1233413,Sinners,movie,7.472,4065.0,119.6716,2025-04-16,"Trying to leave their troubled lives behind, twin brothers return to their hometown to start again, only to discover that an even greater evil is waiting to welcome them back.","Horror, Action, Thriller",2025,0.6928311057108141,0.0033866694888912406,0.2793314088839757,2025.0,0.9886363636363636,0.5747393522219021,Medium,138.0,1,2.3
1193501,Whistle,movie,6.1,157.0,118.5255,2026-01-20,"A misfit group of unwitting high school students stumble upon a cursed object, an ancient Aztec Death Whistle. They discover that blowing the whistle and the terrifying sound it emits will summon their future deaths to hunt them down.","Horror, Mystery",2026,0.5261239368165249,0.0001300001083334236,0.276457772895753,2026.0,1.0,0.5104885747591099,Medium,100.0,1,1.67
1088434,Hellfire,movie,6.904,57.0,111.4932,2026-02-05,A drifter with a mysterious past arrives in a small town and finds the residents in the grip of a ruthless crime boss and realizes he has to help them.,"Action, Thriller",2026,0.6238153098420414,4.6666705555587964e-05,0.2588255677129784,2026.0,1.0,0.5495401239484832,Medium,94.0,1,1.57
1058710,Bloodline Killer,movie,5.818,44.0,111.2285,2024-04-26,Moira Cole endeavors to rebuild her shattered life after her family's murder at the hands of her deranged and obsessed cousin.,"Horror, Thriller",2024,0.49185905224787363,3.5833363194469326e-05,0.2581618809089626,2024.0,0.9772727272727273,0.489936189089926,Medium,90.0,1,1.5
1168190,The Wrecking Crew,movie,6.886,793.0,107.9411,2026-01-28,"Estranged half-brothers Jonny and James reunite after their father's mysterious death. As they search for the truth, buried secrets reveal a conspiracy threatening to tear their family apart.","Action, Comedy, Crime, Mystery",2026,0.6216281895504252,0.0006600005500004584,0.2499193270762402,2026.0,1.0,0.5488492759851702,Medium,125.0,1,2.08
680493,Return to Silent Hill,movie,5.0,273.0,103.7708,2026-01-21,"When James receives a mysterious letter from his lost love Mary, he is drawn to Silent Hill—a once-familiar town now consumed by darkness. As he searches for her, James faces monstrous creatures and unravels a terrifying truth that will push him to the edge of his sanity.","Mystery, Drama, Horror",2026,0.3924665856622114,0.00022666685555571296,0.2394630630838444,2026.0,1.0,0.45705463432155125,Medium,106.0,1,1.77
1316092,"""Wuthering Heights""",movie,6.343,530.0,102.1383,2026-02-11,"Tragedy strikes when Heathcliff falls in love with Catherine Earnshaw, a woman from a wealthy family in 18th-century England.","Romance, Drama",2026,0.5556500607533414,0.00044083370069475055,0.2353698681176342,2026.0,1.0,0.522392274411545,Medium,136.0,1,2.27
1311031,Demon Slayer: Kimetsu no Yaiba Infinity Castle,movie,7.666,766.0,98.731,2025-07-18,"The Demon Slayer Corps are drawn into the Infinity Castle, where Tanjiro, Nezuko, and the Hashira face terrifying Upper Rank demons in a desperate fight as the final battle against Muzan Kibutsuji begins.","Animation, Action, Fantasy",2025,0.7164034021871204,0.0006375005312504427,0.2268266869792772,2025.0,0.9886363636363636,0.5833435201251325,Medium,156.0,1,2.6
755898,War of the Worlds,movie,4.2,925.0,84.7984,2025-07-29,"Will Radford is a top analyst for Homeland Security who tracks potential threats through a mass surveillance program, until one day an attack by an unknown entity leads him to question whether the government is hiding something from him... and from the rest of the world.","Sci-Fi, Thriller",2025,0.29526123936816523,0.0007700006416672014,0.1918932424547937,2025.0,0.9886363636363636,0.41492640503067535,Medium,91.0,1,1.52
1368166,The Housemaid,movie,7.236,1540.0,85.6075,2025-12-18,"Trying to escape her past, Millie Calloway accepts a job as a live-in housemaid for the wealthy Nina and Andrew Winchester. But what begins as a dream job quickly unravels into something far more dangerous—a sexy, seductive game of secrets, scandal, and power.","Drama, Mystery, Thriller",2025,0.6641555285540703,0.0012825010687508905,0.1939219126215077,2025.0,0.9886363636363636,0.5626378708331625,Medium,131.0,1,2.18
1419406,The Shadow's Edge,movie,7.215,501.0,92.2112,2025-08-16,Macau Police brings the tracking expert police officer out of retirement to help catch a dangerous group of professional thieves.,"Action, Crime, Drama, Thriller",2025,0.6616038882138517,0.00041666701388917823,0.2104794817476099,2025.0,0.9886363636363636,0.5613574644806165,Medium,142.0,1,2.37
384530,Cipher Bureau,movie,4.4,5.0,55.8291,1938-10-25,The younger brother of an officer in a secret government code-breaking unit gets involved with a gang of spies and a beautiful double agent.,Drama,1938,0.3195625759416768,3.333336111113426e-06,0.1192580247306702,1938.0,0.0,0.12782603037750406,Low,64.0,1,1.07
1242898,Predator: Badlands,movie,7.704,2423.0,78.4384,2025-11-05,"Cast out from his clan, a young Predator finds an unlikely ally in a damaged android and embarks on a treacherous journey in search of the ultimate adversary.","Action, Sci-Fi, Adventure",2025,0.7210206561360873,0.0020183350152791794,0.1759467064761741,2025.0,0.9886363636363636,0.5856046720499277,Medium,107.0,1,1.78
1284460,Alpha,movie,6.376,97.0,75.2634,2025-08-20,"Alpha, a troubled 13-year-old lives with her single mom. Their world collapses the day she returns from school with a tattoo on her arm.","Horror, Drama, Sci-Fi, Thriller",2025,0.5596597812879708,8.000006666672223e-05,0.1679859750717531,2025.0,0.9886363636363636,0.5204788216260974,Medium,128.0,1,2.13
1119449,"Good Luck, Have Fun, Don't Die",movie,6.862,189.0,65.7335,2026-02-13,A 'Man from the Future' arrives at an LA diner where he must recruit the precise combination of disgruntled patrons to join him on a one-night quest to save the world from the terminal threat of a rogue artificial intelligence.,"Sci-Fi, Action, Comedy",2026,0.618712029161604,0.00015666679722233103,0.1440914950052992,2026.0,1.0,0.5475318117038083,Medium,134.0,1,2.23
1451398,Re/Member: The Last Night,movie,4.7,9.0,66.8265,2025-09-05,"Three years after completing a deadly game, high schoolers trapped in a looping nightmare must survive brutal encounters and unravel a terrifying curse.",Horror,2025,0.3560145808019441,6.666672222226852e-06,0.1468319924620022,2025.0,0.9886363636363636,0.4389987414133534,Medium,94.0,1,1.57
1234731,Anaconda,movie,5.859,806.0,70.0782,2025-12-24,"A group of friends facing mid-life crises head to the rainforest with the intention of remaking their favorite movie from their youth, only to find themselves in a fight for their lives against natural disasters, giant snakes and violent criminals.","Adventure, Comedy, Horror",2025,0.4968408262454435,0.000670833892361577,0.1549850350786181,2025.0,0.9886363636363636,0.495528489756795,Medium,100.0,1,1.67
1387382,Hunting Season,movie,6.997,155.0,66.5243,2025-12-05,"When a reclusive survivalist and his daughter rescue a mysterious, wounded woman from a river, they become entangled in a deadly web of violence and revenge, forcing them to confront a brutal criminal to survive.","Action, Drama, Thriller",2025,0.6351154313487242,0.0001283334402778669,0.14607428127132,2025.0,0.9886363636363636,0.5506755816624821,Medium,93.0,1,1.55
11375,Hollywood Homicide,movie,5.238,686.0,62.2209,2003-06-09,"Joe Gavilan and his new partner K. C. Calden, are detectives on the beat in Tinseltown. Neither one of them really wants to be a cop, Gavilan moonlights as a real estate broker, and Calden is an aspiring actor moonlighting as a yoga instructor. When the two are assigned a big case they must work out whether they want to solve the case or follow their hearts.","Action, Adventure, Comedy, Thriller",2003,0.4213851761846902,0.0005708338090281742,0.135284293389183,2003.0,0.7386363636363636,0.3903162297074936,Low,116.0,1,1.93
1167307,David,movie,8.0,108.0,61.2015,2025-12-14,"From the songs of his mother’s heart to the whispers of a faithful God, David’s story begins in quiet devotion. When the giant Goliath rises to terrorize a nation, a young shepherd armed with only a sling, a few stones, and unshakable faith steps forward. Pursued by power and driven by purpose, his journey tests the limits of loyalty, love, and courage—culminating in a battle not just for a crown, but for the soul of a kingdom.","Animation, Family, Drama",2025,0.7569866342648846,8.916674097228415e-05,0.1327283344620438,2025.0,0.9886363636363636,0.5994123128191546,Medium,109.0,1,1.82
1317288,Marty Supreme,movie,7.47,1351.0,57.8733,2025-12-19,"Marty Mauser, a young man with a dream no one respects, goes to hell and back in pursuit of greatness.","Drama, Thriller",2025,0.6925880923450789,0.0011250009375007813,0.1243834820966284,2025.0,0.9886363636363636,0.5739636463101909,Medium,150.0,1,2.5
1362514,House on Eden,movie,4.731,39.0,54.9049,2025-07-25,"Paranormal investigators Kris, Celina and their videographer Jay are rerouted to an abandoned house deep in the woods, where they find themselves facing a force unlike anything they've encountered before. As the night spirals into chaos, missing crew members and eerie phenomena hint at an ancient, malevolent presence watching their every move.",Horror,2025,0.35978128797083836,3.1666693055577545e-05,0.1169407623798148,2025.0,0.9886363636363636,0.44051292428716105,Medium,77.0,1,1.28
1306368,The Rip,movie,7.068,1392.0,57.4467,2026-01-13,"Trust frays when a team of Miami cops discovers millions in cash inside a run-down stash house, calling everyone — and everything — into question.","Action, Thriller, Crime",2026,0.6437424058323208,0.001159167632639694,0.1233138606739116,2026.0,1.0,0.5578447126227202,Medium,113.0,1,1.88
461955,Rakka,movie,6.994,341.0,41.6724,2017-06-14,"A story of broken humanity following the invasion of a technologically superior alien species. Bleak, harrowing, and unrelenting, the humans must find enough courage to go on fighting.","Action, Sci-Fi, Horror, War",2017,0.6347509113001215,0.0002833335694446412,0.0837626904714683,2017.0,0.8977272727272727,0.5233035464090638,Medium,22.0,1,0.37
7451,xXx,movie,5.98,4820.0,61.1958,2002-08-09,"Xander Cage is your standard adrenaline junkie with no fear and a lousy attitude. When the US Government ""recruits"" him to go on a mission, he's not exactly thrilled. His mission: to gather information on an organization that may just be planning the destruction of the world, led by the nihilistic Yorgi.","Action, Adventure, Thriller, Crime, Drama",2002,0.5115431348724181,0.0040158366798639,0.1327140427552705,2002.0,0.7272727272727273,0.4240038231347446,Medium,124.0,1,2.07
1584215,The Internship,movie,6.11,59.0,55.4546,2026-01-13,"A CIA-trained assassin recruits other graduates from her secret childhood program, The Internship, to violently destroy the organization. The CIA fights back with deadly force.",Action,2026,0.5273390036452005,4.833337361114467e-05,0.1183190345224952,2026.0,1.0,0.5109501014701635,Medium,91.0,1,1.52
217890,The Hook,movie,6.1,17.0,58.6838,1963-02-15,Three soldiers in Korea go through inner torment when they're ordered to execute an enemy soldier.,"War, Drama",1963,0.5261239368165249,1.3333344444453704e-05,0.1264156625071113,1963.0,0.2840909090909091,0.295680847457216,Low,98.0,1,1.63
803796,KPop Demon Hunters,movie,8.041,2539.0,54.6376,2025-06-20,"When K-pop superstars Rumi, Mira and Zoey aren't selling out stadiums, they're using their secret powers to protect their fans from supernatural threats.","Fantasy, Music, Comedy, Animation",2025,0.7619684082624545,0.0021150017625014687,0.1162705565516568,2025.0,0.9886363636363636,0.6020127729246413,Medium,96.0,1,1.6
858024,Hamnet,movie,7.713,1052.0,55.3181,2025-11-26,"The powerful story of love and loss that inspired the creation of Shakespeare's timeless masterpiece, Hamlet.","Drama, Romance, History",2025,0.7221142162818954,0.0008758340631950526,0.1179767857550296,2025.0,0.9886363636363636,0.5856993458226257,Medium,126.0,1,2.1
1217584,Torrente for President,movie,6.5,11.0,57.6863,2026-03-13,"Years have passed since his last adventure, but José Luis Torrente, the most politically incorrect former cop in Spain, still sees himself as a national hero.",Comedy,2026,0.574726609963548,8.333340277783565e-06,0.1239146138217854,2026.0,1.0,0.5298931439875025,Medium,103.0,1,1.72
696393,Cold Storage,movie,6.751,213.0,54.4215,2026-01-22,"When a mutating, highly contagious fungus escapes a sealed facility, two employees – joined by a grizzled bioterror operative – must survive the wildest night shift ever to save humanity from extinction.","Horror, Sci-Fi, Comedy",2026,0.605224787363305,0.00017666681388901157,0.1157287253527606,2026.0,1.0,0.5421429149894887,Medium,99.0,1,1.65
278,The Shawshank Redemption,movie,8.717,29941.0,50.1642,1994-09-23,"Imprisoned in the 1940s for the double murder of his wife and her lover, upstanding banker Andy Dufresne begins a new life at the Shawshank prison, where he puts his accounting skills to work for an amoral warden. During his long stretch in prison, Dufresne comes to be admired by the other inmates -- including an older prisoner named Red -- for his integrity and unquenchable sense of hope.","Drama, Crime",1994,0.8441069258809235,0.024950020791683993,0.1050543247832988,1994.0,0.6363636363636364,0.5360368674989655,Medium,142.0,1,2.37
458576,Monster Hunter,movie,6.526,3507.0,52.1623,2020-12-03,"A portal transports Cpt. Artemis and an elite unit of soldiers to a strange world where powerful monsters rule with deadly ferocity. Faced with relentless danger, the team encounters a mysterious hunter who may be their only hope to find a way home.","Action, Fantasy, Adventure",2020,0.5778857837181045,0.002921669101390918,0.1100641948365818,2020.0,0.9318181818181818,0.5115762687631136,Medium,103.0,1,1.72
1272837,28 Years Later: The Bone Temple,movie,7.198,841.0,53.1517,2026-01-14,Dr. Kelson finds himself in a shocking new relationship - with consequences that could change the world as they know it - and Spike's encounter with Jimmy Crystal becomes a nightmare he can't escape.,"Horror, Thriller, Sci-Fi",2026,0.6595382746051034,0.0007000005833338194,0.1125449342543878,2026.0,1.0,0.5640253100170416,Medium,109.0,1,1.82
191583,War Drums,movie,5.8,11.0,51.4618,1957-03-21,The friendship between a white man &amp; an Apache chief is tested when they fall in love with the same woman,Western,1957,0.48967193195625747,8.333340277783565e-06,0.1083078192936536,1957.0,0.2159090909090909,0.2606440000573136,Low,75.0,1,1.25
15598,Alfie,movie,6.5,225.0,36.609,1966-03-29,A young man leads a promiscuous lifestyle until several life reversals make him rethink his purposes and goals in life.,"Comedy, Drama, Romance",1966,0.574726609963548,0.00018666682222235185,0.0710671416862258,1966.0,0.3181818181818182,0.3254011894866313,Low,114.0,1,1.9
1448560,Wildcat,movie,6.19,137.0,53.029,2025-11-19,An ex-black ops team reunite to pull off a desperate heist in order to save the life of their leader’s eight-year-old daughter.,"Action, Thriller",2025,0.5370595382746051,0.00011333342777785648,0.1122372864612154,2025.0,0.9886363636363636,0.5114487244290845,Medium,99.0,1,1.65
1426964,State of Fear,movie,5.414,58.0,48.9467,2026-02-10,"As São Paulo erupts in an unprecedented wave of violence, a lawyer with underworld ties must strike a deal with the police to rescue her kidnapped niece.","Action, Thriller, Crime, Drama",2026,0.4427703523693803,4.750003958336632e-05,0.1020016663628634,2026.0,1.0,0.47712239095962716,Medium,103.0,1,1.72
1062722,Frankenstein,movie,7.654,3152.0,49.6714,2025-10-17,"Dr. Victor Frankenstein, a brilliant but egotistical scientist, brings a creature to life in a monstrous experiment that ultimately leads to the undoing of both the creator and his tragic creation.","Drama, Fantasy, Horror",2025,0.7149453219927095,0.002625835521529601,0.1038187189766536,2025.0,0.9886363636363636,0.5833567885444517,Medium,150.0,1,2.5
1367642,Reminders of Him,movie,7.031,49.0,49.5087,2026-03-11,"When Diem's custodial grandparents adamantly refuse Kenna's attempts to see her daughter, Kenna discovers unexpected compassion, and then something truer and deeper, with former NFL player and local bar owner Ledger. As their secret romance develops, so do the dangers for both of them, leading Kenna toward heartbreak and, ultimately, the hope for a second chance.","Romance, Drama",2026,0.639246658566221,4.000003333336111e-05,0.1034107785043703,2026.0,1.0,0.5557106634364883,Medium,114.0,1,1.9
1601243,Oscar Shaw,movie,6.692,26.0,49.5879,2026-01-09,"After retiring from the police force, a relentless detective haunted by the tragic loss of his closest friend sets out on a perilous quest for vengeance, seeking redemption and fighting to restore justice to the streets he once swore to protect.","Action, Crime, Thriller, Western",2026,0.5980558930741191,2.083335069445891e-05,0.1036093580090097,2026.0,1.0,0.539228607234856,Medium,93.0,1,1.55
425274,Now You See Me: Now You Don't,movie,6.545,1248.0,50.7894,2025-11-12,"The original Four Horsemen reunite with a new generation of illusionists to take on powerful diamond heiress Veronika Vanderberg, who leads a criminal empire built on money laundering and trafficking. The new and old magicians must overcome their differences to work together on their most ambitious heist yet.","Thriller, Crime",2025,0.5801944106925881,0.0010391675326396105,0.1066218993578008,2025.0,0.9886363636363636,0.5289804236277362,Medium,113.0,1,1.88
276746,The Enchanted,movie,5.429,8.0,35.2288,1984-02-03,"Royce Hagan returns from the sea to claim and inhabit a 2000 acre ranch in one of the last wild places left in central Florida. Old family friend Booker T Robertson is welcoming but warns him not to get ""too close"" to a strange family living in the woods nearby. Royce falls in love with Twyla, the oldest daughter, and discovers the bizarre secret of the Hole in the Wall and the enchanted people who live there.","Mystery, Fantasy, Horror",1984,0.4445929526123937,5.8333381944484954e-06,0.0676065427935071,1984.0,0.5227272727272727,0.33465711286459765,Low,90.0,1,1.5
1539104,JUJUTSU KAISEN: Execution,movie,5.8,86.0,50.8673,2025-11-07,"A veil abruptly descends over the busy Shibuya area amid the bustling Halloween crowds, trapping countless civilians inside. Satoru Gojo, the strongest jujutsu sorcerer, steps into the chaos. But lying in wait are curse users and spirits scheming to seal him away. Yuji Itadori, accompanied by his classmates and other top-tier jujutsu sorcerers, enters the fray in an unprecedented clash of curses — the Shibuya Incident. In the aftermath, ten colonies across Japan are transformed into dens of curses in a plan orchestrated by Noritoshi Kamo. As the deadly Culling Game starts, Special Grade sorcerer Yuta Okkotsu is assigned to carry out Yuji's execution for his perceived crimes. A compilation movie of Shibuya Incident including the first two episodes of the Culling Games arc.","Animation, Action, Fantasy",2025,0.48967193195625747,7.08333923611603e-05,0.1068172193503692,2025.0,0.9886363636363636,0.4924809318911204,Medium,88.0,1,1.47
157336,Interstellar,movie,8.468,39147.0,49.3775,2014-11-05,The adventures of a group of explorers who make use of a newly discovered wormhole to surpass the limitations on human space travel and conquer the vast distances involved in an interstellar voyage.,"Adventure, Drama, Sci-Fi",2014,0.8138517618469016,0.032621693851411546,0.1030818185168869,2014.0,0.8636363636363636,0.5944181219850933,Medium,169.0,1,2.82
1241748,Kalikot,movie,6.3,13.0,56.8188,2024-03-12,"Sal, a hot single professor, moves across an auto service shop and rocks the world of young repairman Arnel. Ever since Sal came over to get her car fixed, Arnel's skilled hands have always been busy. But can he still fix the problems that come with it?",Drama,2024,0.5504252733900363,1.0000008333340278e-05,0.1217395163435696,2024.0,0.9772727272727273,0.5133549275403327,Medium,49.0,1,0.82
1511417,Bāhubali: The Epic,movie,6.0,33.0,47.3874,2025-10-29,"When a mysterious child is found by a tribal couple near a roaring waterfall, they raise him as their own. As he grows, Sivudu is drawn to the world beyond the cliffs, where he discovers the ancient kingdom of Mahishmati, ruled by a cruel tyrant, haunted by rebellion, and bound to his past. What begins as a quest for love soon unravels a legacy of betrayal, sacrifice, and a forgotten prince.","Action, Drama",2025,0.5139732685297692,2.6666688888907407e-05,0.098092006999426,2025.0,0.9886363636363636,0.5021882165094834,Medium,224.0,1,3.73
759584,Surrounded,movie,6.041,74.0,46.5017,2023-04-02,"After her stagecoach is ambushed, a woman is  tasked with holding a dangerous outlaw captive and must survive the day when the bandit’s gang tries to free him.","Western, Action, Drama",2023,0.518955042527339,6.083338402782002e-05,0.0958712763522148,2023.0,0.9659090909090909,0.4973729942988713,Medium,100.0,1,1.67
588787,Ordinary Love,movie,6.8,156.0,32.0121,2019-12-06,An extraordinary look at the lives of a middle-aged couple in the midst of the wife's breast cancer diagnosis.,"Drama, Romance",2019,0.6111786148238152,0.00012916677430564527,0.0595412562711131,2019.0,0.9204545454545454,0.5206465595981814,Medium,92.0,1,1.53
52702,Superstition,movie,6.074,129.0,31.7485,1982-08-26,A witch put to death in 1692 swears vengeance on her persecutors and returns to the present day to punish their descendants.,Horror,1982,0.5229647630619684,0.00010666675555562963,0.0588803275157729,1982.0,0.5,0.35921790525145403,Low,95.0,1,1.58
1650558,Abot Langit,movie,5.0,1.0,46.3627,2026-03-13,"The relationship of a couple is tested when the girl’s first official flight pairs her with a confident senior pilot, jealousy and power dynamics surface in the training ground. The girl is now torn between her present relationship and new temptation she can’t resist.",Romance,2026,0.3924665856622114,0.0,0.0955227592923047,2026.0,1.0,0.45698663426488456,Medium,70.0,1,1.17
24428,The Avengers,movie,7.969,36540.0,49.1925,2012-04-25,"When an unexpected enemy emerges and threatens global safety and security, Nick Fury, director of the international peacekeeping agency known as S.H.I.E.L.D., finds himself in need of a team to pull the world back from the brink of disaster. Spanning the globe, a daring recruitment effort begins!","Sci-Fi, Action, Adventure",2012,0.7532199270959902,0.03044919204099337,0.1026179648759993,2012.0,0.8409090909090909,0.5626954557234214,Medium,143.0,1,2.38
1401778,Turbulence,movie,5.896,72.0,43.1671,2025-11-26,"Young married couple Zach and Emmy decide to take a hot air balloon trip across the Italian Dolomites to rekindle their relationship. When they and pilot Harry are joined by a third passenger, Julia, events unfold in ways they could never imagine five thousand meters in the air.","Thriller, Action, Adventure, Drama, Fantasy",2025,0.501336573511543,5.916671597226331e-05,0.0875103771581417,2025.0,0.9886363636363636,0.49714328851031797,Medium,91.0,1,1.52
1297842,GOAT,movie,7.513,114.0,41.0107,2026-02-11,"A small goat with big dreams gets a once-in-a-lifetime shot to join the pros and play roarball, a high-intensity, co-ed, full-contact sport dominated by the fastest, fiercest animals in the world.","Animation, Comedy, Family",2026,0.697812879708384,9.416674513895429e-05,0.0821035988272777,2026.0,1.0,0.5791534019068953,Medium,100.0,1,1.67
1582770,Dhurandhar: The Revenge,movie,7.75,8.0,80.1797,2026-03-18,"As rival gangs, corrupt officials and a ruthless Major Iqbal close in, Hamza's mission for his country spirals into a bloody personal war where the line between patriot and monster disappears in the streets of Lyari.","Action, Crime, Thriller",2026,0.7266099635479951,5.8333381944484954e-06,0.1803126975295656,2026.0,1.0,0.5906457354206565,Medium,229.0,1,3.82
911430,F1,movie,7.752,3581.0,41.6194,2025-06-25,Racing legend Sonny Hayes is coaxed out of retirement to lead a struggling Formula 1 team—and mentor a young hotshot driver—while chasing one more chance at glory.,"Action, Drama",2025,0.7268529769137302,0.002983335819446516,0.0836298026716465,2025.0,0.9886363636363636,0.588227100602235,Medium,156.0,1,2.6
1470086,Ligaw,movie,6.667,6.0,41.5682,2025-05-09,"A sultry woman who charms the hearts of men in a remote province. Dolores, a devoted wife to her paraplegic husband, falls for a young mountaineer. What begins as a reckless escape turns into an affair drenched in passion and secrecy.","Drama, Romance",2025,0.5950182260024302,4.166670138891783e-06,0.0835014280423846,2025.0,0.9886363636363636,0.5345994494929228,Medium,85.0,1,1.42
201760,Panorama,movie,6.0,3.0,25.9736,2013-02-23,"In recent years it has become the handiest character of Mexican cinema: the Chilango fleeing the capital to the province in search of something. But this case is different because the trip is used as an excuse to illustrate, through documentary techniques, the deep contrasts of Mexican society. Tired of the city, Javier goes to visit his aunt, an eccentric woman with quite radical ideas, who lives isolated from the world in a ranch in Querétaro. Javier works as a laborer for an Argentinean foreman, with whom he shares a few passions. His life begins to change.",Drama,2013,0.5139732685297692,1.666668055556713e-06,0.0444008227008467,2013.0,0.8522727272727273,0.46127162559414253,Medium,80.0,1,1.33
81471,Tintorera: Killer Shark,movie,3.791,43.0,37.1848,1977-04-07,Two shark hunters flirt with an attractive British lady while hunting down a large tiger shark terrorizing the Mexican East coast.,"Drama, Thriller, Horror",1977,0.24556500607533413,3.500002916669097e-05,0.072510854802026,1977.0,0.4431818181818182,0.2311910478934291,Low,85.0,1,1.42
1196067,Worldbreaker,movie,5.9,101.0,40.1904,2025-10-30,"Five years ago, a tear in the fabric of reality brought creatures to our world from an alternate dimension bent on our destruction. A father hides his daughter on an island to keep her safe while he prepares her for survival and the battles to come. But when the world is about to break, no place is safe.","Sci-Fi, Action, Horror",2025,0.5018226002430134,8.333340277783564e-05,0.0800468467104126,2025.0,0.9886363636363636,0.4973449492089478,Medium,95.0,1,1.58
322441,Dixie Dugan,movie,5.0,1.0,38.1349,1943-03-12,"Roger Hudson, a wealthy businessman who has moved to Washington to work for the government as a ""dollar a year man,"" is late for a radio broadcast about his new department, the Mobilization of Woman Power for War. He takes a cab driven by Dixie Dugan, who hopes that being a cabbie while the country's men are away fighting will help the war effort. Her incompetent driving, however, results in an accident for which Roger must take responsibility in order to reach the radio station in time. Dixie then returns home, where she lives with her father Timothy, who is constantly practicing his air raid warden duties, her mother Gladys, an aspiring Red Cross worker, and cousin Imogene, who studies incessantly to become a ""quiz kid."" The Dugans rent out their spare rooms to Dixie's fiancé, Matt Hogan, and to blustering Judge J. J. Lawson. Matt, who works in a munitions factory, wants Dixie to settle down and marry him, but Dixie is determined to help her country.",Comedy,1943,0.3924665856622114,0.0,0.0748930566626056,1943.0,0.056818181818181816,0.1740320888103391,Low,63.0,1,1.05
929831,The Empire,movie,4.842,98.0,34.7535,2024-02-21,"In a quiet fishing village on northern France's Opal Coast, the birth of a peculiar child sparks a hidden war between extraterrestrial forces of good and evil.","Sci-Fi, Comedy, Drama",2024,0.3732685297691372,8.083340069450057e-05,0.0664148150339729,2024.0,0.9772727272727273,0.4425134801096814,Medium,115.0,1,1.92
542559,Last Summer,movie,6.688,16.0,39.1399,2018-06-07,"During a long hot summer in the 1970s, four boys roam free through a neglected rural paradise, until a tragedy strikes that sets them against the adult world and changes their lives forever.",Drama,2018,0.5975698663426487,1.2500010416675347e-05,0.0774129102252648,2018.0,0.9090909090909091,0.5117589692674572,Medium,104.0,1,1.73
1246049,Dracula,movie,7.095,959.0,39.5165,2025-07-30,"In late 15th-century Eastern Europe, Prince Vlad II’s bride is brutally murdered. As a result, he renounces God and damns Heaven itself. Cursed with eternal life, Vlad is reborn as Dracula, an immortal warlord who defies fate in a blood-soaked crusade to wrench his lost love back from death.","Horror, Fantasy, Romance",2025,0.6470230862697447,0.0007983339986116655,0.0783571657990932,2025.0,0.9886363636363636,0.5556396437983905,Medium,130.0,1,2.17
121872,Ginger & Rosa,movie,6.0,239.0,34.2293,2012-10-18,"A look at the lives of two teenage girls - inseparable friends Ginger and Rosa -- growing up in 1960s London as the Cuban Missile Crisis looms, and the pivotal event the comes to redefine their relationship.",Drama,2012,0.5139732685297692,0.00019833349861124883,0.0651004794742256,2012.0,0.8409090909090909,0.45792153473421837,Medium,90.0,1,1.5
238,The Godfather,movie,8.687,22620.0,39.0833,1972-03-14,"Spanning the years 1945 to 1955, a chronicle of the fictional Italian-American Corleone crime family. When organized crime family patriarch, Vito Corleone barely survives an attempt on his life, his youngest son, Michael steps in to take care of the would-be killers, launching a campaign of bloody revenge.","Drama, Crime",1972,0.8404617253948966,0.018849182374318645,0.077270996084323,1972.0,0.38636363636363635,0.45774853577934516,Medium,175.0,1,2.92
1424965,Ice Skater,movie,5.7,10.0,41.3082,2026-02-24,"A survival drama about an ice skater stranded on an ice floe at the Arctic Sea. When the ice floe starts to float towards south and melt, the ice skater must use all means necessary to survive.","Drama, Thriller",2026,0.4775212636695018,7.500006250005208e-06,0.0828495256281643,2026.0,1.0,0.49101075546967576,Medium,83.0,1,1.38
1180831,Troll 2,movie,6.5,438.0,36.082,2025-11-30,"When a dangerous new troll unleashes devastation across their homeland, Nora, Andreas and Major Kris embark on their most perilous mission yet.","Action, Fantasy, Thriller",2025,0.574726609963548,0.0003641669701391418,0.0697457856389408,2025.0,0.9886363636363636,0.5265908031673701,Medium,102.0,1,1.7
335490,The Idealist,movie,7.243,35.0,35.9661,2015-04-09,A whistle blower attempts to reveal the secret behind a nuclear disaster that occurred during the height of the Cold War.,Thriller,2015,0.6650060753341435,2.833335694446412e-05,0.0694551876012172,2015.0,0.875,0.5285109301407407,Medium,114.0,1,1.9
798645,The Running Man,movie,6.767,1284.0,36.9077,2025-11-11,"Desperate to save his sick daughter, working-class Ben Richards is convinced by The Running Man's charming but ruthless producer to enter the deadly competition game as a last resort. But Ben's defiance, instincts, and grit turn him into an unexpected fan favorite — and a threat to the entire system. As ratings skyrocket, so does the danger, and Ben must outwit not just the Hunters, but a nation addicted to watching him fall.","Action, Thriller, Sci-Fi",2025,0.6071688942891859,0.0010691675576396313,0.0718160772674858,2025.0,0.9886363636363636,0.5397792170738753,Medium,133.0,1,2.22
1110034,Kraken,movie,6.2,8.0,37.7483,2026-02-06,"Marine biologist Johanne is doing research on a fish farm in Vangsnes, a rural community located by the fjord, when she encounters several strange occurrences. Along with the brutal deaths of two local teenagers, all signs point to the deep fjord; can there be more to the depths than the eye can see? At the bottom of the deepest fjord rests a mythical monster as large as a mountain, with a myriad of arms ready to crush and devour anything they can grab.","Horror, Action, Thriller",2026,0.5382746051032806,5.8333381944484954e-06,0.0739237279189996,2026.0,1.0,0.5153115920427705,Medium,94.0,1,1.57
1363123,The Family Plan 2,movie,6.538,520.0,36.5779,2025-11-11,"Now that Dan's assassin days are behind him, all he wants for Christmas is quality time with his kids. But when he learns his daughter has her own plans, he books a family trip to London—putting them all in the crosshairs of an unexpected enemy.","Action, Comedy",2025,0.5793438639125152,0.000432500360416967,0.0709891641282171,2025.0,0.9886363636363636,0.5284582047640403,Medium,106.0,1,1.77
1241470,Osiris,movie,5.912,210.0,39.7724,2025-07-25,"Special Forces commandos on a mission are abducted mid-operation by a mysterious spacecraft. Upon waking aboard, they find themselves prey to a relentless alien race in a fight for survival.","Sci-Fi, Action, Horror",2025,0.503280680437424,0.00017416681180567651,0.0789987882137046,2025.0,0.9886363636363636,0.4979554313094204,Medium,108.0,1,1.8
1291335,Solo Mio,movie,6.993,76.0,35.3289,2026-02-05,"After Matt's dreams of a picturesque Italian wedding are shattered when his fiancée leaves him at the altar, he embarks on his planned honeymoon across Italy alone, immersing himself in the country's vibrant culture, food, and beauty, meeting Gia along the way.","Romance, Comedy",2026,0.634629404617254,6.250005208337673e-05,0.0678575252229819,2026.0,1.0,0.5538705118625267,Medium,96.0,1,1.6
438631,Dune,movie,7.778,14578.0,34.1418,2021-09-15,"Paul Atreides, a brilliant and gifted young man born into a great destiny beyond his understanding, must travel to the most dangerous planet in the universe to ensure the future of his family and his people. As malevolent forces explode into conflict over the planet's exclusive supply of the most precious resource in existence-a commodity capable of unlocking humanity's greatest potential-only those who can conquer their fear will survive.","Sci-Fi, Adventure",2021,0.7300121506682866,0.012147510122925103,0.0648810892386707,2021.0,0.9431818181818182,0.5786036587587376,Medium,155.0,1,2.58
1010581,My Fault,movie,7.751,4019.0,34.3788,2023-06-08,"Noah must leave her city, boyfriend, and friends to move into William Leister's mansion, the flashy and wealthy husband of her mother Rafaela. As a proud and independent 17 year old, Noah resists living in a mansion surrounded by luxury. However, it is there where she meets Nick, her new stepbrother, and the clash of their strong personalities becomes evident from the very beginning.","Drama, Romance, Thriller",2023,0.7267314702308626,0.0033483361236134363,0.0654753233624023,2023.0,0.9659090909090909,0.5814698162021563,Medium,116.0,1,1.93
456483,Wonderwell,movie,5.645,31.0,34.7486,2023-06-23,"In an idyllic Italian village, a young American girl on the threshold of adolescence is swept into a timeless magical adventure in Wonderwell.","Fantasy, Family, Drama",2023,0.4708383961117861,2.5000020833350695e-05,0.0664025291807818,2023.0,0.9659090909090909,0.4781155857236917,Medium,96.0,1,1.6
1381027,The Good Boy,movie,7.742,33.0,33.5356,2026-03-06,"Tommy, a volatile 19-year-old, revels in drugs, parties and violence. After getting separated from his friends on a drunken bender, he is abducted by a shadowy figure. He wakes to find himself imprisoned in the basement of a remote Yorkshire house, inhabited by a very strange family. But what unfolds is not what he could possibly expect.","Thriller, Drama, Mystery",2026,0.7256379100850546,2.6666688888907407e-05,0.0633611536867463,2026.0,1.0,0.5902631640406886,Medium,15.0,1,0.25
126889,Alien: Covenant,movie,6.171,9292.0,30.9277,2017-05-09,"The crew of the colony ship Covenant, bound for a remote planet on the far side of the galaxy, discovers what they think is an uncharted paradise but is actually a dark, dangerous world.","Horror, Sci-Fi",2017,0.5347509113001214,0.00774250645208871,0.0568223217404189,2017.0,0.8977272727272727,0.48554129827385695,Medium,122.0,1,2.03
457332,Hidden Strike,movie,6.891,1053.0,29.361,2023-07-06,Two elite soldiers must escort civilians through a gauntlet of gunfire and explosions.,"Action, Comedy, Thriller",2023,0.622235722964763,0.000876667397222831,0.0528941082313461,2023.0,0.9659090909090909,0.5389300166777994,Medium,103.0,1,1.72
1813,The Devil's Advocate,movie,7.466,6657.0,31.1377,1997-10-17,"Aspiring Florida defense lawyer Kevin Lomax accepts a job at a New York law firm. With the stakes getting higher every case, Kevin quickly learns that his boss has something far more evil planned.","Horror, Drama, Mystery",1997,0.6921020656136087,0.005546671288892741,0.0573488583057507,1997.0,0.6704545454545454,0.47964119126847493,Medium,144.0,1,2.4
299536,Avengers: Infinity War,movie,8.234,31615.0,34.2807,2018-04-25,"As the Avengers and their allies have continued to protect the world from threats too large for any one hero to handle, a new danger has emerged from the cosmic shadows: Thanos. A despot of intergalactic infamy, his goal is to collect all six Infinity Stones, artifacts of unimaginable power, and use them to inflict his twisted will on all of reality. Everything the Avengers have fought for has led up to this moment - the fate of Earth and existence itself has never been more uncertain.","Adventure, Action, Sci-Fi",2018,0.7854191980558931,0.026345021954184963,0.065229355566883,2018.0,0.9090909090909091,0.5947984585358854,Medium,149.0,1,2.48
1234821,Jurassic World Rebirth,movie,6.299,3112.0,33.7959,2025-07-01,"Five years after the events of Jurassic World Dominion, covert operations expert Zora Bennett is contracted to lead a skilled team on a top-secret mission to secure genetic material from the world's three most massive dinosaurs. When Zora's operation intersects with a civilian family whose boating expedition was capsized, they all find themselves stranded on an island where they come face-to-face with a sinister, shocking discovery that's been hidden from the world for decades.","Sci-Fi, Adventure, Action",2025,0.5503037667071689,0.002592502160418467,0.0640138082960599,2025.0,0.9886363636363636,0.5174901664219022,Medium,134.0,1,2.23
1266127,Ready or Not: Here I Come,movie,7.444,9.0,34.0528,2026-03-19,"Moments after surviving an all-out attack from the Le Domas family, Grace discovers she’s reached the next level of the nightmarish game — and this time with her estranged sister Faith at her side. Grace has one chance to survive, keep her sister alive, and claim the High Seat of the Council that controls the world. Four rival families are hunting her for the throne, and whoever wins rules it all.","Horror, Thriller, Comedy",2026,0.6894289185905224,6.666672222226852e-06,0.0646579380276491,2026.0,1.0,0.5757735674378757,Medium,108.0,1,1.8
1220564,The Secret Agent,movie,7.347,539.0,29.5429,2025-07-23,"Brazil, 1977. Marcelo, a technology expert in his early 40s, is on the run. Hoping to reunite with his son, he travels to Recife during Carnival but soon realizes that the city is not the safe haven he was expecting.","Crime, Drama, Thriller",2025,0.6776427703523693,0.0004483337069447558,0.0533501891896025,2025.0,0.9886363636363636,0.5677825173439403,Medium,161.0,1,2.68
1069905,Jay Kelly,movie,6.143,384.0,29.5644,2025-11-14,"Famous movie actor Jay Kelly embarks on a journey of self-discovery, confronting both his past and present, accompanied by his devoted manager, Ron.","Drama, Comedy",2025,0.5313487241798298,0.00031916693263911054,0.0534040965046246,2025.0,0.9886363636363636,0.5092261488426327,Medium,132.0,1,2.2
1228246,Five Nights at Freddy's 2,movie,6.694,816.0,32.0744,2025-12-03,"One year since the supernatural nightmare at Freddy Fazbear's Pizza, the stories about what transpired there have been twisted into a campy local legend, inspiring the town's first ever Fazfest. With the truth kept from her, Abby sneaks out to reconnect with Freddy, Bonnie, Chica, and Foxy, setting into motion a terrifying series of events that will reveal dark secrets about the real origin of Freddy's, and unleash a decades-hidden horror.","Horror, Thriller",2025,0.5982989064398541,0.0006791672326393605,0.0596974621188282,2025.0,0.9886363636363636,0.5361142218366426,Medium,104.0,1,1.73
991494,The SpongeBob Movie: Search for SquarePants,movie,6.8,239.0,31.0367,2025-12-16,"Desperate to be a big guy, SpongeBob sets out to prove his bravery to Mr. Krabs by following The Flying Dutchman – a mysterious swashbuckling ghost pirate – on a seafaring adventure that takes him to the deepest depths of the deep sea, where no Sponge has gone before.","Animation, Family, Comedy, Adventure, Fantasy",2025,0.6111786148238152,0.00019833349861124883,0.0570956192909959,2025.0,0.9886363636363636,0.5411218550700185,Medium,88.0,1,1.47
875828,Peaky Blinders: The Immortal Man,movie,8.692,13.0,36.7965,2026-03-05,"After his estranged son gets embroiled in a Nazi plot, self-exiled gangster Tommy Shelby must return to Birmingham to save his family — and his nation.","Crime, Drama, War",2026,0.8410692588092346,1.0000008333340278e-05,0.0715372636195577,2026.0,1.0,0.6364307035261938,Medium,112.0,1,1.87
1218925,Chainsaw Man - The Movie: Reze Arc,movie,8.3,762.0,30.4847,2025-09-19,"In a brutal war between devils, hunters, and secret enemies, a mysterious girl named Reze has stepped into Denji's world, and he faces his deadliest battle yet, fueled by love in a world where survival knows no rules.","Animation, Action, Romance, Fantasy",2025,0.793438639125152,0.0006341671951393293,0.0557115803192666,2025.0,0.9886363636363636,0.6141566148995117,Medium,99.0,1,1.65
465212,Deadly Game,movie,2.6,5.0,29.7207,1982-09-03,"A hunting party arrives at a lodge in the Tatra mountains in Slovakia, where one woman in the party had “accidentally” shot and killed her first husband some time ago.","Mystery, Drama",1982,0.10085054678007291,3.333336111113426e-06,0.0537959901482501,1982.0,0.5,0.1903412187128625,Low,78.0,1,1.3
1029575,The Family Plan,movie,7.228,1825.0,27.6692,2023-12-14,"Dan Morgan is many things: a devoted husband, a loving father, a celebrated car salesman. He's also a former assassin. And when his past catches up to his present, he's forced to take his unsuspecting family on a road trip unlike any other.","Action, Comedy, Family",2023,0.66318347509113,0.0015200012666677222,0.0486522293683542,2023.0,0.9659090909090909,0.5555021176891797,Medium,118.0,1,1.97
1439112,Muzzle: City of Wolves,movie,6.705,112.0,30.4017,2025-11-13,"LAPD officer Jake Rosser endeavors to lead a peaceful life with his family and retired K-9 officer, Socks. However, tranquility dissolves into chaos when a gang targets them in a brutal attack. Alongside his new K-9 partner Argos, Jake launches into a relentless pursuit of justice, determined to protect his loved ones.","Action, Thriller, Mystery",2025,0.5996354799513973,9.250007708339757e-05,0.0555034730101117,2025.0,0.9886363636363636,0.5364728510945931,Medium,93.0,1,1.55
269149,Zootopia,movie,7.8,17832.0,28.0149,2016-02-11,"Determined to prove herself, Officer Judy Hopps, the first bunny on Zootopia's police force, jumps at the chance to crack her first case - even if it means partnering with scam-artist fox Nick Wilde to solve the mystery.","Animation, Adventure, Family, Comedy",2016,0.7326852976913729,0.014859179049315874,0.0495190088475694,2016.0,0.8863636363636364,0.5634409637004348,Medium,109.0,1,1.82
502356,The Super Mario Bros. Movie,movie,7.59,10346.0,32.3898,2023-04-05,"While working underground to fix a water main, Brooklyn plumbers—and brothers—Mario and Luigi are transported down a mysterious pipe and wander into a magical new world. But when the brothers are separated, Mario embarks on an epic quest to find Luigi.","Family, Comedy, Adventure, Animation, Fantasy",2023,0.707168894289186,0.008620840517367098,0.060488269893617,2023.0,0.9659090909090909,0.5752265371436118,Medium,93.0,1,1.55
4934,Firecreek,movie,6.322,73.0,27.191,1968-01-24,"A peace-loving, part-time sheriff in the small town of Firecreek must take a stand when a gang of vicious outlaws takes over his town.",Western,1968,0.5530984204131226,6.0000050000041665e-05,0.0474532303895843,1968.0,0.3409090909090909,0.32353009545297634,Low,104.0,1,1.73
120,The Lord of the Rings: The Fellowship of the Ring,movie,8.4,27169.0,28.8693,2001-12-18,"Young hobbit Frodo Baggins, after inheriting a mysterious ring from his uncle Bilbo, must leave his home in order to keep it from falling into the hands of its evil creator. Along the way, a fellowship is formed to protect the ringbearer and make sure that the ring arrives at its final destination: Mt. Doom, the only place where it can be destroyed.","Adventure, Fantasy, Action",2001,0.8055893074119077,0.02264001886668239,0.0516612604733764,2001.0,0.7159090909090909,0.5438004558974951,Medium,179.0,1,2.98
1159831,The Bride!,movie,6.3,175.0,31.4548,2026-03-04,A lonely Frankenstein travels to 1930s Chicago to ask groundbreaking scientist Dr. Euphronious to create a companion for him. The two revive a murdered young woman and The Bride is born. But what ensues is beyond what either of them imagined.,"Sci-Fi, Horror, Fantasy",2026,0.5504252733900363,0.00014500012083343403,0.0581439285194017,2026.0,1.0,0.5202136093922646,Medium,127.0,1,2.12
634649,Spider-Man: No Way Home,movie,7.933,21673.0,35.6591,2021-12-15,"Peter Parker is unmasked and no longer able to separate his normal life from the high-stakes of being a super-hero. When he asks for help from Doctor Strange the stakes become even more dangerous, forcing him to discover what it truly means to be Spider-Man.","Action, Adventure, Sci-Fi",2021,0.7488456865127582,0.01806001505001254,0.0686854412890417,2021.0,0.9431818181818182,0.5879108245746525,Medium,148.0,1,2.47
1305781,Blades of the Guardians: Wind Rises in the Desert,movie,7.367,30.0,29.1335,2026-02-17,"Dao Ma, the ""second most wanted fugitive,"" is entrusted by his benefactor, the chief of Mo family clan, to take on a mysterious escort mission-escorting the ""most wanted fugitive"" to Chang'an.","Action, Drama, History",2026,0.6800729040097204,2.4166686805572336e-05,0.0523236936189033,2026.0,1.0,0.5720364116099299,Medium,126.0,1,2.1
122,The Lord of the Rings: The Return of the King,movie,8.494,26181.0,26.3515,2003-12-17,"As armies mass for a final battle that will decide the fate of the world--and powerful, ancient forces of Light and Dark compete to determine the outcome--one member of the Fellowship of the Ring is revealed as the noble heir to the throne of the Kings of Men. Yet, the sole hope for triumph over evil lies with a brave hobbit, Frodo, who, accompanied by his loyal friend Sam and the hideous, wretched Gollum, ventures deep into the very dark heart of Mordor on his seemingly impossible quest to destroy the Ring of Power.​","Adventure, Fantasy, Action",2003,0.8170109356014581,0.021816684847237373,0.0453483377867461,2003.0,0.7386363636363636,0.5549402887856636,Medium,201.0,1,3.35
1199193,Pose,movie,6.7,24.0,27.8918,2026-02-25,"Isolated in a grand country manor, a reclusive artist spends a passionate and paranoid weekend with his ex-lover, an obsessive fan, and a potential muse. Hoping to spark a new wave of artistic brilliance over the course of a few tumultuous days, filled with chaos and revelation not all of them will make it out alive.",Thriller,2026,0.5990279465370595,1.9166682638902198e-05,0.0492103581276058,2026.0,1.0,0.5396169286196155,Medium,77.0,1,1.28
1078605,Weapons,movie,7.265,3071.0,29.1222,2025-08-04,"When all but one child from the same class mysteriously vanish on the same night at exactly the same time, a community is left questioning who or what is behind their disappearance.","Horror, Mystery",2025,0.6676792223572295,0.0025583354652795546,0.0522953609370545,2025.0,0.9886363636363636,0.5644300986733848,Medium,129.0,1,2.15
1715,The Cider House Rules,movie,7.075,1270.0,20.0272,1999-12-17,"Homer is an orphan who was never adopted, becoming the favorite of orphanage director Dr. Larch. Dr. Larch imparts his full medical knowledge on Homer, who becomes a skilled, albeit unlicensed, physician. But Homer yearns for a self-chosen life outside the orphanage. What will Homer learn about life and love in the cider house? What of the destiny that Dr. Larch has planned for him?",Drama,1999,0.6445929526123936,0.0010575008812507343,0.0294913130242329,1999.0,0.6931818181818182,0.4661089767638782,Medium,126.0,1,2.1
155,The Dark Knight,movie,8.527,35343.0,27.4597,2008-07-16,"Batman raises the stakes in his war on crime. With the help of Lt. Jim Gordon and District Attorney Harvey Dent, Batman sets out to dismantle the remaining criminal organizations that plague the streets. The partnership proves to be effective, but they soon find themselves prey to a reign of chaos unleashed by a rising criminal mastermind known to the terrified citizens of Gotham as the Joker.","Action, Crime, Thriller",2008,0.8210206561360874,0.029451691209742673,0.0481269464615113,2008.0,0.7954545454545454,0.5758801334537215,Medium,152.0,1,2.53
1214931,Nuremberg,movie,7.34,739.0,29.1488,2025-11-06,"In postwar Germany, an American psychiatrist must determine whether Nazi prisoners are fit to go on trial for war crimes, and finds himself in a complex battle of intellect and ethics with Hermann Göring, Hitler's right-hand man.","History, Drama",2025,0.6767922235722965,0.0006150005125004271,0.0523620555686632,2025.0,0.9886363636363636,0.5674922986735779,Medium,149.0,1,2.48
1248226,Playdate,movie,6.033,549.0,29.026,2025-11-04,"When out-of-work accountant Brian joins stay-at-home dad Jeff for a playdate with their sons, he expects a laid-back afternoon. Instead, they're chased by mercenaries, and Brian—totally unprepared—must survive one absurd obstacle after another.","Action, Comedy, Family",2025,0.5179829890643985,0.00045666704722253937,0.052054157043793,2025.0,0.9886363636363636,0.5039211048308353,Medium,93.0,1,1.55
10866,Joy Ride,movie,6.5,1319.0,26.4767,2001-10-05,"Three young people on a road trip from Colorado to New Jersey talk to a trucker on their CB radio, then must escape when he turns out to be a psychotic killer.","Mystery, Thriller, Drama",2001,0.574726609963548,0.0010983342486118738,0.045662253872363,2001.0,0.7159090909090909,0.44499287153273004,Medium,97.0,1,1.62
533533,TRON: Ares,movie,6.479,1272.0,28.8155,2025-10-08,"A highly sophisticated Program called Ares is sent from the digital world into the real world on a dangerous mission, marking humankind's first encounter with A.I. beings.","Sci-Fi, Adventure, Action",2025,0.5721749696233293,0.0010591675493062912,0.0515263668199723,2025.0,0.9886363636363636,0.5257786472050326,Medium,119.0,1,1.98
1561687,Made in Korea,movie,6.75,16.0,26.2319,2026-03-12,A woman from a small town in Tamil Nadu moves to South Korea — a place she always dreamed of — but struggles to find her footing in a foreign land.,Drama,2026,0.6051032806804374,1.2500010416675347e-05,0.0450484626762048,2026.0,1.0,0.5420450622752999,Medium,113.0,1,1.88
10733,The Alamo,movie,5.768,360.0,25.7519,2004-04-07,"Based on the 1836 standoff between a group of Texan and Tejano men, led by Davy Crockett and Jim Bowie, and Mexican dictator Santa Anna's forces at the Alamo in San Antonio, Texas.","History, War, Drama",2004,0.4857837181044957,0.00029916691597242997,0.043844950526875,2004.0,0.75,0.41940323731659,Medium,202.0,1,3.37
693134,Dune: Part Two,movie,8.1,7647.0,29.4168,2024-02-27,"Follow the mythic journey of Paul Atreides as he unites with Chani and the Fremen while on a path of revenge against the conspirators who destroyed his family. Facing a choice between the love of his life and the fate of the known universe, Paul endeavors to prevent a terrible future only he can foresee.","Sci-Fi, Adventure",2024,0.7691373025516403,0.006371671976393314,0.0530340165187057,2024.0,0.9772727272727273,0.6027482407953922,Medium,167.0,1,2.78
952374,The Aviary,movie,5.256,39.0,24.2891,2022-04-29,"A twisted journey of two women’s desperate flee to escape the clutches of Skylight, an insidious cult. Lured in by the promise of “freedom” in the isolated desert campus called The Aviary, Jillian and Blair join forces to escape in hopes of real freedom. Consumed by fear and paranoia, they can’t shake the feeling that they are being followed by the cult’s leader, Seth, a man as seductive as he is controlling. The more distance the pair gains from the cult, the more Seth holds control of their minds. With supplies dwindling and their senses failing, Jillian and Blair are faced with a horrifying question: how do you run from an enemy who lives inside your head?","Thriller, Drama",2022,0.4235722964763062,3.1666693055577545e-05,0.0401772472517925,2022.0,0.9545454545454546,0.4558020549620755,Medium,85.0,1,1.42
1006462,The Flood,movie,6.153,280.0,24.3828,2023-07-14,A horde of giant hungry alligators is unleashed on a group of in-transit prisoners and their guards after a massive hurricane floods Louisiana.,"Action, Mystery, Thriller, Horror",2023,0.5325637910085054,0.00023250019375016146,0.0404121828526096,2023.0,0.9659090909090909,0.5028679937342545,Medium,93.0,1,1.55
4247,Scary Movie,movie,6.386,7605.0,27.4451,2000-07-07,"A familiar-looking group of teenagers find themselves being stalked by a more-than-vaguely recognizable masked killer! As the victims begin to pile up and the laughs pile on, none of your favorite scary movies escape the razor-sharp satire of this outrageously funny parody!",Comedy,2000,0.5608748481166463,0.006336671947226623,0.0480903396336358,2000.0,0.7045454545454546,0.4376145771944629,Medium,88.0,1,1.47
31250,A Fox's Tale,movie,1.77,23.0,24.4805,2008-04-17,"The film is about Little Vuk, the son of the legendary fox who proves its excellent mind and courage.","Family, Animation, Adventure",2008,0.0,1.8333348611123844e-05,0.0406571477213377,2008.0,0.7954545454545454,0.23864186364094694,Low,85.0,1,1.42
1061474,Superman,movie,7.3,4483.0,27.5422,2025-07-09,"Superman, a journalist in Metropolis, embarks on a journey to reconcile his Kryptonian heritage with his human upbringing as Clark Kent.","Sci-Fi, Adventure, Action",2025,0.671931956257594,0.003735003112502594,0.0483338001121773,2025.0,0.9886363636363636,0.5664841925276975,Medium,130.0,1,2.17
27205,Inception,movie,8.4,38854.0,26.2626,2010-07-15,"Cobb, a skilled thief who commits corporate espionage by infiltrating the subconscious of his targets is offered a chance to regain his old life as payment for a task considered to be impossible: ""inception"", the implantation of another person's idea into a target's subconscious.","Action, Sci-Fi, Adventure",2010,0.8055893074119077,0.032377526981272484,0.0451254373074223,2010.0,0.8181818181818182,0.5774035265136903,Medium,148.0,1,2.47
10703,Seven Swords,movie,6.249,191.0,26.961,2005-07-25,"In the middle of the 17th century, the Manchus conquered China and founded the Ching dynasty. Due to widespread uprisings against the new rulers, the study and practice of traditional martial arts is forbidden and punishable by death. The unscrupulous leader of a troop of mercenaries takes advantage of this situation to make a fortune with the bounty on his head.","Action, Drama",2005,0.5442284325637908,0.00015833346527788773,0.0468765474846972,2005.0,0.7613636363636364,0.4461479639741906,Medium,152.0,1,2.53
413766,Zombie Prom,movie,6.5,2.0,24.6408,2006-02-09,"Zombie Prom is a 1950s horror comic book brought to life as a musical comedy film. It is a campy, rollicking, romp through America's ""Atomic Age"" and the ""Golden Age"" of horror comic books. Here's the story...  Set in the fabulous '50s, this is the tale of a sweet teenage girl named, TOFFEE (a Gidget-type) and her ""rebel without a cause"" boyfriend, JONNY. The two meet at Enrico Fermi High School and fall in love, but the principal, MISS DELILAH STRICT (Stalin in pumps and a dress!) intervenes, persuading the indecisive young Toffee to break up with Jonny. Tortured by the betrayal, Jonny drives his motorcycle to the nearby Francis Gary Powers Nuclear Power Plant and flings himself into a nuclear cooling tower! But then he returns as a teenage nuclear zombie","Horror, Comedy",2006,0.574726609963548,8.333340277783565e-07,0.0410590706328743,2006.0,0.7727272727272727,0.4617090758038094,Medium,36.0,1,0.6
1624,Liar Liar,movie,6.705,6140.0,26.1423,1997-03-21,"Forced by his son's birthday wish, fast-talking attorney and habitual liar Fletcher Reede must tell the truth for the next 24 hours.",Comedy,1997,0.5996354799513973,0.00511583759653133,0.0448238070749966,1997.0,0.6704545454545454,0.442525306895882,Medium,86.0,1,1.43
19995,Avatar,movie,7.6,33624.0,28.1058,2009-12-16,"In the 22nd century, a paraplegic Marine is dispatched to the moon Pandora on a unique mission, but becomes torn between following orders and protecting an alien civilization.","Action, Adventure, Sci-Fi",2009,0.7083839611178615,0.02801919001599168,0.0497469239608487,2009.0,0.8068181818181818,0.5338047959973966,Medium,162.0,1,2.7
356320,Paul à Québec,movie,6.826,23.0,25.6057,2015-09-18,"In 1999, Paul and his partner Julie experienced beautiful moments with their young daughter. They are looking for a house in Montreal and frequently see their family, notably Julie's parents who live in St-Nicolas, a suburb of Quebec City. But the illness has hit Roland hard, the proud and generous patriarch of the family, who tries as best he can to hide the ultimatum he is suffering from his children. Life being what it is, Roland will have to be admitted to a palliative care center while his loved ones, including Paul, will have to come to terms with the idea of ​​his death. In the process, Paul will take up drawing.","Drama, Comedy",2015,0.6143377885783716,1.8333348611123844e-05,0.043478380784725,2015.0,0.875,0.508240615435932,Medium,97.0,1,1.62
628847,Trap House,movie,6.529,240.0,26.1909,2025-11-14,"An undercover DEA agent and his partner embark on a game of cat and mouse with an audacious, and surprising group of thieves – their own rebellious teenagers, who have begun robbing from a dangerous cartel, using their parents' tactics and top-secret intel to do it.","Action, Crime, Thriller",2025,0.5782503037667072,0.0001991668326390272,0.0449456626801162,2025.0,0.9886363636363636,0.5279507806473837,Medium,103.0,1,1.72
1124566,Sentimental Value,movie,7.5,715.0,27.8139,2025-08-20,"Sisters Nora and Agnes reunite with their estranged father, the charismatic Gustav, a once-renowned director who offers stage actress Nora a role in what he hopes will be his comeback film. When Nora turns it down, she soon discovers he has given her part to an eager young Hollywood star.",Drama,2025,0.6962332928311057,0.0005950004958337465,0.0490150381350375,2025.0,0.9886363636363636,0.5752627263721015,Medium,133.0,1,2.22
1198994,Send Help,movie,7.055,366.0,25.0236,2026-01-22,"Two colleagues become stranded on a deserted island, the only survivors of a plane crash. On the island, they must overcome past grievances and work together to survive, but ultimately, it's a battle of wills and wits to make it out alive.","Horror, Thriller, Comedy",2026,0.6421628189550425,0.00030416692013910014,0.0420188715719648,2026.0,1.0,0.5569563776580587,Medium,113.0,1,1.88
597,Titanic,movie,7.903,26895.0,28.7289,1997-12-18,"101-year-old Rose DeWitt Bukater tells the story of her life aboard the Titanic, 84 years later. A young Rose boards the ship with her mother and fiancé. Meanwhile, Jack Dawson and Fabrizio De Rossi win third-class tickets aboard the ship. Rose tells the whole story from Titanic's departure through to its death—on its first and last voyage—on April 15, 1912.","Drama, Romance",1997,0.7452004860267313,0.02241168534307112,0.0513092331696974,1997.0,0.6704545454545454,0.5059400636499775,Medium,194.0,1,3.23
262982,The Hollow Point,movie,5.73,202.0,17.1823,2016-12-16,"Los Reyes County, Arizona. Leland, a retired lawman, works with Wallace, the new sheriff who replaces him, when a vicious hit man, sent by a Mexican drug cartel, threatens their border small town.","Action, Drama, Thriller, Crime, Western, Adventure, Mystery",2016,0.4811664641555286,0.00016750013958344965,0.022358246954174,2016.0,0.8863636363636364,0.4584259266131774,Medium,97.0,1,1.62
680,Pulp Fiction,movie,8.486,29845.0,24.2995,1994-09-10,"A burger-loving hit man, his philosophical partner, a drug-addled gangster's moll and a washed-up boxer converge in this sprawling, comedic crime caper. Their adventures unfurl in three stories that ingeniously trip back and forth in time.","Thriller, Crime, Comedy",1994,0.8160388821385177,0.02487002072501727,0.0402033233483613,1994.0,0.6363636363636364,0.5247856499820032,Medium,154.0,1,2.57
17657,Ice Station Zebra,movie,6.292,180.0,17.1508,1968-04-04,"A top-secret Soviet spy satellite -- using stolen Western technology -- malfunctions and then goes into a descent that lands it near an isolated Arctic research encampment called Ice Station Zebra, belonging to the British, which starts sending out distress signals before falling silent. The atomic submarine Tigerfish, commanded by Cmdr. James Ferraday (Rock Hudson), is dispatched to save them.","Action, Adventure, Thriller",1968,0.549453219927096,0.0001491667909723258,0.0222792664693742,1968.0,0.3409090909090909,0.32209876528085735,Low,149.0,1,2.48
91751,Cuci,movie,7.0,1.0,25.1914,2009-01-08,"Four adopted brothers - Jojo (Awie), Fairil (Afdlin Shauki), C'tan (AC Mizal) and Khai (Hans Isaac) - leave their kampung and head to Kuala Lumpur to make it big in the cleaning business. Fairil, the most ambitious of the four, inspires them to enter the Window Washing Olympics for the most coveted contract of all - cleaning the windows of KLCC. But the brothers would have to survive the allure of organiser CJ (Erra Fazira) as well as stiff competition from current champion and contract holder Wira (Khir Rahman) to win the title.",Comedy,2009,0.6354799513973268,0.0,0.0424395993608347,2009.0,0.8068181818181818,0.4962374351043852,Medium,101.0,1,1.68
1315303,Primate,movie,6.533,485.0,24.5828,2026-01-01,"Lucy, a college student, along with her friends, spend their vacation at her family's home in Hawaii, which includes her pet chimpanzee, Ben. However, when Ben contracts rabies after being bitten by a rabid animal, the group must fight for their lives in order to avoid the now-violent chimp.","Horror, Thriller",2026,0.5787363304981774,0.00040333366944472456,0.0409136462481636,2026.0,1.0,0.5316155323001044,Medium,89.0,1,1.48
1575337,Cosmic Princess Kaguya!,movie,8.313,56.0,25.8108,2026-01-22,"Iroha's life gets knocked off its orbit when Kaguya, a carefree runaway from the Moon, moves in and convinces her to perform in a virtual world together.","Animation, Fantasy, Music, Sci-Fi",2026,0.7950182260024302,4.583337152780961e-05,0.0439926314968657,2026.0,1.0,0.6180210404124304,Medium,141.0,1,2.35
557,Spider-Man,movie,7.323,20409.0,28.5944,2002-05-01,"After being bitten by a genetically altered spider at Oscorp, nerdy but endearing high school student Peter Parker is endowed with amazing powers to become the superhero known as Spider-Man.","Action, Sci-Fi",2002,0.674726609963548,0.0170066808389007,0.0509719990361873,2002.0,0.7272727272727273,0.4931744664189076,Medium,121.0,1,2.02
701387,Bugonia,movie,7.4,1650.0,24.247,2025-10-23,"Two conspiracy obsessed young men kidnap the high-powered CEO of a major company, convinced that she is an alien intent on destroying planet Earth.","Sci-Fi, Thriller, Comedy",2025,0.68408262454435,0.0013741678118065097,0.0400716892070284,2025.0,0.9886363636363636,0.570636209252191,Medium,119.0,1,1.98
617126,The Fantastic 4: First Steps,movie,6.966,3094.0,23.8464,2025-07-23,"Against the vibrant backdrop of a 1960s-inspired, retro-futuristic world, Marvel's First Family is forced to balance their roles as heroes with the strength of their family bond, while defending Earth from a ravenous space god called Galactus and his enigmatic Herald, Silver Surfer.","Sci-Fi, Adventure, Action",2025,0.6313487241798298,0.0025775021479184567,0.0390672580257335,2025.0,0.9886363636363636,0.5499036494072165,Medium,115.0,1,1.92
1353333,Mouseboat Massacre,movie,5.661,28.0,25.0583,2025-05-09,The story follows a young woman battling a drug addiction who suddenly begins to see a mutated mouse human hybrid who infests her life. Those around her begin to drop like flies.,Horror,2025,0.472782503037667,2.2500018750015624e-05,0.0421058754710935,2025.0,0.9886363636363636,0.4857106603116009,Medium,82.0,1,1.37
14001,Dead Silence,movie,6.446,2413.0,11.1113,2007-03-16,"Jamie returns to his hometown in search of answers to his wife's murder, which occurred after receiving a weird package containing a ventriloquist dummy named Billy, which may be linked to the legend of ventriloquist Mary Shaw. Destined to find out the truth, Jamie goes to the town of Raven's Fair, where Shaw used to perform and is buried. But Jamie is in for more than he expected.",Horror,2007,0.5681652490886999,0.002010001675001396,0.00713632558213,2007.0,0.7840909090909091,0.46309637286525307,Medium,89.0,1,1.48
496243,Parasite,movie,8.494,20287.0,25.0483,2019-05-30,"All unemployed, Ki-taek's family takes peculiar interest in the wealthy and glamorous Parks for their livelihood until they get entangled in an unexpected incident.","Comedy, Thriller, Drama",2019,0.8170109356014581,0.01690501408751174,0.0420808023013158,2019.0,0.9204545454545454,0.6080122421032004,Medium,133.0,1,2.22
14262,Desperate Living,movie,6.4,114.0,27.1691,1977-05-27,"After killing her husband, Peggy Gravel and her murderous maid Grizelda wind up in the crazy town of Mortville, where Queen Carlotta presides over a sleazy collection of misfits.","Comedy, Crime",1977,0.5625759416767923,9.416674513895429e-05,0.0473983201477712,1977.0,0.4431818181818182,0.358013172148804,Low,91.0,1,1.52
1083637,Kantara - A Legend: Chapter 1,movie,6.985,68.0,24.5668,2025-10-01,"During the Kadamba reign, King Vijayendra, the ruler of the fictional feudatory land of Bangra, meets his final fate while venturing into the mystical forest of Kantara. Witnessing this, his son Rajashekara seals the borders of their realm. Later, Prince Kulashekara reopens them through a brutal massacre. The protagonist, Berme, in search of prosperity, crosses the divide and ignites a conflict of faith, power, and destiny between the Kingdom and Nature.","Action, Drama, Fantasy",2025,0.6336573511543134,5.5833379861149885e-05,0.0408735291765193,2025.0,0.9886363636363636,0.5500705995665929,Medium,165.0,1,2.75
575265,Mission: Impossible - The Final Reckoning,movie,7.2,2641.0,24.5043,2025-05-17,"Ethan Hunt and team continue their search for the terrifying AI known as the Entity — which has infiltrated intelligence networks all over the globe — with the world's governments and a mysterious ghost from Hunt's past on their trail. Joined by new allies and armed with the means to shut the Entity down for good, Hunt is in a race against time to prevent the world as we know it from changing forever.","Action, Thriller, Adventure",2025,0.6597812879708383,0.0022000018333348612,0.0407168218654087,2025.0,0.9886363636363636,0.561163424829245,Medium,170.0,1,2.83
571756,Leberkäsjunkie,movie,6.933,105.0,21.6049,2019-08-01,"While dealing with a burnt-down house, smelly diapers and brutal lack of sleep, a Lower Bavarian police officer faces his worst adversary: cholesterol.","Comedy, Crime",2019,0.6273390036452005,8.666673888894908e-05,0.0334471070200612,2019.0,0.9204545454545454,0.5270979651161105,Medium,93.0,1,1.55
1646787,Sundutan,movie,4.0,1.0,27.5659,2026-03-06,"A hole on the wall accidentally connects two women emotionally and physically. Forbidden love, greed, betrayal... what lies beyond the hole? And for how long can they keep covering it up?",Drama,2026,0.2709599027946537,0.0,0.0483932235245505,2026.0,1.0,0.40838396111786146,Medium,70.0,1,1.17
1317672,Love Me Love Me,movie,5.555,173.0,22.1523,2026-02-12,"After her brother's death, June moves to Milan for a fresh start, finding comfort in Will, the perfect honor student at her new international school. But when his troubled best friend James—hiding a dangerous life in clandestine MMA fights—sparks a rivalry that quickly turns into irresistible attraction, June must choose between safety and a love that upends everything she thought she wanted.","Romance, Drama",2026,0.45990279465370587,0.0001433334527778773,0.0348196123336927,2026.0,1.0,0.4840041178973157,Medium,99.0,1,1.65
1095885,SHARE?,movie,5.5,22.0,21.6862,2023-11-10,"A man awakens stripped of all of his possessions and trapped in a bare room. Aided by a primitive computer, he must learn to survive in his new isolated existence where entertainment is the only currency.","Thriller, Sci-Fi",2023,0.45321992709599024,1.7500014583345485e-05,0.033650951890354,2023.0,0.9659090909090909,0.4710659481154984,Medium,80.0,1,1.33
1197306,A Working Man,movie,6.687,1815.0,22.6058,2025-03-26,"Levon Cade left behind a decorated military career in the black ops to live a simple life working construction. But when his boss's daughter, who is like family to him, is taken by human traffickers, his search to bring her home uncovers a world of corruption far greater than he ever could have imagined.","Action, Crime, Thriller",2025,0.5974483596597813,0.0015116679263899387,0.0359566805831116,2025.0,0.9886363636363636,0.5360237533327386,Medium,116.0,1,1.93
1007734,Nobody 2,movie,6.966,1345.0,25.2754,2025-08-13,"Former assassin Hutch Mansell takes his family on a nostalgic vacation to a small-town theme park, only to be pulled back into violence when they clash with a corrupt operator, a crooked sheriff, and a ruthless crime boss.","Action, Thriller",2025,0.6313487241798298,0.001120000933334111,0.0426502139869674,2025.0,0.9886363636363636,0.5494663990428412,Medium,89.0,1,1.48
1396888,Celestina: Burlesk Dancer,movie,3.0,4.0,27.5649,2024-12-04,"Set in the Philippines during the 1940's, Celestina is a story about a woman, a burlesk dancer, who struggles to provide for her family while her husband is a gambling and womanizing drunkard. Despite the hardships, Celestina perseveres and finds strength in her love for her son.","Drama, Romance",2024,0.14945321992709598,2.5000020833350695e-06,0.0483907162075727,2024.0,0.9772727272727273,0.3529638561532816,Low,119.0,1,1.98
795615,The Feast,movie,5.7,85.0,20.2037,2021-11-19,"A wealthy family hosts a sumptuous dinner, only for a mysterious young server to chillingly unravel their lives with terrifying consequences they could never see coming.","Horror, Thriller",2021,0.4775212636695018,7.000005833338194e-05,0.0299338544708094,2021.0,0.9431818181818182,0.4739840509398462,Medium,13.0,1,0.22
36304,Village of Dreams,movie,5.9,10.0,32.9027,1996-07-13,"Tells of the childhood of two nine-year-old twins in a rural village in Japan after World War 2. Includes the boys relationships with their schoolteacher mother, civil servant father, elderly landlord, a rough new boy at the school, and three mysterious spirits in the form of old women.","Family, Drama",1996,0.5018226002430134,7.500006250005208e-06,0.0617742727715154,1996.0,0.6590909090909091,0.3984585628263531,Low,112.0,1,1.87
671,Harry Potter and the Philosopher's Stone,movie,7.898,29269.0,22.1749,2001-11-16,"Harry Potter has lived under the stairs at his aunt and uncle's house his whole life. But on his 11th birthday, he learns he's a powerful wizard—with a place waiting for him at the Hogwarts School of Witchcraft and Wizardry. As he learns to harness his newfound powers with the help of the school's kindly headmaster, Harry uncovers the truth about his parents' deaths—and about the villain who's to blame.","Adventure, Fantasy",2001,0.7445929526123937,0.02439002032501694,0.0348762776973904,2001.0,0.7159090909090909,0.5199269144151899,Medium,152.0,1,2.53
475557,Joker,movie,8.1,27430.0,21.1055,2019-10-01,"During the 1980s, a failed stand-up comedian is driven insane and turns to a life of crime and chaos in Gotham City while becoming an infamous psychopathic crime figure.","Crime, Thriller, Drama",2019,0.7691373025516403,0.02285751904793254,0.0321949529213627,2019.0,0.9204545454545454,0.5906485403713995,Medium,122.0,1,2.03
13,Forrest Gump,movie,8.463,29385.0,21.9799,1994-06-23,"A man with a low IQ has accomplished great things in his life and been present during significant historic events—in each case, far exceeding what anyone imagined he could do. But despite all he has achieved, his one true love eludes him.","Comedy, Drama, Romance",1994,0.8132442284325637,0.02448668707223923,0.0343873508867251,1994.0,0.6363636363636364,0.5235527884037882,Medium,142.0,1,2.37
950387,A Minecraft Movie,movie,6.3,2855.0,22.8462,2025-03-31,"Four misfits find themselves struggling with ordinary problems when they are suddenly pulled through a mysterious portal into the Overworld: a bizarre, cubic wonderland that thrives on imagination. To get back home, they'll have to master this world while embarking on a magical quest with an unexpected, expert crafter, Steve.","Family, Fantasy, Comedy, Adventure",2025,0.5504252733900363,0.0023783353152794294,0.0365594395845676,2025.0,0.9886363636363636,0.5174745190415074,Medium,101.0,1,1.68
424,Schindler's List,movie,8.6,17219.0,18.7747,1993-12-15,The true story of how businessman Oskar Schindler saved over a thousand Jewish lives from the Nazis while they worked as slaves in his factory during World War II.,"Drama, History, War",1993,0.8298906439854191,0.014348345290287742,0.0263508985095755,1993.0,0.625,0.523760761181254,Medium,195.0,1,3.25
1087192,How to Train Your Dragon,movie,7.929,2672.0,21.9193,2025-06-06,"On the rugged isle of Berk, where Vikings and dragons have been bitter enemies for generations, Hiccup stands apart, defying centuries of tradition when he befriends Toothless, a feared Night Fury dragon. Their unlikely bond reveals the true nature of dragons, challenging the very foundations of Viking society.","Fantasy, Family, Action, Adventure",2025,0.748359659781288,0.0022258351881959903,0.0342354074778722,2025.0,0.9886363636363636,0.5966025235598831,Medium,125.0,1,2.08
129,Spirited Away,movie,8.534,18073.0,25.2324,2001-07-20,"A young girl, Chihiro, becomes trapped in a strange new world of spirits. When her parents undergo a mysterious transformation, she must call upon the courage she never knew she had to free her family.","Animation, Family, Fantasy",2001,0.8218712029161604,0.015060012550010458,0.0425423993569233,2001.0,0.7159090909090909,0.5480392122041946,Medium,125.0,1,2.08
533535,Deadpool & Wolverine,movie,7.6,8373.0,23.1756,2024-07-24,"A listless Wade Wilson toils away in civilian life with his days as the morally flexible mercenary, Deadpool, behind him. But when his homeworld faces an existential threat, Wade must reluctantly suit-up again with an even more reluctant Wolverine.","Action, Comedy, Sci-Fi",2024,0.7083839611178615,0.0069766724805604,0.0373853497970452,2024.0,0.9772727272727273,0.5786284043731309,Medium,108.0,1,1.8
603,The Matrix,movie,8.2,27526.0,23.4369,1999-03-31,"Set in the 22nd century, The Matrix tells the story of a computer hacker who joins a group of underground insurgents fighting the vast and powerful computers who now rule the earth.","Action, Sci-Fi",1999,0.7812879708383961,0.02293751911459926,0.0380405117233366,1999.0,0.6931818181818182,0.5273509895242837,Medium,136.0,1,2.27
808,Shrek,movie,7.758,18498.0,23.743,2001-05-18,"It ain't easy bein' green -- especially if you're a likable (albeit smelly) ogre named Shrek. On a mission to retrieve a gorgeous princess from the clutches of a fire-breathing dragon, Shrek teams up with an unlikely compatriot -- a wisecracking donkey.","Animation, Comedy, Fantasy, Adventure, Family",2001,0.7275820170109355,0.01541417951181626,0.0388080014502321,2001.0,0.7159090909090909,0.5104297879306463,Medium,90.0,1,1.5
468816,The Rising Hawk,movie,5.859,145.0,14.6275,2019-10-10,"During the 13th century, a small village fights for freedom in the frontier landscape of the Carpathian Mountains against Mongolian invaders.","Action, History, Drama",2019,0.4968408262454435,0.00012000010000008333,0.0159525535393662,2019.0,0.9204545454545454,0.47490869416454107,Medium,110.0,1,1.83
337170,American Made,movie,6.9,4903.0,59.6098,2017-08-18,"The true story of pilot Barry Seal, who transported contraband for the CIA and the Medellin cartel in the 1980s.","Action, Comedy, Crime, Drama",2017,0.6233292831105711,0.004085003404169504,0.1287374380285267,2017.0,0.8977272727272727,0.5198753960836611,Medium,115.0,1,1.92
76600,Avatar: The Way of Water,movie,7.6,13844.0,23.4147,2022-12-14,"Set more than a decade after the events of the first film, learn the story of the Sully family (Jake, Neytiri, and their kids), the trouble that follows them, the lengths they go to keep each other safe, the battles they fight to stay alive, and the tragedies they endure.","Action, Adventure, Sci-Fi",2022,0.7083839611178615,0.011535842946535788,0.0379848492864301,2022.0,0.9545454545454546,0.5731779736947418,Medium,192.0,1,3.2
1223601,Sisu: Road to Revenge,movie,7.318,603.0,22.4607,2025-10-21,"Returning to the house where his family was brutally murdered during the war, ""the man who refuses to die"" dismantles it, loads it on a truck, and is determined to rebuild it somewhere safe in their honor. When the commander who killed his family comes back hellbent on finishing the job, a relentless, eye-popping cross-country chase ensues.","Action, War",2025,0.6741190765492102,0.0005016670847225706,0.0355928688896371,2025.0,0.9886363636363636,0.56638903983601,Medium,89.0,1,1.48
1175942,The Bad Guys 2,movie,7.7,705.0,21.8071,2025-07-24,"The now-reformed Bad Guys are trying (very, very hard) to be good, but instead find themselves hijacked into a high-stakes, globe-trotting heist, masterminded by a new team of criminals they never saw coming: The Bad Girls.","Family, Comedy, Crime, Adventure, Animation",2025,0.7205346294046172,0.000586667155555963,0.0339540865129664,2025.0,0.9886363636363636,0.5849807609994228,Medium,104.0,1,1.73
1310568,Murder at the Embassy,movie,5.8,37.0,20.3019,2025-11-14,"1934. Private detective Miranda Green investigates a murder perpetrated in the British Embassy in Cairo, where a top secret document was stolen, risking to jeopardize both Buckingham Palace and the peace of the world. All those present in this closed place are suspected: the American photographer, the English student, the American actress, the Egyptian security guard, the ambassador interpreter, the Egyptian gardener and - why not? — the Ambassador himself. But who would have expected that a small group of Nazis would be behind a plot, risking to jeopardize both Buckingham Palace and the peace of the world?","Mystery, Thriller, Action",2025,0.48967193195625747,3.0000025000020833e-05,0.0301800729980264,2025.0,0.9886363636363636,0.4924686818809121,Medium,90.0,1,1.5
872585,Oppenheimer,movie,8.033,11486.0,21.3415,2023-07-19,The story of J. Robert Oppenheimer's role in the development of the atomic bomb during World War II.,"Drama, History",2023,0.7609963547995139,0.009570841309034425,0.0327866797281165,2023.0,0.9659090909090909,0.5970425215852432,Medium,181.0,1,3.02
950396,The Gorge,movie,7.618,3509.0,22.5284,2025-02-13,"Two highly trained operatives grow close from a distance after being sent to guard opposite sides of a mysterious gorge. When an evil below emerges, they must work together to survive what lies within.","Romance, Sci-Fi, Thriller",2025,0.7105710814094776,0.0029233357694464744,0.0357626142490322,2025.0,0.9886363636363636,0.5816963423855341,Medium,128.0,1,2.13
1401281,The Testament of Ann Lee,movie,6.66,75.0,17.422,2025-12-25,"Ann Lee, the founding leader of the Shaker Movement, proclaimed as the female Christ by her followers. Depicts her establishment of a utopian society and the Shakers’ worship through song and dance, based on real events.","History, Drama, Music",2025,0.5941676792223572,6.166671805559838e-05,0.0229592508337455,2025.0,0.9886363636363636,0.5342764807952687,Medium,137.0,1,2.28
1555951,Salikmata,movie,3.333,3.0,18.4939,2025-10-22,"In a remote town full of secrets and mysteries, a young man faces controversy after his secret relationship with a politician’s daughter is exposed. He must confront harsh consequences filled with deception, revenge, and unexplained events.",Thriller,2025,0.1899149453219927,1.666668055556713e-06,0.0256468439022176,2025.0,0.9886363636363636,0.3725573872201228,Low,75.0,1,1.25
507244,Afterburn,movie,6.359,223.0,20.6249,2025-08-20,"Set against the backdrop of a postapocalyptic Earth whose Eastern Hemisphere was destroyed by a massive solar flare, leaving what life remains mutated from radiation and fallout. The story revolves around a group of treasure hunters who extract such objects as the Mona Lisa, the Rosetta Stone and the Crown Jewels while facing rival hunters, mutants and pirates.","Action, Sci-Fi, Comedy",2025,0.5575941676792224,0.00018500015416679513,0.0309899363818463,2025.0,0.9886363636363636,0.5196840762088482,Medium,106.0,1,1.77
639988,No Other Choice,movie,7.561,829.0,22.1998,2025-09-24,"After being laid off and humiliated by a ruthless job market, a veteran paper mill manager descends into violence in a desperate bid to reclaim his dignity.","Comedy, Crime, Thriller",2025,0.7036452004860267,0.0006900005750004792,0.0349387098901368,2025.0,0.9886363636363636,0.5782559894578199,Medium,140.0,1,2.33
1406657,Scarlet,movie,6.286,28.0,21.7506,2025-11-21,"After failing to avenge her father's murder, Princess Scarlet, wakes up in the ""Land of the Dead."" In this world filled with madness, if she does not achieve her revenge against her nemesis and reach the ""No End Place,"" she will become ""Void"" and cease to exist. Can Scarlet find a way to live at the end of her endless journey?","Animation, Action, Drama, Sci-Fi",2025,0.5487241798298906,2.2500018750015624e-05,0.0338124231037224,2025.0,0.9886363636363636,0.5160873310284904,Medium,5.0,1,0.08
4232,Scream,movie,7.427,7776.0,22.1785,1996-12-20,"A year after the murder of her mother, a teenage girl is terrorized by a masked killer who targets her and her friends by using scary movies as part of a deadly game.","Crime, Horror, Mystery",1996,0.687363304981774,0.0064791720659767215,0.0348853040385103,1996.0,0.6590909090909091,0.47461634633977534,Medium,112.0,1,1.87
550,Fight Club,movie,8.438,31626.0,21.3871,1999-10-15,"A ticking-time-bomb insomniac and a slippery soap salesman channel primal male aggression into a shocking new form of therapy. Their concept catches on, with underground ""fight clubs"" forming in every town, until an eccentric gets in the way and ignites an out-of-control spiral toward oblivion.","Drama, Thriller",1999,0.8102065613608749,0.026354188628490524,0.0329010133823029,1999.0,0.6931818181818182,0.5399434265874427,Medium,139.0,1,2.32
980477,Ne Zha 2,movie,8.122,622.0,21.368,2025-01-29,"After a catastrophic event leaves their bodies destroyed, Ne Zha and Ao Bing are granted a fragile second chance at life. As tensions rise between the dragon clans and celestial forces, the two must undergo a series of perilous trials that will test their bond, challenge their identities, and decide the fate of both mortals and immortals.","Animation, Fantasy, Adventure, Action",2025,0.7718104495747266,0.0005175004312503594,0.0328531236280274,2025.0,0.9886363636363636,0.6054703390501748,Medium,144.0,1,2.4
1242501,Icefall,movie,6.419,142.0,18.8882,2025-10-16,"A young Indigenous game warden arrests an infamous poacher only to discover that the poacher knows the location of a plane carrying millions of dollars that has crashed in a frozen lake. When a group of criminals and dirty cops are alerted to the poacher’s whereabouts, the warden and the poacher team up to fight back and escape across the treacherous lake before the ice melts.","Action, Crime, Thriller",2025,0.5648845686512757,0.00011750009791674826,0.0266354789865525,2025.0,0.9886363636363636,0.5225799865807944,Medium,99.0,1,1.65
1588846,Ekis,movie,6.25,4.0,19.3227,2025-12-19,"Erik Matti’s classic Ekis gets a bold reboot with an all-girls ensemble led by Angela Morena, Cheena Dizon, and Aliya Raymundo. A crew of female thugs launches a kidnap-for-ransom plot, but when things go wrong, escaping the chaos becomes impossible.",Drama,2025,0.5443499392466586,2.5000020833350695e-06,0.0277249082133937,2025.0,0.9886363636363636,0.5143316347901975,Medium,107.0,1,1.78
372058,Your Name.,movie,8.479,12356.0,20.3149,2016-08-26,"High schoolers Mitsuha and Taki are complete strangers living separate lives. But one night, they suddenly switch places. Mitsuha wakes up in Taki’s body, and he in hers. This bizarre occurrence continues to happen randomly, and the two must adjust their lives around each other.","Animation, Romance, Drama",2016,0.8151883353584446,0.010295841913201594,0.0302126681187375,2016.0,0.8863636363636364,0.5950731776264292,Medium,106.0,1,1.77
44399,Blood and Sand,movie,6.5,65.0,20.0334,1941-05-30,"Bullfighter Juan Gallardo falls for socialite Dona Sol, turning from the faithful Carmen who nevertheless stands by her man as he continues to face real danger in the bullring.","Drama, Romance",1941,0.574726609963548,5.3333377777814815e-05,0.0295068583894951,1941.0,0.03409090909090909,0.24013391672602527,Low,125.0,1,2.08
20304,Never Die Alone,movie,5.5,130.0,13.8932,2004-03-26,A drug kingpin's rise and tragic fall is witnessed vicariously by a reporter who uses the criminal's diary as the basis for his new book.,"Action, Crime, Drama, Thriller",2004,0.45321992709599024,0.00010750008958340799,0.0141114306825894,2004.0,0.75,0.4063202208652711,Medium,88.0,1,1.47
769,GoodFellas,movie,8.452,14113.0,19.0961,1990-09-12,"The true story of Henry Hill, a half-Irish, half-Sicilian Brooklyn kid who is adopted by neighbourhood gangsters at an early age and climbs the ranks of a Mafia family under the guidance of Jimmy Conway.","Drama, Crime",1990,0.8119076549210207,0.011760009800008167,0.0271567501862309,1990.0,0.5909090909090909,0.505563792181138,Medium,145.0,1,2.42
1589891,A Time for Bravery,movie,7.5,84.0,19.3721,2025-12-18,"A psychoanalyst on community service aids an agent shattered by infidelity; together, they will confront danger and discover second chances.","Comedy, Action",2025,0.6962332928311057,6.91667243056036e-05,0.0278487696720955,2025.0,0.9886363636363636,0.575104976240643,Medium,107.0,1,1.78
807,Se7en,movie,8.4,22775.0,24.5942,1995-09-22,"Two homicide detectives are on a desperate hunt for a serial killer whose crimes are based on the ""seven deadly sins"" in this dark and haunting film that takes viewers from the tortured remains of one victim to the next. The seasoned Det. Somerset researches each sin in an effort to get inside the killer's mind, while his novice partner, Mills, scoffs at his efforts to unravel the case.","Crime, Mystery, Thriller",1995,0.8055893074119077,0.018978349148624292,0.0409422296617102,1995.0,0.6477272727272727,0.5222474095275322,Medium,127.0,1,2.12
519182,Despicable Me 4,movie,7.0,3107.0,21.7361,2024-06-20,"Gru and Lucy and their girls—Margo, Edith and Agnes—welcome a new member to the Gru family, Gru Jr., who is intent on tormenting his dad. Gru also faces a new nemesis in Maxime Le Mal and his femme fatale girlfriend Valentina, forcing the family to go on the run.","Family, Comedy, Animation, Sci-Fi, Action",2024,0.6354799513973268,0.0025883354902795754,0.0337760670075447,2024.0,0.9772727272727273,0.5481502993878328,Medium,94.0,1,1.57
88651,Number One Fan,movie,2.333,6.0,13.01,1995-09-26,A movie star is being stalked by a one-night stand.,Thriller,1995,0.06840826245443501,4.166670138891783e-06,0.0118969683278226,1995.0,0.6477272727272727,0.22168273680099748,Low,89.0,1,1.48
240,The Godfather Part II,movie,8.572,13697.0,18.3011,1974-12-20,"In the continuing saga of the Corleone crime family, a young Vito Corleone grows up in Sicily and in 1910s New York. In the 1950s, Michael Corleone attempts to expand the family business into Las Vegas, Hollywood and Cuba.","Drama, Crime",1974,0.8264884568651275,0.01141334284445237,0.0251634331889035,1974.0,0.4090909090909091,0.4567466583266595,Medium,202.0,1,3.37
1497970,Tom and Jerry: Forbidden Compass,movie,5.775,20.0,19.1298,2025-08-02,"During a chase inside a museum, Tom and Jerry find a magical object and end up being transported through time. Lost in a distant era, they will need to work together to find a way back home.","Animation, Comedy, Family, Fantasy, Adventure",2025,0.48663426488456873,1.5833346527788773e-05,0.0272412467683818,2025.0,0.9886363636363636,0.4912493650486949,Medium,104.0,1,1.73
324857,Spider-Man: Into the Spider-Verse,movie,8.4,16963.0,20.8382,2018-12-06,"Struggling to find his place in the world while juggling school and family, Brooklyn teenager Miles Morales is unexpectedly bitten by a radioactive spider and develops unfathomable powers just like the one and only Spider-Man. While wrestling with the implications of his new abilities, Miles discovers a super collider created by the madman Wilson ""Kingpin"" Fisk, causing others from across the Spider-Verse to be inadvertently transported to his dimension.","Animation, Action, Adventure, Sci-Fi",2018,0.8055893074119077,0.014135011779176483,0.0315247470932047,2018.0,0.9090909090909091,0.5992034992257887,Medium,117.0,1,1.95
361743,Top Gun: Maverick,movie,8.154,10671.0,19.705,2022-05-21,"After more than thirty years of service as one of the Navy’s top aviators, and dodging the advancement in rank that would ground him, Pete “Maverick” Mitchell finds himself training a detachment of TOP GUN graduates for a specialized mission the likes of which no living pilot has ever seen.","Action, Drama",2022,0.7756986634264884,0.008891674076395064,0.0286834554939953,2022.0,0.9545454545454546,0.5993106039571503,Medium,131.0,1,2.18
569094,Spider-Man: Across the Spider-Verse,movie,8.333,8352.0,20.1093,2023-05-31,"After reuniting with Gwen Stacy, Brooklyn’s full-time, friendly neighborhood Spider-Man is catapulted across the Multiverse, where he encounters the Spider Society, a team of Spider-People charged with protecting the Multiverse's very existence. But when the heroes clash on how to handle a new threat, Miles finds himself pitted against the other Spiders and must set out on his own to save those he loves most.","Animation, Action, Adventure, Sci-Fi",2023,0.7974483596597813,0.006959172465977055,0.0296971637481079,2023.0,0.9659090909090909,0.610839822876433,Medium,140.0,1,2.33
105,Back to the Future,movie,8.325,21494.0,19.4024,1985-07-03,"Eighties teenager Marty McFly is accidentally sent back in time to 1955, inadvertently disrupting his parents' first meeting and attracting his mother's romantic interest. Marty must repair the damage to history by rekindling his parents' romance and - with the help of his eccentric inventor friend Doc Brown - return to 1985.","Adventure, Comedy, Sci-Fi",1985,0.7964763061968407,0.017910848259040216,0.027924741376522,1985.0,0.5340909090909091,0.4841910496837211,Medium,116.0,1,1.93
10184,He's Just Not That Into You,movie,6.627,3997.0,20.334,2009-02-06,"Have you ever wondered why they said they would call but didn't, or why they don't want to sleep with you anymore, or why your relationship isn't going to the next level? Maybe they're just not that into you. Gigi wants a man who says he'll call her - and actually does - while Alex advises her to stop waiting by the phone. Beth wants a proposal after years of a committed relationship with her boyfriend, Neil, who is just fine with the way things are. Janine's not sure if she can trust her husband, Ben, who can't quite trust himself around Anna. Anna can't decide between the sexy married guy or her straightforward, no-sparks standby, Conor, who can't get over the fact that he can't have her. And Mary, who's found an entire network of loving, supportive men, just needs to find one who's straight.","Comedy, Romance, Drama",2009,0.5901579586877277,0.0033300027750023126,0.0302605578730129,2009.0,0.8068181818181818,0.4791076388530463,Medium,129.0,1,2.15
1429605,F Valentine's Day,movie,6.3,57.0,19.5104,2026-02-12,"Gina hates her Valentine's Day birthday and travels to Greece to prevent her boyfriend's proposal. With help from vacationers Johnny and his sister Mickey, she schemes to delay it – while questioning her relationship.","Romance, Comedy",2026,0.5504252733900363,4.6666705555587964e-05,0.0281955316101212,2026.0,1.0,0.5201841093676812,Medium,95.0,1,1.58
1428862,Firebreak,movie,6.186,86.0,18.6641,2026-02-19,"Little Lide disappears in the forest while her family packs up their home. As a fire breaks out, her mother must race to reach her before the flames do.","Thriller, Drama",2026,0.5365735115431349,7.08333923611603e-05,0.0260735892518341,2026.0,1.0,0.5146506546349623,Medium,72.0,1,1.2
497,The Green Mile,movie,8.505,18957.0,19.1345,1999-12-10,"A supernatural tale set on death row in a Southern prison, where gentle giant John Coffey possesses the mysterious power to heal people's ailments. When the cell block's head guard, Paul Edgecomb, recognizes Coffey's miraculous gift, he tries desperately to help stave off the condemned man's execution.","Fantasy, Drama, Crime",1999,0.8183475091130014,0.015796679830566526,0.0272530311581773,1999.0,0.6931818181818182,0.5400325530489161,Medium,189.0,1,3.15
1267319,Mantis,movie,6.267,150.0,19.6558,2025-09-25,"The secret society of contract killers falls into chaos, unleashing a new breed of assassins. With old rules in ruins, who dares claim the shadows?","Action, Crime, Thriller",2025,0.546415552855407,0.00012416677013897512,0.028560095498689,2025.0,0.9886363636363636,0.5151943802641136,Medium,10.0,1,0.17
181808,Star Wars: The Last Jedi,movie,6.757,16156.0,21.0541,2017-12-13,"Rey develops her newly discovered abilities with the guidance of Luke Skywalker, who is unsettled by the strength of her powers. Meanwhile, the Resistance prepares to do battle with the First Order.","Adventure, Action, Sci-Fi",2017,0.6059538274605103,0.013462511218759349,0.0320660768287053,2017.0,0.8977272727272727,0.5157384661680138,Medium,152.0,1,2.53
1389149,Accused,movie,5.2,56.0,18.9897,2026-02-27,"When a celebrated queer doctor in London is accused of sexual misconduct, her life unravels. Now under a storm of suspicion and scrutiny, her marriage fractures and the truth blurs. Her wife must decide whether to walk away, or fight for the woman the world is turning against.","Thriller, Mystery, Drama",2026,0.41676792223572295,4.583337152780961e-05,0.0268899716597962,2026.0,1.0,0.4667209189057475,Medium,88.0,1,1.47
1205225,Gates of Flesh,movie,5.889,36.0,19.7545,2025-04-08,"A group of friends attempt to escape the city after an outbreak of demon-possessions. The friends seek shelter in an abandoned church, but their plans for escape are ruined when one of them becomes possessed.","Horror, Thriller, Action",2025,0.5004860267314701,2.9166690972242478e-05,0.0288075676843949,2025.0,0.9886363636363636,0.4967940697907888,Medium,120.0,1,2.0
862,Toy Story,movie,8.0,19647.0,19.2973,1995-11-22,"Led by Woody, Andy's toys live happily in his room until Andy's birthday brings Buzz Lightyear onto the scene. Afraid of losing his place in Andy's heart, Woody plots against Buzz. But when circumstances separate Buzz and Woody from their owner, the duo eventually learns to put aside their differences.","Family, Comedy, Animation, Adventure",1995,0.7569866342648846,0.016371680309733593,0.0276612223621583,1995.0,0.6477272727272727,0.5020243396170557,Medium,120.0,1,2.0
1241982,Moana 2,movie,6.998,2979.0,19.2581,2024-11-21,"After receiving an unexpected call from her wayfinding ancestors, Moana journeys alongside Maui and a new crew to the far seas of Oceania and into dangerous, long-lost waters for an adventure unlike anything she's ever faced.","Animation, Adventure, Family, Comedy, Fantasy",2024,0.6352369380315916,0.0024816687347239456,0.0275629355366297,2024.0,0.9772727272727273,0.548021094014872,Medium,120.0,1,2.0
226674,The Adolescent,movie,4.3,12.0,22.9806,1979-01-24,"In the summer of 1939, 13-year-old Marie goes with her parents to visit her grandparents in a small town near Avignon. Marie discovers her femininity and falls for a young Jewish doctor, but he prefers Eva, Marie's mother.",Drama,1979,0.307411907654921,9.166674305561922e-06,0.03689642298638,1979.0,0.4659090909090909,0.26274024033698734,Low,120.0,1,2.0
315635,Spider-Man: Homecoming,movie,7.329,22938.0,21.8508,2017-07-05,"Following the events of Captain America: Civil War, Peter Parker, with the help of his mentor Tony Stark, tries to balance his life as an ordinary high school student in Queens, New York City, with fighting crime as his superhero alter ego Spider-Man as a new threat, the Vulture, emerges.","Action, Adventure, Sci-Fi",2017,0.6754556500607533,0.019114182595152164,0.034063656264895,2017.0,0.8977272727272727,0.5452346966210287,Medium,120.0,1,2.0
1022789,Inside Out 2,movie,7.548,6525.0,19.6219,2024-06-11,"Teenager Riley's mind headquarters is undergoing a sudden demolition to make room for something entirely unexpected: new Emotions! Joy, Sadness, Anger, Fear and Disgust, who’ve long been running a successful operation by all accounts, aren’t sure how to feel when Anxiety shows up. And it looks like she’s not alone.","Animation, Adventure, Comedy, Family",2024,0.7020656136087485,0.005436671197225997,0.0284750974531426,2024.0,0.9772727272727273,0.5756390649844854,Medium,120.0,1,2.0
62201,Shahenshah,movie,6.3,25.0,19.5302,1988-01-29,"Inspector Srivastav is framed by a wily and cunning gangster, J.K., and unable to prove his innocence, hangs himself, leaving behind his wife, and son, Vijay. Years later, Vijay has grown up and has joined the police force as an Inspector. Unlike his dad, he is corrupt and does accept bribes to turn a nelson's eye to crime. The City Police are assigned the task of apprehending a customed man called ""Shahenshah"", who operates at night and targets, tries and kills gangsters in a ""Judge and Executioner ""style. No one knows the real identity of Shahenshah, as he is feared by the police department, and respected by the poor and middle-class.",Action,1988,0.5504252733900363,2.0000016666680556e-05,0.028245176486281,1988.0,0.5681818181818182,0.39063065481556003,Low,180.0,1,3.0
1317149,I Swear,movie,8.3,121.0,19.2965,2025-09-22,"Diagnosed with Tourette Syndrome at 15, John Davidson navigates his way against the odds through troubled teenage years and into adulthood, finding inspiration in the kindness of others to discover his true purpose in life.",Drama,2025,0.793438639125152,0.00010000008333340278,0.0276592165085761,2025.0,0.9886363636363636,0.6139963647659699,Medium,121.0,1,2.02
991708,El Conde,movie,6.157,338.0,60.0822,2023-09-07,"After living for over two centuries, Augusto Pinochet is a vampire ready to die… but the vultures around him won't let him go without one last bite.","Fantasy, Comedy, Horror",2023,0.5330498177399757,0.00028083356736130613,0.1299218945688254,2023.0,0.9659090909090909,0.503076904438926,Medium,120.0,1,2.0
1184918,The Wild Robot,movie,8.3,5815.0,18.5279,2024-09-12,"After a shipwreck, an intelligent robot called Roz is stranded on an uninhabited island. To survive the harsh environment, Roz bonds with the island's animals and cares for an orphaned baby goose.","Animation, Sci-Fi, Family, Adventure",2024,0.793438639125152,0.004845004037503365,0.0257320926794618,2024.0,0.9772727272727273,0.61201077504313,Medium,120.0,1,2.0
1032892,In the Blink of an Eye,movie,5.093,75.0,18.2995,2026-01-26,"Three storylines, spanning thousands of years, intersect and reflect on hope, connection, and the circle of life.","Sci-Fi, Drama",2026,0.4037667071688943,6.166671805559838e-05,0.025159421481739,2026.0,1.0,0.4615251828829744,Medium,120.0,1,2.0
615457,Nobody,movie,7.9,8134.0,15.9997,2021-03-18,"Hutch Mansell, a suburban dad, overlooked husband, nothing neighbor — a ""nobody."" When two thieves break into his home one night, Hutch's unknown long-simmering rage is ignited and propels him on a brutal path that will uncover dark secrets he fought to leave behind.","Action, Thriller",2021,0.7448359659781288,0.006777505647921373,0.0193930938962627,2021.0,0.9431818181818182,0.5829221835401734,Medium,120.0,1,2.0
1321179,The King's Warden,movie,7.5,6.0,18.4951,2026-02-04,"In a remote mountain village of 15th-century Joseon, humble headman Heung-do hears a rumor that any village hosting an exiled nobleman will be blessed with abundance and fortune. Hoping to bring prosperity to his impoverished community, he eagerly submits a petition to host one—unaware that his guest is none other than the fallen monarch, deposed boy-king Danjong.","History, Drama",2026,0.6962332928311057,4.166670138891783e-06,0.0256498526825909,2026.0,1.0,0.578494567133484,Medium,120.0,1,2.0
552524,Lilo & Stitch,movie,7.203,2072.0,20.6837,2025-05-17,The wildly funny and touching story of a lonely Hawaiian girl and the fugitive alien who helps to mend her broken family.,"Family, Sci-Fi, Comedy",2025,0.660145808019441,0.0017258347715289762,0.0311373666201392,2025.0,0.9886363636363636,0.5611669827301442,Medium,120.0,1,2.0
773543,Fib the Truth,movie,5.7,86.0,18.5086,2021-09-09,"A couple in love spends time away from civilization, but the sudden arrivals of the younger sister and then the girl's ex-boyfriend violate the country idyll.","Drama, Thriller",2021,0.4775212636695018,7.08333923611603e-05,0.0256837014617908,2021.0,0.9431818181818182,0.4739843009400545,Medium,120.0,1,2.0
8587,The Lion King,movie,8.252,19470.0,18.2515,1994-06-15,"Young lion prince Simba, eager to one day become king of the Pride Lands, grows up under the watchful eye of his father Mufasa; all the while his villainous uncle Scar conspires to take the throne for himself. Amid betrayal and tragedy, Simba must confront his past and find his rightful place in the Circle of Life.","Family, Animation, Drama, Adventure",1994,0.7876063183475092,0.016224180186816824,0.0250390702668061,1994.0,0.6363636363636364,0.5108188723041396,Medium,120.0,1,2.0
216015,Fifty Shades of Grey,movie,5.872,12292.0,18.9639,2015-02-11,"When college senior Anastasia Steele steps in for her sick roommate to interview prominent businessman Christian Grey for their campus paper, little does she realize the path her life will take. Christian, as enigmatic as he is rich and powerful, finds himself strangely drawn to Ana, and she to him. Though sexually inexperienced, Ana plunges headlong into an affair -- and learns that Christian's true sexual proclivities push the boundaries of pain and pleasure.","Drama, Romance, Thriller",2015,0.4984204131227218,0.010242508535423779,0.0268252828817697,2015.0,0.875,0.4649409178097159,Medium,120.0,1,2.0
350,The Devil Wears Prada,movie,7.387,12835.0,19.1185,2006-06-29,"A young woman from the Midwest gets more than she bargained for when she moves to New York to become a writer and ends up as the assistant to the tyrannical, larger-than-life editor-in-chief of a major fashion magazine.","Drama, Comedy",2006,0.6825030376670715,0.010695008912507428,0.027212914086533,2006.0,0.7727272727272727,0.5080278995587626,Medium,120.0,1,2.0
965890,Vincent Must Die,movie,6.2,207.0,17.3985,2023-11-15,"Vincent finds himself under attack for no apparent reason overnight. When the phenomenon intensifies, he must run and change his way of life completely.","Drama, Fantasy, Thriller, Horror",2023,0.5382746051032806,0.00017166680972234143,0.0229003288847679,2023.0,0.9659090909090909,0.5051340693569563,Medium,109.0,1,1.82
541671,Ballerina,movie,7.25,2412.0,18.5756,2025-06-04,"Taking place during the events of John Wick: Chapter 3 – Parabellum, Eve Macarro begins her training in the assassin traditions of the Ruska Roma.","Action, Thriller, Crime",2025,0.6658566221142163,0.0020091683409736174,0.0258516916993014,2025.0,0.9886363636363636,0.5635363084388877,Medium,125.0,1,2.08
1412646,Kesari Veer,movie,6.667,3.0,15.3971,2025-05-23,"The movie narrates the tale of Hamirji Gohil, a brave warrior who fought against the Tughlaq Empire to protect the Somnath Temple and the Hindu faith.","Action, Drama, History",2025,0.5950182260024302,1.666668055556713e-06,0.0178821846854583,2025.0,0.9886363636363636,0.5345986994922978,Medium,161.0,1,2.68
93462,Who's the Caboose?,movie,4.5,9.0,12.1457,1997-04-10,"A documentary team gets a grant to do a film on a rare fatal disease that is attacking homeless people. However, they quickly find the film too depressing. Ducking into a nightclub, they discover a young Manhattan comedienne and decide instead to follow her as she makes the circuit of auditions in L.A. as she tries to get a TV pilot. Unfortunately, she has failed to tell her boyfriend of this move. He decides he will trail her out west. There, the boyfriend runs into an old friend who has already made a break on a TV pilot. Seizing the opportunity, the actress turns her attentions to the established actor. However, the actress goes nowhere in auditions, but her ex-boyfriend is suddenly noticed and becomes the next hot prospect.","Comedy, Romance, Drama",1997,0.33171324422843257,6.666672222226852e-06,0.0097298942639357,1997.0,0.6704545454545454,0.33382366132940333,Low,93.0,1,1.55
1252037,The Tank,movie,7.076,377.0,19.5947,2025-09-18,"A German Tiger tank crew is sent on a dangerous mission to rescue the missing officer Paul von Hardenburg from a top-secret bunker behind enemy lines. As they make their way through the lethal no-man's land, they must confront not only the enemy, but also their own fears and inner demons. Fueled by the Wehrmacht's methamphetamine, their mission increasingly becomes a journey into the heart of darkness.","War, Action, Drama",2025,0.644714459295261,0.00031333359444466206,0.0284068984313472,2025.0,0.9886363636363636,0.5545706928873468,Medium,120.0,1,2.0
10138,Iron Man 2,movie,6.851,22156.0,18.4558,2010-04-28,"With the world now aware of his dual life as the armored superhero Iron Man, billionaire inventor Tony Stark faces pressure from the government, the press and the public to share his technology with the military. Unwilling to let go of his invention, Stark, with Pepper Potts and James 'Rhodey' Rhodes at his side, must forge new alliances – and confront powerful enemies.","Adventure, Action, Sci-Fi",2010,0.6173754556500607,0.01846251538542949,0.0255513151253645,2010.0,0.8181818181818182,0.4979434823301986,Medium,124.0,1,2.07
22,Pirates of the Caribbean: The Curse of the Black Pearl,movie,7.82,21978.0,16.885,2003-07-09,"When wily Captain Barbossa steals Jack Sparrow's ship and kidnaps the governor's beautiful daughter, Elizabeth, her childhood friend Will Turner joins forces with Jack to save her and recapture Jack's ship, the Black Pearl.","Adventure, Fantasy, Action",2003,0.7351154313487243,0.01831418192848494,0.0216128216166828,2003.0,0.7386363636363636,0.5211313362089443,Medium,120.0,1,2.0
1469384,Scope,movie,9.5,2.0,13.1472,2025-10-17,"With the help of her therapist, Antonia must find out why she has developed an extreme obsession with circles before it's too late.",Thriller,2025,0.9392466585662211,8.333340277783565e-07,0.0122409722171727,2025.0,0.9886363636363636,0.6722898225176059,Medium,120.0,1,2.0
244786,Whiplash,movie,8.374,16406.0,17.4284,2014-10-10,"Under the direction of a ruthless instructor, a talented young drummer begins to pursue perfection at any cost, even his humanity.","Drama, Music, Thriller",2014,0.8024301336573513,0.013670844725703938,0.0229752976624033,2014.0,0.8636363636363636,0.5841642159715608,Medium,120.0,1,2.0
11,Star Wars,movie,8.201,22053.0,17.5901,1977-05-25,Princess Leia is captured and held hostage by the evil Imperial forces in their effort to take over the galactic Empire. Venturesome Luke Skywalker and dashing captain Han Solo team together with the loveable robot duo R2-D2 and C-3PO to rescue the beautiful princess and restore peace and justice in the Empire.,"Adventure, Action, Sci-Fi",1977,0.7814094775212638,0.018376681980568316,0.0233807308177087,1977.0,0.4431818181818182,0.4510313410572214,Medium,121.0,1,2.02
354912,Coco,movie,8.198,20748.0,17.3302,2017-10-27,"Despite his family’s baffling generations-old ban on music, Miguel dreams of becoming an accomplished musician like his idol, Ernesto de la Cruz. Desperate to prove his talent, Miguel finds himself in the stunning and colorful Land of the Dead following a mysterious chain of events. Along the way, he meets charming trickster Hector, and together, they set off on an extraordinary journey to unlock the real story behind Miguel's family history.","Family, Animation, Music, Adventure",2017,0.781044957472661,0.017289181074317563,0.0227290791351862,2017.0,0.8977272727272727,0.5869229191295415,Medium,120.0,1,2.0
1629382,Street Flow 3,movie,5.5,38.0,18.1373,2026-03-04,"Grieving and facing the consequences of their crimes, the Traoré brothers get one last chance to forge a new path.",Drama,2026,0.45321992709599024,3.083335902779919e-05,0.0247527346679447,2026.0,1.0,0.48129722084610443,Medium,120.0,1,2.0
967941,Wicked: For Good,movie,6.635,880.0,17.4523,2025-11-19,"As an angry mob rises against the Wicked Witch, Glinda and Elphaba will need to come together one final time. With their singular friendship now the fulcrum of their futures, they will need to truly see each other, with honesty and empathy, if they are to change themselves, and all of Oz, for good.","Fantasy, Adventure, Romance",2025,0.5911300121506683,0.0007325006104171753,0.023035222538172,2025.0,0.9886363636363636,0.5332626641343016,Medium,137.0,1,2.28
672,Harry Potter and the Chamber of Secrets,movie,7.704,23340.0,17.7259,2002-11-13,"Cars fly, trees fight back, and a mysterious house-elf comes to warn Harry Potter at the start of his second year at Hogwarts. Adventure and danger await when bloody writing on a wall announces: The Chamber Of Secrets Has Been Opened. To save Hogwarts will require all of Harry, Ron and Hermione's magical abilities and courage.","Adventure, Fantasy",2002,0.7210206561360873,0.01944918287431906,0.0237212244632899,2002.0,0.7272727272727273,0.5124248354985489,Medium,120.0,1,2.0
109445,Frozen,movie,7.2,17419.0,16.8307,2013-11-20,"Young princess Anna of Arendelle dreams about finding true love at her sister Elsa’s coronation. Fate takes her on a dangerous journey in an attempt to end the eternal winter that has fallen over the kingdom. She's accompanied by ice delivery man Kristoff, his reindeer Sven, and snowman Olaf. On an adventure where she will find out what friendship, courage, family, and true love really means.","Animation, Family, Adventure, Fantasy",2013,0.6597812879708383,0.014515012095843414,0.0214766743047899,2013.0,0.8522727272727273,0.5239488369989065,Medium,120.0,1,2.0
1241983,Train Dreams,movie,7.33,857.0,17.7386,2025-11-05,A logger leads a life of quiet grace as he experiences love and loss during an era of monumental change in early 20th-century America.,Drama,2025,0.675577156743621,0.0007133339277782732,0.0237530673889076,2025.0,0.9886363636363636,0.567035771966691,Medium,120.0,1,2.0
28774,Communion,movie,5.31,184.0,16.3107,1989-11-10,A novelist's wife and son see him changed by an apparent encounter with aliens in the mountains.,"Drama, Horror, Sci-Fi, Thriller",1989,0.4301336573511542,0.00015250012708343922,0.0201728694763493,1989.0,0.5795454545454546,0.3459628493422231,Low,120.0,1,2.0
574475,Final Destination Bloodlines,movie,7.052,2706.0,18.0453,2025-05-14,"Plagued by a violent recurring nightmare, college student Stefanie heads home to track down the one person who might be able to break the cycle and save her family from the grisly demise that inevitably awaits them all.","Horror, Mystery",2025,0.6417982989064398,0.0022541685451404544,0.0245220615059898,2025.0,0.9886363636363636,0.5539864792170272,Medium,120.0,1,2.0
429617,Spider-Man: Far From Home,movie,7.396,16755.0,19.659,2019-06-28,"Peter Parker and his friends go on a summer trip to Europe. However, they will hardly be able to rest - Peter will have to agree to help Nick Fury uncover the mystery of creatures that cause natural disasters and destruction throughout the continent.","Action, Adventure, Sci-Fi",2019,0.6835965978128796,0.013961678301398585,0.0285681189130179,2019.0,0.9204545454545454,0.553763506251935,Medium,120.0,1,2.0
1010755,The Strangers: Chapter 3,movie,5.482,57.0,17.5289,2026-02-05,"Tethered by a frightening conclusion, Maya and the Strangers are locked on an unavoidable, unforgiving collision course — a showdown that proves they’re far from strangers now.","Horror, Thriller",2026,0.45103280680437424,4.6666705555587964e-05,0.0232272830186692,2026.0,1.0,0.48042712273341637,Medium,120.0,1,2.0
1035259,The Naked Gun,movie,6.366,1538.0,18.2284,2025-07-30,"Only one man has the particular set of skills... to lead Police Squad and save the world: Lt. Frank Drebin Jr. Following in his father's footsteps, he must solve a murder case to prevent Police Squad from closure.","Action, Comedy, Crime",2025,0.5584447144592952,0.001280834400695334,0.0249811512446196,2025.0,0.9886363636363636,0.5203530451948357,Medium,120.0,1,2.0
504048,Nang Gabing Mamulat Si Eba,movie,2.0,2.0,14.2167,1992-02-09,No description,Romance,1992,0.02794653705953827,8.333340277783565e-07,0.0149225477248981,1992.0,0.6136363636363636,0.19526977391493272,Low,120.0,1,2.0
121,The Lord of the Rings: The Two Towers,movie,8.4,23569.0,17.3335,2002-12-18,"Frodo Baggins and the other members of the Fellowship continue on their sacred quest to destroy the One Ring--but on separate paths. Their destinies lie at two towers--Orthanc Tower in Isengard, where the corrupt wizard Saruman awaits, and Sauron's fortress at Barad-dur, deep within the dark lands of Mordor. Frodo and Sam are trekking to Mordor to destroy the One Ring of Power while Gimli, Legolas and Aragorn search for the orc-captured Merry and Pippin. All along, nefarious wizard Saruman awaits the Fellowship members at the Orthanc Tower in Isengard.","Adventure, Fantasy, Action",2002,0.8055893074119077,0.019640016366680304,0.0227373532812129,2002.0,0.7272727272727273,0.5463095460565853,Medium,179.0,1,2.98
941109,Play Dirty,movie,6.586,581.0,17.9192,2025-09-30,"Expert thief Parker gets a shot at a major heist, but to pull it off he and his team must outsmart a South American dictator, the New York mob, and the world's richest man.","Crime, Action, Thriller",2025,0.585176184690158,0.00048333373611144677,0.024205888835093,2025.0,0.9886363636363636,0.5308063830878057,Medium,120.0,1,2.0
346698,Barbie,movie,6.9,10872.0,19.8535,2023-07-19,"Barbie and Ken are having the time of their lives in the colorful and seemingly perfect world of Barbie Land. However, when they get a chance to go to the real world, they soon discover the joys and perils of living among humans.","Comedy, Adventure",2023,0.6233292831105711,0.009059174215978513,0.0290557920651942,2023.0,0.9659090909090909,0.5418221927817493,Medium,114.0,1,1.9
1038392,The Conjuring: Last Rites,movie,6.899,1693.0,19.2247,2025-09-03,Paranormal investigators Ed and Lorraine Warren take on one last terrifying case involving mysterious entities they must confront.,Horror,2025,0.6232077764277034,0.0014100011750009791,0.0274791911495722,2025.0,0.9886363636363636,0.5462970200144908,Medium,120.0,1,2.0
157363,The Magic Treasure,movie,2.0,1.0,17.9169,2006-09-23,"A gentle giant lives in a small village and has a beautiful flower garden where the children of the town play. In the giant's house rests a small treasure box. Every so often, the giant, asks the children a riddle, ""What do you think is the one thing that makes people so very special?"" If one of the children answers correctly the giant's magic treasure box will open. As time goes on one of the giants favorite children, Hans, gives the box to a greedy wizard. The giant goes after the box and brings it back as Hans learns an important lesson which suddenly opens the box.","Animation, Fantasy",2006,0.02794653705953827,0.0,0.0242001220060441,2006.0,0.7727272727272727,0.2429967966419971,Low,120.0,1,2.0
414906,The Batman,movie,7.7,11702.0,17.4107,2022-03-01,"In his second year of fighting crime, Batman uncovers corruption in Gotham City that connects to his own family while facing a serial killer known as the Riddler.","Crime, Mystery, Thriller",2022,0.7205346294046172,0.00975084145903455,0.0229309181518967,2022.0,0.9545454545454546,0.5775027405631936,Medium,177.0,1,2.95
286687,Love Lesson,movie,6.8,42.0,19.1474,2013-12-05,"Korea's most popular song writer Hee-soo runs into a nineteen-year-old boy in the elevator. Hee-soo is inspired by a new song watching him shake at her figure. She starts to tell him about women under the excuse that she's teaching him music. They fall for each other but things get complicated when her life teacher, Joon-ho who taught her about life and music comes back.","Romance, Drama, Comedy",2013,0.6111786148238152,3.4166695138912616e-05,0.0272853755471905,2013.0,0.8522727272727273,0.5001635141198859,Medium,120.0,1,2.0
1429738,Tee Yai: Born to Be Bad,movie,5.3,45.0,17.5475,2025-11-12,"In 1980s Bangkok, a wily thief stages a series of daring heists, baffling the authorities and the public — until one cop sets out to take him down.","Crime, Action, Drama",2025,0.4289185905224787,3.666669722224769e-05,0.0232739191144557,2025.0,0.9886363636363636,0.4681693453090673,Medium,120.0,1,2.0
299534,Avengers: Endgame,movie,8.235,27377.0,19.4282,2019-04-24,"After the devastating events of Avengers: Infinity War, the universe is in ruins due to the efforts of the Mad Titan, Thanos. With the help of remaining allies, the Avengers must assemble once more in order to undo Thanos' actions and restore order to the universe once and for all, no matter what consequences may be in store.","Adventure, Sci-Fi, Action",2019,0.7855407047387606,0.02281335234446029,0.0279894301545485,2019.0,0.9204545454545454,0.597196651235206,Medium,181.0,1,3.02
939243,Sonic the Hedgehog 3,movie,7.618,3176.0,19.4509,2024-12-19,"Sonic, Knuckles, and Tails reunite against a powerful new adversary, Shadow, a mysterious villain with powers unlike anything they have faced before. With their abilities outmatched in every way, Team Sonic must seek out an unlikely alliance in hopes of stopping Shadow and protecting the planet.","Action, Sci-Fi, Comedy, Family",2024,0.7105710814094776,0.002645835538196282,0.0280463462499439,2024.0,0.9772727272727273,0.5782040014070681,Medium,120.0,1,2.0
1357633,Solo Leveling -ReAwakening-,movie,7.101,262.0,17.9121,2024-11-26,"Over a decade after 'gates' connecting worlds appeared, awakening 'hunters' with superpowers, weakest hunter Sung Jinwoo encounters a double dungeon and accepts a mysterious quest, becoming the only one able to level up, changing his fate. A catch-up recap of the first season coupled with an exclusive sneak peek of the first two episodes of the highly anticipated second season in one momentous theatrical fan experience.","Action, Adventure, Fantasy, Animation",2024,0.6477521263669501,0.00021750018125015104,0.0241880868845508,2024.0,0.9772727272727273,0.5523479187829732,Medium,120.0,1,2.0
1156594,Our Fault,movie,7.371,631.0,18.8183,2025-10-15,"Jenna and Lion's wedding brings about the long-awaited reunion between Noah and Nick after their breakup. Nick's inability to forgive Noah stands as an insurmountable barrier. He, heir to his grandfather's businesses, and she, starting her professional life, resist fueling a flame that's still alive. But now that their paths have crossed again, will love be stronger than resentment?","Romance, Drama",2025,0.6805589307411908,0.0005250004375003646,0.0264602175298063,2025.0,0.9886363636363636,0.5689719815186355,Medium,120.0,1,2.0
982843,The Great Flood,movie,5.986,625.0,18.2723,2025-09-18,"When a raging flood traps a researcher and her young son, a call to a crucial mission puts their escape — and the future of humanity — on the line.","Sci-Fi, Adventure, Drama",2025,0.5122721749696232,0.0005200004333336944,0.0250912224599437,2025.0,0.9886363636363636,0.5016557792087585,Medium,107.0,1,1.78
218,The Terminator,movie,7.7,14373.0,16.5793,1984-10-26,"In the post-apocalyptic future, reigning tyrannical supercomputers teleport a cyborg assassin known as the ""Terminator"" back to 1984 to kill Sarah Connor, whose unborn son is destined to lead insurgents against 21st century mechanical hegemony. Meanwhile, the human-resistance movement dispatches a lone warrior to safeguard Sarah. Can he stop the virtually indestructible killing machine?","Action, Thriller, Sci-Fi",1984,0.7205346294046172,0.011976676647230539,0.0208463348165784,1984.0,0.5227272727272727,0.44862503657419783,Medium,120.0,1,2.0
1726,Iron Man,movie,7.656,27858.0,18.2951,2008-04-30,"After being held captive in an Afghan cave, billionaire engineer Tony Stark creates a unique weaponized suit of armor to fight evil.","Action, Sci-Fi, Adventure",2008,0.7151883353584446,0.023214186011821677,0.0251483892870368,2008.0,0.7954545454545454,0.531675953583288,Medium,120.0,1,2.0
101,Léon: The Professional,movie,8.295,15875.0,18.1542,1994-09-14,"Léon, the top hit man in New York, has earned a rep as an effective ""cleaner"". But when his next-door neighbors are wiped out by a loose-cannon DEA agent, he becomes the unwilling custodian of 12-year-old Mathilda. Before long, Mathilda's thoughts turn to revenge, and she considers following in Léon's footsteps.","Crime, Drama, Action",1994,0.792831105710814,0.013228344356953631,0.024795108324869,1994.0,0.6363636363636364,0.5120100365005026,Medium,120.0,1,2.0
318572,Aambala,movie,5.5,23.0,17.0431,2015-01-15,"Three brothers return to their native village to mend the relationship between their estranged father and his sisters. However, to unite the family, the brothers are told to marry their cousins.","Action, Comedy, Family",2015,0.45321992709599024,1.8333348611123844e-05,0.0220092284308683,2015.0,0.875,0.44379347084297943,Medium,120.0,1,2.0
986056,Thunderbolts*,movie,7.29,3303.0,15.7521,2025-04-30,"After finding themselves ensnared in a death trap, seven disillusioned castoffs must embark on a dangerous mission that will force them to confront the darkest corners of their pasts.","Action, Sci-Fi, Adventure",2025,0.6707168894289185,0.002751668959724133,0.0187722822125668,2025.0,0.9886363636363636,0.5657031655503937,Medium,120.0,1,2.0
1375831,Diabolic,movie,6.688,32.0,17.7338,2025-11-20,"A woman's hope for a miracle cure turns into a nightmare when she confronts the vengeful spirit of a cursed witch, determined to claim her as a vessel for her evil power.",Horror,2025,0.5975698663426487,2.5833354861129053e-05,0.0237410322674143,2025.0,0.9886363636363636,0.5356266056344269,Medium,95.0,1,1.58
11431,Fever Pitch,movie,6.2,750.0,51.7795,2005-04-06,"When Ben Wrightman, a young teacher, begins dating pretty businesswoman Lindsey Meeks, the two don't seem to have a lot of the same interests, but they fall in love, regardless. Their romance goes well until baseball season begins, and Lindsey soon realizes that Ben is completely obsessed with the Boston Red Sox. Though she tries to understand Ben's passionate team loyalty, eventually it threatens to end their otherwise happy relationship.","Romance, Comedy",2005,0.5382746051032806,0.000624167186805989,0.1091043938974913,2005.0,0.7613636363636364,0.4439061831064449,Medium,120.0,1,2.0
411,"The Chronicles of Narnia: The Lion, the Witch and the Wardrobe",movie,7.135,11378.0,16.7384,2005-12-07,"Siblings Lucy, Edmund, Susan and Peter step through a magical wardrobe and find the land of Narnia. There, they discover a charming, once peaceful kingdom that has been plunged into eternal winter by the evil White Witch, Jadis. Aided by the wise and magnificent lion, Aslan, the children lead Narnia into a spectacular, climactic battle to be free of the Witch's glacial powers forever.","Adventure, Family, Fantasy",2005,0.6518833535844472,0.009480841234034362,0.0212452489477417,2005.0,0.7613636363636364,0.49200668471308007,Medium,143.0,1,2.38
150540,Inside Out,movie,7.91,23253.0,15.3832,2015-06-17,"When 11-year-old Riley moves to a new city, her Emotions team up to help her through the transition. Joy, Fear, Anger, Disgust and Sadness work together, but when Joy and Sadness get lost, they must journey through unfamiliar places to get back home.","Animation, Family, Adventure, Drama, Comedy",2015,0.7460510328068044,0.019376682813902344,0.0178473329794673,2015.0,0.875,0.5667334179668925,Medium,120.0,1,2.0
14836,Coraline,movie,7.9,8824.0,17.1604,2009-02-05,"Wandering her rambling old house in her boring new town, 11-year-old Coraline discovers a hidden door to a strangely idealized version of her life. In order to stay in the fantasy, she must make a frighteningly real sacrifice.","Animation, Family, Fantasy",2009,0.7448359659781288,0.00735250612708844,0.0223033367123608,2009.0,0.8068181818181818,0.5421855927748326,Medium,120.0,1,2.0
385687,Fast X,movie,7.002,6237.0,17.2384,2023-05-17,"Over many missions and against impossible odds, Dom Toretto and his family have outsmarted, out-nerved and outdriven every foe in their path. Now, they confront the most lethal opponent they've ever faced: A terrifying threat emerging from the shadows of the past who's fueled by blood revenge, and who is determined to shatter this family and destroy everything—and everyone—that Dom loves, forever.","Action, Crime, Thriller",2023,0.6357229647630619,0.005196670997225831,0.0224989074366269,2023.0,0.9659090909090909,0.5456209144771198,Medium,142.0,1,2.37
8966,Twilight,movie,6.28,14265.0,17.8808,2008-11-20,"When Bella Swan moves to a small town in the Pacific Northwest, she falls in love with Edward Cullen, a mysterious classmate who reveals himself to be a 108-year-old vampire. Despite Edward's repeated cautions, Bella can't stay away from him, a fatal move that endangers her own life.","Fantasy, Drama, Romance",2008,0.5479951397326852,0.011886676572230477,0.0241096078631466,2008.0,0.7954545454545454,0.46140042250110685,Medium,120.0,1,2.0
1078023,The King of Snipers,movie,5.6,10.0,18.6316,2023-01-24,"The genius sniper Anna is forced to accept an assassination assignment. In the process, she gradually finds her true calling to fight for kindness and to defend a greater love. Tai, a special agent for the UN army, stands up for justice when drug lords try to harm innocent citizens. The two join forces to block the bill to legalize drug cultivation and distribution in Libiwala. They fight to the death with the drug lord Luo Jie and eventually foil his plans, protecting the people from the drugs. This is the exciting story of them working together to save a nation.","Action, Crime, Comedy, War",2023,0.465370595382746,7.500006250005208e-06,0.0259921014500566,2023.0,0.9659090909090909,0.4759232154277007,Medium,120.0,1,2.0
1328803,Prisoner of War,movie,7.1,160.0,16.8448,2025-09-19,British RAF Wing Commander James Wright is captured by the Japanese during WWII and forced to fight in brutal hand-to-hand combat. The Japanese soldiers get more than they bargained for when Wright’s years of martial arts training in Hong Kong prove him to be a formidable opponent.,"Action, War, Thriller, History",2025,0.6476306196840826,0.00013250011041675869,0.0215120274741765,2025.0,0.9886363636363636,0.5556829069976672,Medium,113.0,1,1.88
1835,"Farewell, My Lovely",movie,6.623,179.0,16.454,1975-08-08,"Private eye Philip Marlowe is hired by ex-con Moose Malloy to find his girlfriend, a former lounge dancer. While also investigating the murder of a client and the theft of a jade necklace, Marlowe becomes entangled with seductress Helen Grayle and discovers a web of dark secrets that are better left hidden.","Crime, Mystery, Thriller",1975,0.5896719319562576,0.00014833345694454744,0.0205321679992638,1975.0,0.42045454545454547,0.36204963645595,Low,120.0,1,2.0
1489187,You Drive Me Crazy,movie,8.2,8.0,18.8553,2025-10-09,"Alisa moves into a spacious apartment in St. Petersburg, where the mirror starts to malfunction, showing the young lodger a parallel reality of the same apartment. Only it is not Alisa who lives in this parallel reality, but the party animal Ivan. Will the young people be able to recognize true love and will they be able to unite their worlds in order to meet in reality and simply touch each other?","Comedy, Romance, Fantasy",2025,0.7812879708383961,5.8333381944484954e-06,0.0265529882579838,2025.0,0.9886363636363636,0.6091078474277258,Medium,120.0,1,2.0
4935,Howl's Moving Castle,movie,8.387,10895.0,16.818,2004-09-09,"Sophie, a young milliner, is turned into an elderly woman by a witch who enters her shop and curses her. She encounters a wizard named Howl and gets caught up in his resistance to fighting for the king.","Fantasy, Animation, Adventure",2004,0.8040097205346295,0.009078340898617416,0.0214448313791722,2004.0,0.75,0.549327390483437,Medium,119.0,1,1.98
1631485,Strangers in the Park,movie,6.219,16.0,16.2552,2026-02-19,"A former communist militant and a ""live and let live"" man form an unlikely friendship on a park bench, sharing their life stories with humor and heart.","Comedy, Drama",2026,0.5405832320777643,1.2500010416675347e-05,0.020033713384083,2026.0,1.0,0.5162370428342307,Medium,115.0,1,1.92
1243460,Joe's College Road Trip,movie,5.727,55.0,16.0973,2026-02-12,"To teach his sheltered grandson about the real world, Madea's foul-mouthed brother Joe takes the college-bound teen on a raucous cross-country road trip.",Comedy,2026,0.4808019441069259,4.500003750003125e-05,0.0196378080332931,2026.0,1.0,0.4923342776540204,Medium,120.0,1,2.0
122917,The Hobbit: The Battle of the Five Armies,movie,7.332,15185.0,16.1463,2014-12-10,"Following Smaug's attack on Laketown, Bilbo and the dwarves try to defend Erebor's mountain of treasure from others who claim it: the men of the ruined Laketown and the elves of Mirkwood. Meanwhile an army of Orcs led by Azog the Defiler is marching on Erebor, fueled by the rise of the dark lord Sauron. Dwarves, elves and men must unite, and the hope for Middle-Earth falls into Bilbo's hands.","Action, Adventure, Fantasy",2014,0.6758201701093559,0.012653343877786565,0.0197606665652039,2014.0,0.8636363636363636,0.5332149802979874,Medium,120.0,1,2.0
293660,Deadpool,movie,7.622,32460.0,16.9127,2016-02-09,"The origin story of former Special Forces operative turned mercenary Wade Wilson, who, after being subjected to a rogue experiment that leaves him with accelerated healing powers, adopts the alter ego Deadpool. Armed with his new abilities and a dark, twisted sense of humor, Deadpool hunts down the man who nearly destroyed his life.","Action, Adventure, Comedy",2016,0.7110571081409478,0.027049189207657674,0.0216822742969671,2016.0,0.8863636363636364,0.5584466909277672,Medium,120.0,1,2.0
54979,Robinson Crusoe,movie,6.3,92.0,53.9659,1954-08-05,"The titular adventurer, after defying his parents to go to sea, survives a shipwreck and becomes a castaway on a deserted island for nearly thirty years, learning to build a new life from scratch, discovering companionship with a native man he names Friday, and eventually returning to civilisation a changed man, finding wealth and new challenges.","Adventure, Drama",1954,0.5504252733900363,7.583339652783045e-05,0.1145863917376885,1954.0,0.18181818181818182,0.27473831392042747,Low,120.0,1,2.0
9276,The Faculty,movie,6.562,2194.0,16.3577,1998-12-25,"When some very creepy things start happening around school, the kids at Herrington High make the chilling discovery that confirms their worst suspicions: their teachers really are from another planet!","Horror, Sci-Fi",1998,0.5822600243013365,0.0018275015229179358,0.0202907133743045,1998.0,0.6818181818181818,0.43799771472286453,Medium,120.0,1,2.0
1034716,People We Meet on Vacation,movie,7.045,510.0,17.3275,2026-01-06,"Poppy's a free spirit. Alex loves a plan. After years of summer vacations, these polar-opposite pals wonder if they could be a perfect romantic match.","Romance, Comedy, Drama",2026,0.640947752126367,0.00042416702013918343,0.0227223093793462,2026.0,1.0,0.5565063509565886,Medium,120.0,1,2.0
893694,Eva,movie,5.1,20.0,21.8469,2021-12-24,"When Eva gets involved in a steamy threesome with a houseboy and her lady boss, she realizes she has to choose only one between them.","Drama, Romance",2021,0.40461725394896714,1.5833346527788773e-05,0.0340538777286817,2021.0,0.9431818181818182,0.44480619703809066,Medium,120.0,1,2.0
1383247,Agent Zero,movie,5.4,22.0,16.7134,2025-08-06,"When police officer Ilias is shot and left in a coma, Alma must reconnect with her former identity as Badh, a ruthless intelligence operative and skilled assassin. She brutally eliminates members of the Khoury family one by one, unleashing the fury of their leader Mansour, only to discover that Mansour is working with Joana, her former secret service unit officer.","Action, Thriller",2025,0.44106925880923453,1.7500014583345485e-05,0.0211825660232974,2025.0,0.9886363636363636,0.4730238626189779,Medium,120.0,1,2.0
749343,The Catcher,movie,6.0,1.0,55.2491,1972-06-02,An ex-cop and a Harvard graduate team up to become bounty hunters.,"Crime, Drama, TV Movie",1972,0.5139732685297692,0.0,0.1178037808835634,1972.0,0.38636363636363635,0.3214983983209986,Low,120.0,1,2.0
559,Spider-Man 3,movie,6.452,15031.0,16.6554,2007-05-01,"The seemingly invincible Spider-Man goes up against an all-new crop of villains—including the shape-shifting Sandman. While Spider-Man’s superpowers are altered by an alien organism, his alter ego, Peter Parker, deals with nemesis Eddie Brock and also gets caught up in a love triangle.","Action, Adventure, Sci-Fi",2007,0.5688942891859052,0.012525010437508697,0.0210371416385868,2007.0,0.7840909090909091,0.4665424915328874,Medium,120.0,1,2.0
348,Alien,movie,8.168,16118.0,15.7972,1979-05-25,"During its return to the earth, commercial spaceship Nostromo intercepts a distress signal from a distant planet. When a three-member team of the crew discovers a chamber containing thousands of eggs on the planet, a creature inside one of the eggs attacks an explorer. The entire crew is unaware of the impending nightmare set to descend upon them when the alien parasite planted inside its unfortunate host is birthed.","Horror, Sci-Fi",1979,0.7773997569866342,0.013430844525703771,0.0188853622082642,1979.0,0.4659090909090909,0.4547618834250921,Medium,120.0,1,2.0
137765,Bless Their Little Hearts,movie,6.2,13.0,16.1824,1984-12-12,"Charlie Banks, chronically unemployed, struggles to find dignity and a meaning for life in the impoverished Los Angeles neighborhood of Watts.",Drama,1984,0.5382746051032806,1.0000008333340278e-05,0.0198511807081014,1984.0,0.5227272727272727,0.37213102386199404,Low,120.0,1,2.0
335984,Blade Runner 2049,movie,7.6,14887.0,17.2098,2017-10-04,"Thirty years after the events of the first film, a new blade runner, LAPD Officer K, unearths a long-buried secret that has the potential to plunge what's left of society into chaos. K's discovery leads him on a quest to find Rick Deckard, a former LAPD blade runner who has been missing for 30 years.","Sci-Fi, Drama",2017,0.7083839611178615,0.012405010337508614,0.0224271981710627,2017.0,0.8977272727272727,0.556393269366579,Medium,120.0,1,2.0
49026,The Dark Knight Rises,movie,7.792,24096.0,15.0556,2012-07-17,"Following the death of District Attorney Harvey Dent, Batman assumes responsibility for Dent's crimes to protect the late attorney's reputation and is subsequently hunted by the Gotham City Police Department. Eight years later, Batman encounters the mysterious Selina Kyle and the villainous Bane, a new terrorist leader who overwhelms Gotham's finest. The Dark Knight resurfaces to protect a city that has branded him an enemy.","Action, Crime, Drama, Thriller",2012,0.7317132442284325,0.020079183399319498,0.0170259359375497,2012.0,0.8409090909090909,0.5509817799838961,Medium,120.0,1,2.0
1428990,This Is Not a Test,movie,6.325,20.0,13.8073,2026-02-20,"Sloane and four classmates take cover in Cortege High to escape a world plagued by the infected. As danger relentlessly pounds on the doors, Sloane begins to see the world through the eyes of those who actually want to live and takes matters into her own hands.","Thriller, Horror",2026,0.5534629404617253,1.5833346527788773e-05,0.0138960521541989,2026.0,1.0,0.5213899261886484,Medium,120.0,1,2.0
429,"The Good, the Bad and the Ugly",movie,8.467,9487.0,14.2887,1966-12-23,"While the Civil War rages on between the Union and the Confederacy, three men – a quiet loner, a ruthless hitman, and a Mexican bandit – comb the American Southwest in search of a strongbox containing $200,000 in stolen gold.",Western,1966,0.8137302551640341,0.00790500658750549,0.0151030745472976,1966.0,0.3181818181818182,0.4233181494964107,Medium,161.0,1,2.68
585,"Monsters, Inc.",movie,7.848,19561.0,16.3339,2001-11-01,"Lovable Sulley and his wisecracking sidekick Mike Wazowski are the top scare team at Monsters, Inc., the scream-processing factory in Monstropolis. When a little girl named Boo wanders into their world, it's the monsters who are scared silly, and it's up to Sulley and Mike to keep her out of sight and get her back home.","Animation, Comedy, Family",2001,0.7385176184690156,0.016300013583344652,0.0202310392302336,2001.0,0.7159090909090909,0.5150697787353369,Medium,92.0,1,1.53
329865,Arrival,movie,7.625,19080.0,14.5805,2016-11-10,"Taking place after alien crafts land around the world, an expert linguist is recruited by the military to determine whether they come in peace or are a threat.","Drama, Sci-Fi, Mystery",2016,0.7114216281895505,0.015899179915983264,0.015834709641411,2016.0,0.8863636363636364,0.555247496159706,Medium,116.0,1,1.93
99861,Avengers: Age of Ultron,movie,7.3,24198.0,15.4938,2015-04-22,"When Tony Stark tries to jumpstart a dormant peacekeeping program, things go awry and Earth’s Mightiest Heroes are put to the ultimate test as the fate of the planet hangs in the balance. As the villainous Ultron emerges, it is up to The Avengers to stop him from enacting his terrible plans, and soon uneasy alliances and unexpected action pave the way for an epic and unique global adventure.","Action, Adventure, Sci-Fi",2015,0.671931956257594,0.02016418347015289,0.0181246422372087,2015.0,0.875,0.5373220375440835,Medium,120.0,1,2.0
192577,Space Pirate Captain Harlock,movie,6.611,1076.0,16.2618,2013-09-07,Space Pirate Captain Harlock and his fearless crew face off against the space invaders who seek to conquer the planet Earth.,"Animation, Sci-Fi",2013,0.5882138517618468,0.0008958340798617332,0.0200502616761363,2013.0,0.8522727272727273,0.4912361091105154,Medium,120.0,1,2.0
1327862,Regretting You,movie,6.916,326.0,16.4488,2025-10-22,"Morgan Grant and her daughter Clara explore what's left behind after a devastating accident reveals a shocking betrayal and forces them to confront family secrets, redefine love, and rediscover each other.","Romance, Drama",2025,0.6252733900364521,0.00027083355902796585,0.0205191299509794,2025.0,0.9886363636363636,0.5467815151731983,Medium,120.0,1,2.0
210577,Gone Girl,movie,7.9,19743.0,14.76,2014-10-01,"With his wife's disappearance having become the focus of an intense media circus, a man sees the spotlight turned on him when it's suspected that he may not be innocent.","Mystery, Thriller, Drama",2014,0.7448359659781288,0.016451680376400313,0.0162847730389208,2014.0,0.8636363636363636,0.5619607995950807,Medium,120.0,1,2.0
118490,Jedda,movie,5.9,9.0,13.9061,1955-05-05,"An aboriginal girl is brought up by a white family that adopts her. As a young woman, she is mysteriously drawn to go ""Walkabout"" as people of her tribe have for hundreds of years.","Adventure, Drama",1955,0.5018226002430134,6.666672222226852e-06,0.0141437750716027,1955.0,0.19318181818181818,0.2586855855534175,Low,120.0,1,2.0
29059,Naked Paradise,movie,3.8,4.0,13.819,1957-01-01,"Gangster Zac Cotton and his two henchmen, Mitch and Sonny, try to get a boat to get off a tropical island after a botched robbery heist.",Drama,1957,0.24665856622114213,2.5000020833350695e-06,0.0139253877628389,1957.0,0.2159090909090909,0.16343690376180914,Low,120.0,1,2.0
12444,Harry Potter and the Deathly Hallows: Part 1,movie,7.734,20182.0,14.4704,2010-11-17,"Harry, Ron and Hermione walk away from their last year at Hogwarts to find and destroy the remaining Horcruxes, putting an end to Voldemort's bid for immortality. But with Harry's beloved Dumbledore dead and Voldemort's unscrupulous Death Eaters on the loose, the world is more dangerous than ever.","Adventure, Fantasy",2010,0.7246658566221142,0.01681751401459501,0.0155586540421585,2010.0,0.8181818181818182,0.5403661423077697,Medium,120.0,1,2.0
673,Harry Potter and the Prisoner of Azkaban,movie,8.008,22929.0,15.3365,2004-05-31,"Year three at Hogwarts means new fun and challenges as Harry learns the delicate art of approaching a Hippogriff, transforming shape-shifting Boggarts into hilarity and even turning back time. But the term also brings danger: soul-sucking Dementors hover over the school, an ally of the accursed He-Who-Cannot-Be-Named lurks within the castle walls, and fearsome wizard Sirius Black escapes Azkaban. And Harry will confront them all.","Adventure, Fantasy",2004,0.7579586877278249,0.019106682588902156,0.0177302412766054,2004.0,0.75,0.5339154798678005,Medium,120.0,1,2.0
912649,Venom: The Last Dance,movie,6.667,4059.0,15.3573,2024-10-22,"Eddie and Venom are on the run. Hunted by both of their worlds and with the net closing in, the duo are forced into a devastating decision that will bring the curtains down on Venom and Eddie's last dance.","Action, Sci-Fi, Adventure",2024,0.5950182260024302,0.0033816694847245707,0.017782393469743,2024.0,0.9772727272727273,0.5322036094282077,Medium,120.0,1,2.0
389,12 Angry Men,movie,8.555,9822.0,14.8056,1957-04-10,"The defense and the prosecution have rested and the jury is filing into the jury room to decide if a young Spanish-American is guilty or innocent of murdering his father. What begins as an open and shut case soon becomes a mini-drama of each of the jurors' prejudices and preconceptions about the trial, the accused, and each other.",Drama,1957,0.824422843256379,0.008184173486811238,0.0163991066931071,1957.0,0.2159090909090909,0.39699711662132225,Low,120.0,1,2.0
1022787,Elio,movie,6.937,899.0,14.8417,2025-06-18,"Elio, a space fanatic with an active imagination, finds himself on a cosmic misadventure where he must form new bonds with eccentric alien lifeforms, navigate a crisis of intergalactic proportions and somehow discover who he is truly meant to be.","Family, Comedy, Adventure, Animation, Sci-Fi",2025,0.6278250303766707,0.0007483339569449641,0.0164896208360046,2025.0,0.9886363636363636,0.5479454214286608,Medium,120.0,1,2.0
4248,Scary Movie 2,movie,5.814,5047.0,15.3847,2001-07-04,"While the original parodied slasher flicks like Scream, Keenen Ivory Wayans's sequel to Scary Movie takes comedic aim at haunted house movies. A group of students visit a mansion called ""Hell House,"" and murderous high jinks ensue.",Comedy,2001,0.49137302551640344,0.004205003504169587,0.0178510939549339,2001.0,0.7159090909090909,0.4125834385305395,Medium,120.0,1,2.0
1242419,Roofman,movie,7.141,626.0,14.8317,2025-10-08,"A former Army Ranger and struggling father turns to robbing McDonald’s restaurants by cutting holes in their roofs, earning him the nickname ""Roofman."" After escaping prison, he secretly lives inside a Toys “R” Us for six months, surviving undetected while planning his next move. But when he falls for a divorced mom drawn to his undeniable charm, his double life begins to unravel, setting off a compelling and suspenseful game of cat and mouse as his past closes in.","Crime, Comedy, Drama",2025,0.6526123936816525,0.0005208337673614728,0.0164645476662269,2025.0,0.9886363636363636,0.5577921166937785,Medium,120.0,1,2.0
674,Harry Potter and the Goblet of Fire,movie,7.801,21940.0,15.0948,2005-11-16,"When his name emerges from the Goblet of Fire, Harry Potter becomes a competitor in a grueling battle for glory among three wizarding schools—the Triwizard Tournament. But since Harry never submitted his name for the Tournament, who did? Now Harry must confront a deadly dragon, fierce water demons, and an enchanted maze only to find himself in the cruel grasp of He Who Must Not Be Named.","Adventure, Fantasy",2005,0.7328068043742406,0.018282515235429363,0.0171242227630783,2005.0,0.7613636363636364,0.527016567229416,Medium,120.0,1,2.0
845781,Red One,movie,6.996,2968.0,16.261,2024-10-31,"After Santa Claus (codename: Red One) is kidnapped, the North Pole's Head of Security must team up with the world's most infamous tracker in a globe-trotting, action-packed mission to save Christmas.","Action, Comedy, Fantasy",2024,0.6349939246658567,0.0024725020604183835,0.0200482558225541,2024.0,0.9772727272727273,0.5479211386662863,Medium,120.0,1,2.0
1205656,Hallow Road,movie,6.244,172.0,15.9057,2025-04-16,Two parents enter a race against time when they receive a distressing late-night phone call from their daughter after she caused a tragic car accident.,"Mystery, Thriller, Horror",2025,0.5436208991494532,0.00014250011875009897,0.0191574061003523,2025.0,0.9886363636363636,0.5140820187863154,Medium,120.0,1,2.0
933260,The Substance,movie,7.139,5774.0,14.9865,2024-09-07,"A fading celebrity decides to use a black market drug, a cell-replicating substance that temporarily creates a younger, better version of herself.","Horror, Sci-Fi, Thriller",2024,0.6523693803159173,0.004810837342364452,0.0168526803343858,2024.0,0.9772727272727273,0.5555728215108944,Medium,120.0,1,2.0
989730,Mononoke the Movie: The Phantom in the Rain,movie,7.1,62.0,8.2651,2024-07-26,"In the chambers of the Edo harem, two newcomers uncover political intrigue, rivalry and a vengeful spirit only one traveling medicine seller can vanquish.","Animation, Fantasy, Mystery",2024,0.6476306196840826,5.0833375694479744e-05,0.0,2024.0,0.9772727272727273,0.5522493160681596,Medium,120.0,1,2.0
1071585,M3GAN 2.0,movie,7.251,1203.0,15.9757,2025-06-25,"After the underlying tech for M3GAN is stolen and misused by a powerful defense contractor to create a military-grade weapon known as Amelia, M3GAN's creator Gemma realizes that the only option is to resurrect M3GAN and give her a few upgrades, making her faster, stronger, and more lethal.","Action, Sci-Fi, Thriller",2025,0.6659781287970837,0.0010016675013895845,0.0193329182887962,2025.0,0.9886363636363636,0.5632826608601595,Medium,120.0,1,2.0
767,Harry Potter and the Half-Blood Prince,movie,7.681,20579.0,15.2466,2009-07-15,"As Lord Voldemort tightens his grip on both the Muggle and wizarding worlds, Hogwarts is no longer a safe haven. Harry suspects perils may even lie within the castle, but Dumbledore is more intent upon preparing him for the final battle fast approaching. Together they work to find the key to unlock Voldemorts defenses and to this end, Dumbledore recruits his old friend and colleague Horace Slughorn, whom he believes holds crucial information. Even as the decisive showdown looms, romance blossoms for Harry, Ron, Hermione and their classmates. Love is in the air, but danger lies ahead and Hogwarts may never be the same again.","Adventure, Fantasy",2009,0.7182260024301336,0.01714834762362302,0.0175048334803038,2009.0,0.8068181818181818,0.5344803598045949,Medium,120.0,1,2.0
957119,Sidelined: The QB and Me,movie,6.108,200.0,15.518,2025-02-06,"Dallas, a burdened but headstrong dancer, is determined to get into the best dance school in the country—her late mother’s alma mater. However, that dream is suddenly derailed when the cheeky yet secretly grieving football star, Drayton, crashes into her life with a unique story of his own. Will the two of them be able to grow into their dreams together, or will their dreams be sidelined?","Comedy, Romance",2025,0.5270959902794653,0.00016583347152789295,0.0181853193080707,2025.0,0.9886363636363636,0.5074790552441536,Medium,120.0,1,2.0
934433,Scream VI,movie,6.959,3089.0,17.2444,2023-03-08,"Following the latest Ghostface killings, the four survivors leave Woodsboro behind and start a fresh chapter.","Horror, Thriller, Crime",2023,0.630498177399757,0.002573335477779565,0.0225139513384935,2023.0,0.9659090909090909,0.5427439988759639,Medium,120.0,1,2.0
346364,It,movie,7.2,20145.0,15.0714,2017-09-06,"In a small town in Maine, seven children known as The Losers Club come face to face with life problems, bullies and a monster that takes the shape of a clown called Pennywise.","Horror, Thriller, Drama",2017,0.6597812879708383,0.016786680655567213,0.0170655515457985,2017.0,0.8977272727272727,0.5382667012031873,Medium,135.0,1,2.25
879945,The Unknown Man,movie,8.5,2.0,34.1735,2021-10-16,"Louis, a Flemish writer, decides to isolate himself at the Côte d’Azur, hoping this place will bring him inspiration.",Drama,2021,0.8177399756986634,8.333340277783565e-07,0.064960571186866,2021.0,0.9431818181818182,0.6100507857342192,Medium,120.0,1,2.0
852665,My Brother and I,movie,6.1,35.0,14.5451,2023-04-21,"Sofia is the black sheep of her family. She is a 28-year-old gay girl who can’t help but cheat on her partner and struggles to find a stable job. She has left a little town in Calabria, her homeland in Southern Italy, to move to Milan, where she lives with her roommate Alessandro. Mauro is Sofia's brother. Reliable and loving, unlike Sofia with whom he has a troubled relationship, Mauro has never left Calabria and runs the family winery. Despite their opposite attitudes, Sofia and Mauro has one thing in common. Michela is Sofia's first and only love, but she is Mauro’s bride-to-be. When Sofia realizes that she is about to lose the woman of her life, she decides to go back home to Calabria and win back her true love. This unexpected return will break the delicate balance of Mauro and Sofia’s family and will force the two siblings to a showdown, when they will choose who they really want to be when they grow up. A story of rekindled loves, friendship, growth, and family.",Comedy,2023,0.5261239368165249,2.833335694446412e-05,0.0157459506203979,2023.0,0.9659090909090909,0.5002308020064206,Medium,20.0,1,0.33
441168,From Straight A's to XXX,movie,5.8,158.0,14.2317,2017-02-11,"When a change of circumstances leaves Miriam unable to pay her college tuition, she makes a surprising decision: to start performing in adult films, using the pseudonym Belle Knox. Miriam lies to her family and her friends at school, keeping her double life a secret. But soon rumours spread and Miriam becomes the subject of vicious online attacks and unwanted attention. Miriam fights back: she talks to the media, saying her new line of work empowers her as a feminist. But her confident stand has unintended consequences. Miriam is shunned by her conservative family and her colleagues in the adult film world. One impulsive decision has quickly spiralled out of control - and Miriam's problems are just beginning.","Drama, TV Movie",2017,0.48967193195625747,0.00013083344236120196,0.0149601574795647,2017.0,0.8977272727272727,0.46522620463339315,Medium,120.0,1,2.0
18785,The Hangover,movie,7.329,17901.0,15.1601,2009-06-02,"When three friends finally come to after a raucous night of bachelor-party revelry, they find a baby in the closet and a tiger in the bathroom. But they can't seem to locate their best friend, Doug – who's supposed to be tying the knot. Launching a frantic search for Doug, the trio perseveres through a nasty hangover to try to make it to the church on time.",Comedy,2009,0.6754556500607533,0.014916679097232582,0.0172879505617267,2009.0,0.8068181818181818,0.5167027182989256,Medium,100.0,1,1.67
1403735,Laila,movie,4.571,7.0,15.6692,2025-02-14,"Sonu Model, a renowned beautician from the old city, is forced to disguise himself as Laila, leading to a series of comedic, romantic, and action-packed events. Chaos ensues in this hilarious laugh riot","Comedy, Romance",2025,0.34034021871202913,5.000004166670139e-06,0.0185644256351096,2025.0,0.9886363636363636,0.4327284965769707,Medium,80.0,1,1.33
80295,14 and Under,movie,5.4,46.0,11.1734,1973-08-16,"This episodic film is a close relative of Wolf Hartwig's schoolgirl report movies, made by the same people, in a similar style, around similar topics. However, this one specifically focuses on the coming-of-age aspects, to an extent that it also touches on delicate issues such as paedophilia.","Comedy, Romance",1973,0.44106925880923453,3.750003125002604e-05,0.0072920299664495,1973.0,0.3977272727272727,0.29575713535125064,Low,120.0,1,2.0
675,Harry Potter and the Order of the Phoenix,movie,7.672,20600.0,14.3384,2007-07-08,"Returning for his fifth year at Hogwarts, Harry is stunned to find that his warnings about the return of Lord Voldemort have been ignored. Left with no choice, Harry takes matters into his own hands, training a small group of motivated students to defend themselves against the Dark Arts.","Adventure, Fantasy",2007,0.7171324422843255,0.017165847638206364,0.0152276882010928,2007.0,0.7840909090909091,0.5272300039324648,Medium,120.0,1,2.0
567609,Ready or Not,movie,7.0,5156.0,17.2422,2019-08-21,A young bride's wedding night turns into her worst nightmare when her ridiculously rich in-laws force her to play a gruesome game of hide-and-seek.,"Horror, Comedy",2019,0.6354799513973268,0.004295836913197427,0.0225084352411424,2019.0,0.9204545454545454,0.5316170952692536,Medium,120.0,1,2.0
269955,Obsessed,movie,6.6,79.0,14.5539,2014-05-14,"A secret, passionate affair happens in the summer of 1969 between Colonel Jin Pyeong, trapped in a loveless marriage with Soo Jin, and Jong Ga Heun, the Chinese-Korean wife of Captain Kyung Woo Jin.",Drama,2014,0.5868772782503038,6.50000541667118e-05,0.0157680150098023,2014.0,0.8636363636363636,0.4938613204072806,Medium,120.0,1,2.0
1072699,Inside Furioza,movie,6.5,89.0,15.2463,2025-10-14,"In the wake of murder, new Furioza leader Golden claims the reins of his violent and formidable hooligan gang and takes on a new focus across borders.","Action, Crime, Thriller",2025,0.574726609963548,7.333339444449537e-05,0.0175040812852105,2025.0,0.9886363636363636,0.5265035530946616,Medium,166.0,1,2.77
49051,The Hobbit: An Unexpected Journey,movie,7.368,19424.0,15.4304,2012-12-12,"Bilbo Baggins, a hobbit enjoying his quiet life, is swept into an epic quest by Gandalf the Grey and thirteen dwarves who seek to reclaim their mountain home from Smaug, the dragon.","Adventure, Fantasy, Action",2012,0.6801944106925881,0.016185846821539018,0.017965678340818,2012.0,0.8409090909090909,0.5292062455962243,Medium,120.0,1,2.0
1151272,Sirāt,movie,6.8,557.0,13.8662,2025-06-06,"A man and his son arrive at a rave lost in the mountains of Morocco. They are looking for Marina, their daughter and sister, who disappeared months ago at another rave. Driven by fate, they decide to follow a group of ravers in search of one last party, in hopes Marina will be there.","Drama, Thriller",2025,0.6111786148238152,0.0004633337194447662,0.0140437331241896,2025.0,0.9886363636363636,0.5412013551362685,Medium,120.0,1,2.0
228150,Fury,movie,7.542,12782.0,14.8106,2014-10-15,"April, 1945. As the Allies make their final push in the European Theatre, a battle-hardened army sergeant named Wardaddy commands a Sherman tank and her five-man crew on a deadly mission behind enemy lines. Outnumbered and outgunned, and with a rookie soldier thrust into their platoon, Wardaddy and his men face overwhelming odds in their heroic attempts to strike at the heart of Nazi Germany.","War, Drama, Action",2014,0.7013365735115431,0.010650842209035173,0.016411643277996,2014.0,0.8636363636363636,0.5428207911582369,Medium,135.0,1,2.25
46283,The Sisters,movie,4.763,19.0,45.7555,2005-04-23,"Based on Anton Chekov's ""The Three Sisters"" about siblings living in a college town who struggle with the death of their father and try to reconcile relationships in their own lives.",Drama,2005,0.3636695018226002,1.5000012500010416e-05,0.0940003164234025,2005.0,0.7613636363636364,0.37388139164188094,Low,120.0,1,2.0
404246,Perils of the Jungle,movie,3.0,3.0,9.726,1953-03-19,"On an African safari with his friend Grant, Clyde Beatty plans to buy some black-maned Numbian lions from Jo Carter but her animals are wiped out by a fire. Despite interference by rival dealer Gorman, who hopes to ruin Jo, Beatty saves her business by helping her to capture an adult gorilla. (2nd story) When Grant is bitten by a tsetse fly and falls ill, Beatty heads for the nearest hospital through the territory of the dangerous Matabeles tribe. They are captured and condemned to death by Grubbs, a white man living with the tribe and stealing their gold. Using the Matabele Boy King as a shield, Beatty and Grant make an escape and Grubbs is forced to accompany them, leaving his loot behind.",Adventure,1953,0.14945321992709598,1.666668055556713e-06,0.0036629393728247,1953.0,0.17045454545454544,0.1109181516076187,Low,120.0,1,2.0
106646,The Wolf of Wall Street,movie,8.027,25616.0,16.1029,2013-12-25,"A New York stockbroker refuses to cooperate in a large securities fraud case involving corruption on Wall Street, corporate banking world and mob infiltration. Based on Jordan Belfort's autobiography.","Crime, Drama, Comedy",2013,0.7602673147023086,0.0213458511215426,0.0196518490083686,2013.0,0.8522727272727273,0.5661924993992045,Medium,120.0,1,2.0
73861,A Serbian Film,movie,5.429,2182.0,14.8408,2010-01-06,"Retired porn star Milos leads a normal family life trying to make ends meet. Presented with the opportunity of a lifetime to financially support his family for the rest of their lives, Milos must participate in one last mysterious film. From then on, Milos is drawn into a maelstrom of unbelievable cruelty and mayhem.","Crime, Horror, Thriller",2010,0.4445929526123937,0.0018175015145845954,0.0164873642507246,2010.0,0.8181818181818182,0.42383697695387834,Medium,120.0,1,2.0
291908,Under the Gun,movie,6.6,4.0,13.8443,1988-04-25,"A St. Louis cop, Mike Braxton (Sam Jones), receives an urgent call for help from his brother Tony (Nick Cassavetes), a small time thief in Los Angeles. Mike rushes to LA and finds that his brother has been murdered and his brother Tony's girlfriend gunned down right in front of him. Mike quickly learns Tony was a courier for an arms smuggler, Simon Stone (John Russell). When Mike meets Stone's lawyer, Samantha Richardson (Vanessa Williams), the two team up to bring down Stone's arms smuggling empire. However, Mike's infatuation with Samantha keeps putting them in greater danger.","Comedy, Action",1988,0.5868772782503038,2.5000020833350695e-06,0.0139888228823764,1988.0,0.5681818181818182,0.40520620675529195,Medium,120.0,1,2.0
402431,Wicked,movie,6.913,2914.0,15.3904,2024-10-16,"In the land of Oz, ostracized and misunderstood green-skinned Elphaba is forced to share a room with the popular aristocrat Glinda at Shiz University, and the two's unlikely friendship is tested as they begin to fulfill their respective destinies as Glinda the Good and the Wicked Witch of the West.","Drama, Romance, Fantasy",2024,0.6249088699878493,0.0024275020229183523,0.0178653856617072,2024.0,0.9772727272727273,0.5438736167838334,Medium,162.0,1,2.7
98,Gladiator,movie,8.2,20618.0,15.0163,2000-05-04,"After the death of Emperor Marcus Aurelius, his devious son takes power and demotes Maximus, one of Rome's most capable generals who Marcus preferred. Eventually, Maximus is forced to become a gladiator and battle to the death against other men for the amusement of paying audiences.","Action, Drama, Adventure",2000,0.7812879708383961,0.017180847650706377,0.0169273983803233,2000.0,0.7045454545454546,0.5290330789942068,Medium,120.0,1,2.0
303193,Food Chain,movie,5.7,3.0,12.7709,2014-09-17,"In-hee, a skin care specialist and Nam-hyeok met in high school and got married early. Nam-hyeok has inferiority complex from not being getting able to get a job and is tired of the same old life. Feeling a sense of shame, Nam-hyeok goes into a cafe one day and pretends to be the section head of a major company. He visits the place everyday to be comforted by the female owner Joo-yeon. Bong-goo Joo-yeon's little brother who doesn't have a real job and lives off the pocket money she gives him for running her errands. He watches Mi-ae's eating channel and falls for her. Graduate school teaching assistant Ji-hoon maintains a sexual partner relationship with Mi-ae, but she is serious about him. Meanwhile, Ji-hoon follows Mi-ae to the skin care specialist and meets In-hee then falls for her right away...","Drama, Romance",2014,0.4775212636695018,1.666668055556713e-06,0.0112974688384377,2014.0,0.8636363636363636,0.45009991455912646,Medium,120.0,1,2.0
1481126,Title Fight,movie,10.0,1.0,13.7182,2025-05-15,"When Avtar Bhullar immigrates to British Columbia, he faces systemic racism and physical intimidation—his answer: Kushti, a traditional Indian form of wrestling. Determined to protect his son from the same fate, Avtar trains a young Arjan Singh Bhullar in Kushti. Fast forward to 2021—Arjan, now a Commonwealth Games Gold Medalist, prepares to challenge Brandon Vera for the ONE FC World Heavyweight Title. But this is more than a fight—it’s a battle for identity, pride, and the hopes of two nations: Canada and India.
 Featuring exclusive commentary from Prime Minister Justin Trudeau, Ariel Helwani, Daniel Cormier, and Russell Peters, Title Fight is a deeply human story about heritage, resilience, and triumph.",Documentary,2025,1.0,0.0,0.0136726502114796,2025.0,0.9886363636363636,0.696590909090909,Medium,120.0,1,2.0
177572,Big Hero 6,movie,7.724,16412.0,14.6926,2014-10-24,"A special bond develops between plus-sized inflatable robot Baymax, and prodigy Hiro Hamada, who team up with a group of friends to form a band of high-tech heroes.","Adventure, Family, Animation, Action, Comedy",2014,0.7234507897934387,0.013675844729870608,0.0161157798746191,2014.0,0.8636363636363636,0.5525739784272458,Medium,120.0,1,2.0
14160,Up,movie,8.0,21432.0,15.8589,2009-05-28,"Carl Fredricksen spent his entire life dreaming of exploring the globe and experiencing life to its fullest. But at age 78, life seems to have passed him by, until a twist of fate (and a persistent 8-year old Wilderness Explorer named Russell) gives him a new lease on life.","Animation, Comedy, Family, Adventure",2009,0.7569866342648846,0.017859181549317957,0.0190400636657926,2009.0,0.8068181818181818,0.5501978627162036,Medium,120.0,1,2.0
1495,Kingdom of Heaven,movie,7.0,4823.0,13.4931,2005-05-03,"After his wife dies, a blacksmith named Balian is thrust into royalty, political intrigue and bloody holy wars during the Crusades.","Drama, Action, Adventure, History, War",2005,0.6354799513973268,0.004018336681947235,0.0131082531597835,2005.0,0.7613636363636364,0.4838065724726058,Medium,120.0,1,2.0
139797,The Dwarfs,movie,4.7,3.0,12.8774,2002-11-01,"A young actor and an angst-ridden city worker fight over a girl watched over by a disturbed chum.  The play is concerned with three young men, Len, Pete and Mark, and the scene of action shifts back and forth between Len's house and Mark's. Sometimes all three come together, sometimes only two, and often Len is on stage alone. There are conversations and soliloquies filled with the brilliant convolutions of thought, the sudden flashes of truth which distinguish Pinter's unique style, with the mood ranging from calm introspection to explosive outpouring. Much of what is said hints at deeper thoughts left unspoken, and the sense of horror and alienation which often emerges is a searing indictment of our life and times. We meet, we talk, we tear at each other, but our insularity is seldom penetrated. We are together but alone, as though life were a mirror which reflects only our own image.","Drama, TV Movie",2002,0.3560145808019441,1.666668055556713e-06,0.0115644980965703,2002.0,0.7272727272727273,0.36058815050301246,Low,120.0,1,2.0
822119,Captain America: Brave New World,movie,6.0,2972.0,14.5527,2025-02-12,"After meeting with newly elected U.S. President Thaddeus Ross, Sam finds himself in the middle of an international incident. He must discover the reason behind a nefarious global plot before the true mastermind has the entire world seeing red.","Action, Thriller, Sci-Fi",2025,0.5139732685297692,0.002475835396529497,0.015765006229429,2025.0,0.9886363636363636,0.5029229671217756,Medium,119.0,1,1.98
87101,Terminator Genisys,movie,5.95,8876.0,14.4387,2015-06-23,"The year is 2029. John Connor, leader of the resistance continues the war against the machines. At the Los Angeles offensive, John's fears of the unknown future begin to emerge when TECOM spies reveal a new plot by SkyNet that will attack him from both fronts; past and future, and will ultimately change warfare forever.","Sci-Fi, Action, Thriller",2015,0.5078979343863912,0.007395839496532914,0.0154791720939632,2015.0,0.875,0.4678779256035164,Medium,120.0,1,2.0
482600,Japanese Mom,movie,6.6,63.0,15.4104,2017-02-09,"""Innocent face, D-cup breasts and perfect intercourse skills! Son, this is not your girlfriend anymore but your mother!""  Ki-ho brings Yuki from Japan to marry her. However, he starts cheating on her with his ex-girlfriend in Korea.  Min-cheol comforted Yuki and thought of her as his daughter-in-law, but one day he realizes he is looking at her as a woman.  In the end, Yuki and Min-cheol have intercourse without Ki-ho knowing...",Romance,2017,0.5868772782503038,5.1666709722258105e-05,0.0179155320012626,2017.0,0.8977272727272727,0.50408459313122,Medium,120.0,1,2.0
1242937,The Dreadful,movie,6.425,53.0,14.3669,2026-02-20,"In medieval England, Anne and her domineering mother-in-law Morwen struggle to survive on the outskirts of society. But when a man from Anne's past returns from war, a curse begins to take shape through a mysterious knight and threatens to destroy them all.",Horror,2026,0.5656136087484811,4.333336944447454e-05,0.0152991467349592,2026.0,1.0,0.5262584435102258,Medium,120.0,1,2.0
207,Dead Poets Society,movie,8.301,12381.0,13.4561,1989-06-02,"At an elite, old-fashioned boarding school in New England, a passionate English teacher inspires his students to rebel against convention and seize the potential of every day, courting the disdain of the stern headmaster.",Drama,1989,0.7935601458080195,0.010316675263896053,0.013015482431606,1989.0,0.5795454545454546,0.494382697266013,Medium,120.0,1,2.0
38757,Tangled,movie,7.6,12246.0,14.6447,2010-11-24,"Feisty teenager Rapunzel, who has long and magical hair, wants to go and see sky lanterns on her eighteenth birthday, but she's bound to a tower by her overprotective mother. She strikes a deal with Flynn Rider, a charming wanted thief, and the duo set off on an action-packed escapade.","Animation, Family, Adventure",2010,0.7083839611178615,0.010204175170145975,0.0159956793913839,2010.0,0.8181818181818182,0.5318693824527339,Medium,120.0,1,2.0
111,Scarface,movie,8.2,12810.0,14.2505,1983-12-09,"After getting a green card in exchange for assassinating a Cuban government official, Tony Montana stakes a claim on the drug trade in Miami. Viciously murdering anyone who stands in his way, Tony eventually becomes the biggest drug lord in the state, controlling nearly all the cocaine that comes through Miami. But increased pressure from the police, wars with Colombian drug cartels and his own drug-fueled paranoia serve to fuel the flames of his eventual downfall.","Action, Crime, Drama",1983,0.7812879708383961,0.010674175561812969,0.0150072950387468,1983.0,0.5113636363636364,0.46912653191299325,Medium,120.0,1,2.0
1197137,Black Phone 2,movie,6.721,960.0,15.2173,2025-10-15,"Four years after defeating The Grabber, Finney Blake is struggling with life after captivity. When his younger sister Gwen begins receiving calls in her dreams from the Black Phone and seeing disturbing visions of three boys being stalked at a winter camp, the siblings become determined to solve the mystery and confront a killer who has grown more powerful in death and more significant to them than either could imagine.","Horror, Thriller",2025,0.6015795868772783,0.0007991673326394439,0.0174313690928552,2025.0,0.9886363636363636,0.5374624940416122,Medium,120.0,1,2.0
470158,Charcot: Secret Poles,movie,7.9,4.0,15.0132,2016-10-01,"The adventures and exploits of Jean-Baptiste Charcot (1867-1936), an intrepid scientist and explorer who laid the foundations of modern oceanography.","Documentary, History",2016,0.7448359659781288,2.5000020833350695e-06,0.0169196256976922,2016.0,0.8863636363636364,0.5638442273009674,Medium,120.0,1,2.0
16869,Inglourious Basterds,movie,8.2,23886.0,14.6558,2009-08-02,"In Nazi-occupied France during World War II, a group of Jewish-American soldiers known as ""The Basterds"" are chosen specifically to spread fear throughout the Third Reich by scalping and brutally killing Nazis. The Basterds, lead by Lt. Aldo Raine soon cross paths with a French-Jewish teenage girl who runs a movie theater in Paris which is targeted by the soldiers.","Drama, Thriller, War",2009,0.7812879708383961,0.019904183253486044,0.0160235106098371,2009.0,0.8068181818181818,0.5605318978568588,Medium,153.0,1,2.55
1412598,Killer Whale,movie,5.614,66.0,14.6942,2026-01-16,Follows best friends Maddie and Trish as they find themselves trapped in a remote lagoon with the dangerous killer whale named Ceto.,"Thriller, Horror, Action, Mystery, Sci-Fi",2026,0.4670716889428918,5.416671180559317e-05,0.0161197915817835,2026.0,1.0,0.4868449255906984,Medium,120.0,1,2.0
1253000,Deathstalker,movie,6.045,55.0,13.6999,2025-10-10,"A powerful swordsman known as Deathstalker recovers a cursed amulet from a corpse-strewn battlefield. Marked by dark magic and hunted by monstrous assassins, he must face the rising evil and break the curse.","Fantasy, Action, Adventure",2025,0.5194410692588093,4.500003750003125e-05,0.0136267663107864,2025.0,0.9886363636363636,0.5043808368056828,Medium,103.0,1,1.72
106,Predator,movie,7.545,8924.0,13.9463,1987-06-12,A team of elite commandos on a secret mission in a Central American jungle come to find themselves hunted by an extraterrestrial warrior.,"Sci-Fi, Action, Adventure, Thriller",1987,0.7017010935601458,0.007435839529866275,0.014244569214109,1987.0,0.5568181818181818,0.44995664382847267,Medium,120.0,1,2.0
687259,Ghost Stories,movie,6.2,2.0,13.6147,1982-01-01,No description,Horror,1982,0.5382746051032806,8.333340277783565e-07,0.0134131429042804,1982.0,0.5,0.3653100920415206,Low,120.0,1,2.0
297762,Wonder Woman,movie,7.209,20755.0,14.1334,2017-05-30,An Amazon princess comes to the world of Man in the grips of the First World War to confront the forces of evil and bring an end to human conflict.,"Action, Adventure, Fantasy",2017,0.6608748481166464,0.01729501441251201,0.0147136882206499,2017.0,0.8977272727272727,0.538856625388594,Medium,120.0,1,2.0
228194,The Hundred-Foot Journey,movie,7.274,1531.0,13.4962,2014-08-06,A story centered around an Indian family who moves to France and opens a restaurant across the street from a Michelin-starred French restaurant.,"Drama, Comedy",2014,0.6687727825030376,0.0012750010625008853,0.0131160258424146,2014.0,0.8636363636363636,0.5269825224108744,Medium,120.0,1,2.0
456,The Simpsons,tv,8.011,10621.0,291.0823,1989-12-17,"Set in Springfield, the average American town, the show focuses on the antics and everyday adventures of the Simpson family; Homer, Marge, Bart, Lisa and Maggie, as well as a virtual cast of thousands. Since the beginning, the series has been a pop culture icon, attracting hundreds of celebrities to guest star. The show has also made name for itself in its fearless satirical take on politics, media and American life in general.","Family, Animation, Comedy",1989,0.7583232077764276,0.008850007375006146,0.7091123671654807,1989.0,0.5795454545454546,0.4798479216867093,Medium,45.0,801,600.75
1416,Grey's Anatomy,tv,8.209,10806.0,327.129,2005-03-27,Follows the personal and professional lives of a group of doctors at Seattle's Grey Sloan Memorial Hospital.,Drama,2005,0.782381530984204,0.009004174170145141,0.7994928700680762,2005.0,0.7613636363636364,0.5440629555538161,Medium,45.0,10,7.5
79744,The Rookie,tv,8.5,3054.0,327.2128,2018-10-16,"Starting over isn't easy, especially for small-town guy John Nolan who, after a life-altering incident, is pursuing his dream of being an LAPD officer. As the force's oldest rookie, he's met with skepticism from some higher-ups who see him as just a walking midlife crisis.","Crime, Drama, Comedy",2018,0.8177399756986634,0.0025441687868073223,0.7997029832308135,2018.0,0.9090909090909091,0.6005865136427804,Medium,45.0,144,108.0
1434,Family Guy,tv,7.393,4844.0,271.9778,1999-01-31,"Sick, twisted, politically incorrect and Freakin' Sweet animated series featuring the adventures of the dysfunctional Griffin family. Bumbling Peter and long-suffering Lois have three kids. Stewie (a brilliant but sadistic baby bent on killing his mother and taking over the world), Meg (the oldest, and is the most unpopular girl in town) and Chris (the middle kid, he's not very bright but has a passion for movies). The final member of the family is Brian - a talking dog and much more than a pet, he keeps Stewie in check whilst sipping Martinis and sorting through his own life issues.","Animation, Comedy",1999,0.683232077764277,0.004035836696530581,0.6612113299636665,1999.0,0.6931818181818182,0.48245812756921547,Medium,45.0,10,7.5
22980,Watch What Happens Live with Andy Cohen,tv,5.0,84.0,265.4772,2009-07-16,Bravo network executive Andy Cohen discusses pop culture topics with celebrities and reality show personalities.,Comedy,2009,0.3924665856622114,6.91667243056036e-05,0.6449122652179724,2009.0,0.8068181818181818,0.39905283882763076,Low,45.0,10,7.5
1911,Bones,tv,8.194,3426.0,306.7632,2005-09-13,"Dr. Temperance Brennan and her colleagues at the Jeffersonian's Medico-Legal Lab assist Special Agent Seeley Booth with murder investigations when the remains are so badly decomposed, burned or destroyed that the standard identification methods are useless.","Crime, Drama",2005,0.7805589307411909,0.002854169045140871,0.7484293539622002,2005.0,0.7613636363636364,0.5414889139191095,Medium,45.0,10,7.5
1871,EastEnders,tv,4.1,219.0,364.7897,1985-02-19,"The everyday lives of working-class residents of Albert Square, a traditional Victorian square of terrace houses surrounding a park in the East End of London's Walford borough.","Drama, Crime",1985,0.2831105710814094,0.0001816668180556817,0.893920182572793,1985.0,0.5340909090909091,0.27352600120525317,Low,45.0,10,7.5
1622,Supernatural,tv,8.305,8276.0,284.0427,2005-09-13,"When they were boys, Sam and Dean Winchester lost their mother to a mysterious and demonic supernatural force. Subsequently, their father raised them to be soldiers. He taught them about the paranormal evil that lives in the dark corners and on the back roads of America ... and he taught them how to kill it. Now, the Winchester brothers crisscross the country in their '67 Chevy Impala, battling every kind of supernatural threat they encounter along the way. ","Drama, Mystery",2005,0.7940461725394896,0.0068958390798659,0.6914618585687684,2005.0,0.7613636363636364,0.5480963116488465,Medium,45.0,10,7.5
94722,Tagesschau,tv,6.8,254.0,243.4431,1952-12-26,"German daily news program, the oldest still existing program on German television.",Unknown,1952,0.6111786148238152,0.0002108335090279242,0.5896657921980821,1952.0,0.1590909090909091,0.29226196870950716,Low,45.0,10,7.5
2224,The Daily Show,tv,6.409,620.0,235.337,1996-07-22,"The World's Fakest News Team tackle the biggest stories in news, politics and pop culture.",Comedy,1996,0.5636695018226001,0.0005158337631948026,0.5693412300445776,1996.0,0.6590909090909091,0.4233498235852712,Medium,45.0,10,7.5
4614,NCIS,tv,7.6,2474.0,267.3705,2003-09-23,"From murder and espionage to terrorism and stolen submarines, a team of special agents investigates any crime that has any connection to Navy and Marine Corps personnel, regardless of rank or position.","Crime, Drama",2003,0.7083839611178615,0.0020608350506958755,0.649659368451985,2003.0,0.7386363636363636,0.5055627440532624,Medium,45.0,507,380.25
2734,Law & Order: Special Victims Unit,tv,7.9,4143.0,290.6922,1999-09-20,"In the criminal justice system, sexually-based offenses are considered especially heinous. In New York City, the dedicated detectives who investigate these vicious felonies are members of an elite squad known as the Special Victims Unit. These are their stories.","Crime, Drama, Mystery",1999,0.7448359659781288,0.0034516695430579524,0.7081342628124525,1999.0,0.6931818181818182,0.5069244327087143,Medium,45.0,10,7.5
111110,ONE PIECE,tv,8.115,1612.0,244.109,2023-08-31,"With his straw hat and ragtag crew, young pirate Monkey D. Luffy goes on an epic voyage for treasure.",Unknown,2023,0.7709599027946538,0.0013425011187509323,0.5913354145735794,2023.0,0.9659090909090909,0.5985594387262141,Medium,45.0,17,12.75
112527,Obake no Q-tarō,tv,7.0,2.0,253.862,1985-04-01,"Q-taro, a monster, is living with the Ohara family. He can fly and make his body transparent, but he cannot turn his body into other things like other monsters do. He is a scattered mind, and he always makes mistakes and causes trouble.

Sequel of Shin Obake no Q-tarou.","Animation, Comedy",1985,0.6354799513973268,8.333340277783565e-07,0.6157892770577739,1985.0,0.5340909090909091,0.41441950328641175,Medium,45.0,10,7.5
19530,Pili,tv,6.9,7.0,289.4269,1988-06-01,"Pili is a puppet show from Taiwan. It is made by Pili International Multimedia. The TV series started in 1985, and it still continues today. It is one of the most popular TV shows in Taiwan. Pili puppet show is performed by many kinds of puppets, some of them are cool, some are intelligent, and some are funny. Unlike traditional puppet shows, Pili puppet show uses state-of-the-art animation to help present its fighting art. The delicate design of the appearance and characteristics of each puppet has made Pili puppet show a well-known entertainment in Taiwan.",Drama,1988,0.6233292831105711,5.000004166670139e-06,0.7049617546404796,1988.0,0.5681818181818182,0.41978775870002394,Medium,45.0,10,7.5
2661,Kamen Rider,tv,6.417,96.0,223.3308,1971-04-03,"Takeshi Hongo is a promising young man with a passion for motorcycle racing. However, his dreams are suddenly ruined when he gets kidnapped by Shocker, the evil secret organization planning to dominate the world. After being remodeled into a cyborg, Takeshi escapes and swears to protect the world from the inhuman monsters.",Drama,1971,0.5646415552855407,7.916673263894386e-05,0.539237880946071,1971.0,0.375,0.33838037213400796,Low,45.0,10,7.5
549,Law & Order,tv,7.336,672.0,259.1334,1990-09-13,"In cases ripped from the headlines, police investigate serious and often deadly crimes, weighing the evidence and questioning the suspects until someone is taken into custody. The district attorney's office then builds a case to convict the perpetrator by proving the person guilty beyond a reasonable doubt. Working together, these expert teams navigate all sides of the complex criminal justice system to make New York a safer place.","Crime, Drama",1990,0.6763061968408263,0.0005591671326392772,0.6290063477743927,1990.0,0.5909090909090909,0.4479629561488495,Medium,45.0,10,7.5
1408,House,tv,8.6,7419.0,193.0538,2004-11-16,"Dr. Gregory House, a drug-addicted, unconventional, misanthropic medical genius, leads a team of diagnosticians at the fictional Princeton–Plainsboro Teaching Hospital in New Jersey.",Drama,2004,0.8298906439854191,0.006181671818059849,0.4633238448101171,2004.0,0.75,0.5588107591395857,Medium,45.0,10,7.5
270462,La Revuelta,tv,8.0,2.0,202.7496,2024-09-09,"David Broncano, along with Jorge Ponce, Ricardo Castella and his other collaborators, lead La Revuelta, a comedy show that includes multiple sections and interviews from the Teatro Príncipe Gran Vía in Madrid.",Comedy,2024,0.7569866342648846,8.333340277783565e-07,0.4876342887631831,2024.0,0.9772727272727273,0.5959767218879803,Medium,45.0,10,7.5
1431,CSI: Crime Scene Investigation,tv,7.6,1356.0,182.3252,2000-10-06,"A Las Vegas team of forensic investigators are trained to solve criminal cases by scouring the crime scene, collecting irrefutable evidence and finding the missing pieces that solve the mystery.","Crime, Drama, Mystery",2000,0.7083839611178615,0.001129167607639673,0.4364238438824098,2000.0,0.7045454545454546,0.49505597109307287,Medium,45.0,10,7.5
5920,The Mentalist,tv,8.352,4181.0,197.6466,2008-09-23,"Patrick Jane, a former celebrity psychic medium, uses his razor sharp skills of observation and expertise at ""reading"" people to solve serious crimes with the California Bureau of Investigation.","Crime, Drama, Mystery",2008,0.799756986634265,0.0034833362361135303,0.4748394502256209,2008.0,0.7954545454545454,0.5595841591609036,Medium,45.0,10,7.5
14424,Young Hearts,tv,6.2,34.0,250.7935,1995-04-24,"Malhação is a Brazilian television series for the teenage audience. The soap started in 1995, and was set in a fictional Gym Club called Malhação on Barra da Tijuca, Rio de Janeiro. Through the years the location varied slightly. Although the name of the soap remains the same, it is now set in the Múltipla Escolha High School.","Comedy, Drama",1995,0.5382746051032806,2.7500022916685765e-05,0.6080955749114855,1995.0,0.6477272727272727,0.4096362738663691,Medium,45.0,10,7.5
1399,Game of Thrones,tv,8.458,26476.0,184.0541,2011-04-17,"Seven noble families fight for control of the mythical land of Westeros. Friction between the houses leads to full-scale war. All while a very ancient evil awakens in the farthest north. Amidst the war, a neglected military order of misfits, the Night's Watch, is all that stands between the realms of men and icy horrors beyond.",Drama,2011,0.812636695018226,0.022062518385431988,0.440758744205277,2011.0,0.8295454545454546,0.5805370698865564,Medium,45.0,10,7.5
70672,Men on a Mission,tv,7.512,41.0,153.4085,2015-12-05,"Male celebs play make-believe as high schoolers, welcoming star transfer students every week and engaging in battles of witty humor and slapstick.",Comedy,2015,0.6976913730255162,3.333336111113426e-05,0.3639205110313172,2015.0,0.875,0.5415865492185399,Medium,45.0,10,7.5
46952,The Blacklist,tv,7.633,3511.0,169.869,2013-09-23,"Raymond ""Red"" Reddington, one of the FBI's most wanted fugitives, surrenders in person at FBI Headquarters in Washington, D.C. He claims that he and the FBI have the same interests: bringing down dangerous criminals and terrorists. In the last two decades, he's made a list of criminals and terrorists that matter the most but the FBI cannot find because it does not know they exist. Reddington calls this ""The Blacklist"". Reddington will co-operate, but insists that he will speak only to Elizabeth Keen, a rookie FBI profiler.","Drama, Crime, Mystery",2013,0.7123936816524908,0.0029250024375020315,0.4051922021439064,2013.0,0.8522727272727273,0.5415167915740651,Medium,45.0,10,7.5
4604,Smallville,tv,8.179,4378.0,168.3968,2001-10-16,The origins of the world’s greatest hero–from Krypton refugee Kal-el’s arrival on Earth through his tumultuous teen years to Clark Kent’s final steps toward embracing his destiny as the Man of Steel.,Drama,2001,0.7787363304981775,0.003647503039585866,0.4015009300892329,2001.0,0.7159090909090909,0.527361510383874,Medium,45.0,10,7.5
3452,Frasier,tv,7.684,855.0,177.219,1993-09-16,"After many years spent at the “Cheers” bar, Frasier moves back home to Seattle to work as a radio psychiatrist after his policeman father gets shot in the hip on duty.","Comedy, Family",1993,0.7185905224787362,0.0007116672597227165,0.4236209819305187,1993.0,0.625,0.47514970916941135,Medium,24.0,264,105.6
2261,The Tonight Show Starring Johnny Carson,tv,7.4,88.0,158.3222,1962-10-01,"The Tonight Show Starring Johnny Carson is a talk show hosted by Johnny Carson under The Tonight Show franchise from 1962 to 1992. It originally aired during late-night. For its first ten years, Carson's Tonight Show was based in New York City with occasional trips to Burbank, California; in May 1972, the show moved permanently to Burbank, California. In 2002, The Tonight Show Starring Johnny Carson was ranked #12 on TV Guide's 50 Greatest TV Shows of All Time.",Unknown,1962,0.68408262454435,7.250006041671701e-05,0.3762407144649874,1962.0,0.2727272727272727,0.3554729816540468,Low,45.0,10,7.5
95479,JUJUTSU KAISEN,tv,8.6,4251.0,186.394,2020-10-03,"Yuji Itadori is a boy with tremendous physical strength, though he lives a completely ordinary high school life. One day, to save a classmate who has been attacked by curses, he eats the finger of Ryomen Sukuna, taking the curse into his own soul. From then on, he shares one body with Ryomen Sukuna. Guided by the most powerful of sorcerers, Satoru Gojo, Itadori is admitted to Tokyo Jujutsu High School, an organization that fights the curses... and thus begins the heroic tale of a boy who became a curse to exorcise a curse, a life from which he could never turn back.",Animation,2020,0.8298906439854191,0.0035416696180580153,0.4466256152015619,2020.0,0.9318181818181818,0.6125642130250397,Medium,24.0,59,23.6
5092,Infinite Challenge,tv,7.7,20.0,148.2446,2005-04-23,"Infinite Challenge has been reported as the first ""Real-Variety"" show in Korean television history. The program is largely unscripted, and follows a similar format of challenge-based Reality Television programs, familiar to the audiences in the West, but the challenges are often silly, absurd, or impossible to achieve, so the program takes on the aspect of a satirical comedy variety show, rather than a more standard reality or contest program. In order to achieve its comedic purposes its 6 hosts and staff continuously proclaim, the elements of this show are the 3-Ds, Dirty, Dangerous, and Difficult.",Comedy,2005,0.7205346294046172,1.5833346527788773e-05,0.3509729768898086,2005.0,0.7613636363636364,0.516627692674896,Medium,90.0,616,924.0
61818,Late Night with Seth Meyers,tv,5.2,123.0,146.622,2014-02-25,"Seth Meyers, who is ""Saturday Night Live's"" longest serving anchor on the show's wildly popular ""Weekend Update,"" takes over as host of NBC's ""Late Night"" — home to A-list celebrity guests, memorable comedy and the best in musical talent. As the Emmy Award-winning head writer for ""SNL,"" Meyers has established a reputation for sharp wit and perfectly timed comedy, and has gained fame for his spot-on jokes and satire. Meyers takes his departure from ""SNL"" to his new post at ""Late Night,"" as Jimmy Fallon moves to ""The Tonight Show"".",Comedy,2014,0.41676792223572295,0.00010166675138895949,0.3469046043616785,2014.0,0.8636363636363636,0.42582857801061497,Medium,45.0,10,7.5
14610,Secret Lives,tv,4.1,21.0,156.1204,1999-01-25,Salatut elämät (Secret Lives) is a Finnish television soap opera that premiered on MTV3 on 25 January 1999. The series' storylines follow the daily lives of several families who live in the same apartment block in Helsinki.,Drama,1999,0.2831105710814094,1.666668055556713e-05,0.3707201039433326,1999.0,0.6931818181818182,0.3212037738912759,Low,45.0,10,7.5
63770,The Late Show with Stephen Colbert,tv,6.155,338.0,147.9952,2015-09-08,"Stephen Colbert brings his signature satire and comedy to The Late Show with Stephen Colbert, the #1 show in late night, where he talks with an eclectic mix of guests about what is new and relevant in the worlds of politics, entertainment, business, music, technology, and more. Featuring bandleader Jon Batiste with his band Stay Human, the Emmy Award-nominated show is broadcast from the historic Ed Sullivan Theater.",Comedy,2015,0.5328068043742406,0.00028083356736130613,0.3503476520355528,2015.0,0.875,0.4757069718199046,Medium,45.0,10,7.5
141,Cheers,tv,7.55,650.0,161.8154,1982-09-30,The story about a blue-collar Boston bar run by former sports star Sam Malone and the quirky and wonderful people who worked and drank there.,Comedy,1982,0.7023086269744835,0.0005408337840281534,0.3849992741317349,1982.0,0.5,0.43108570092500187,Medium,45.0,10,7.5
57243,Doctor Who,tv,7.594,3311.0,148.6462,2005-03-26,"The Doctor is a Time Lord: a 900 year old alien with 2 hearts, part of a gifted civilization who mastered time travel. The Doctor saves planets for a living—more of a hobby actually, and the Doctor's very, very good at it.",Drama,2005,0.7076549210206561,0.00275833563194636,0.3519799153880812,2005.0,0.7613636363636364,0.5122985600069372,Medium,45.0,10,7.5
13945,"Gute Zeiten, schlechte Zeiten",tv,5.4,45.0,176.2167,1992-05-11,"Gute Zeiten, schlechte Zeiten is a long-running German television soap opera, first broadcast on RTL in 1992. The programme concerns the lives of a fictional neighborhood in Germany's capital city Berlin. Over the years the soap opera tends to have an overhaul of young people in their late teens and early twenties; targeting a young viewership.",Drama,1992,0.44106925880923453,3.666669722224769e-05,0.4211078981236995,1992.0,0.6136363636363636,0.3605296126237696,Low,45.0,10,7.5
95557,Invincible,tv,8.616,5342.0,213.5616,2021-03-25,"Mark Grayson is a normal teenager except for the fact that his father is the most powerful superhero on the planet. Shortly after his seventeenth birthday, Mark begins to develop powers of his own and enters into his father's tutelage.","Animation, Drama",2021,0.8318347509113001,0.004450837042364202,0.5147433999268366,2021.0,0.9431818181818182,0.6170236969317748,Medium,45.0,10,7.5
33847,The Talk,tv,3.036,14.0,133.0517,2010-10-18,"A panel of well-known news and entertainment personalities discussing current events, pop culture, contemporary issues, family, celebrity and the trending topics of the day.",Unknown,2010,0.15382746051032806,1.0833342361118635e-05,0.3128795607782411,2010.0,0.8181818181818182,0.306988779661385,Low,45.0,10,7.5
34307,Shameless,tv,8.165,3228.0,169.7636,2011-01-09,"Chicagoan Frank Gallagher is the proud single dad of six smart, industrious, independent kids, who without him would be... perhaps better off. When Frank's not at the bar spending what little money they have, he's passed out on the floor. But the kids have found ways to grow up in spite of him. They may not be like any family you know, but they make no apologies for being exactly who they are.","Drama, Comedy",2011,0.7770352369380314,0.0026891689076407564,0.4049279309344494,2011.0,0.8295454545454546,0.5604844818111412,Medium,45.0,10,7.5
4057,Criminal Minds,tv,8.3,4019.0,162.5978,2005-09-22,"An elite team of FBI profilers analyze the country's most twisted criminal minds, anticipating their next moves before they strike again. The Behavioral Analysis Unit's most experienced agent is David Rossi, a founding member of the BAU who returns to help the team solve new cases.","Crime, Drama, Mystery",2005,0.793438639125152,0.0033483361236134363,0.3869609989351425,2005.0,0.7613636363636364,0.5467890473962358,Medium,45.0,10,7.5
498,Late Show with David Letterman,tv,6.392,162.0,122.347,1993-08-30,"Late Show with David Letterman is an American late-night talk show hosted by David Letterman on CBS. The show debuted on August 30, 1993, and is produced by Letterman's production company, Worldwide Pants Incorporated and CBS Television Studios. The show's music director and band-leader of the house band, the CBS Orchestra, is Paul Shaffer. The head writer is Matt Roberts and the announcer is Alan Kalter. Of the major U.S. late-night programs, Late Show ranks second in cumulative average viewers over time and third in number of episodes over time. The show leads other late night shows in ad revenue with $271 million in 2009.

In most U.S. markets the show airs at 11:35 p.m. Eastern/Pacific time, but is recorded Monday through Wednesday at 4:30 p.m., and Thursdays at 3:30 p.m and 6:00 p.m. The second Thursday episode usually airs on Friday of that week.

In 2002, Late Show with David Letterman was ranked No. 7 on TV Guide's 50 Greatest TV Shows of All Time. CBS has a contract with Worldwide Pants to continue the show through 2014; by then, Letterman will surpass Johnny Carson as the longest tenured late-night talk show host.",Comedy,1993,0.5616038882138518,0.00013416677847231538,0.2860394847263025,1993.0,0.625,0.41218180531908244,Medium,45.0,10,7.5
49009,The Goldbergs,tv,7.472,359.0,150.7621,2013-09-24,"Before there were parenting blogs, trophies for showing up, and peanut allergies, there was a simpler time called the '80s. For geeky 11-year old Adam these were his wonder years and he faced them armed with a video camera to capture all the crazy. The Goldbergs are a loving family like any other, just with a lot more yelling.","Family, Comedy",2013,0.6928311057108141,0.0002983335819446516,0.3572851473813456,2013.0,0.8522727272727273,0.5329037605407272,Medium,45.0,229,171.75
65733,Doraemon,tv,8.1,214.0,132.2395,2005-04-22,"Robotic cat Doraemon is sent back in time from the 22nd century to protect 10-year-old Noby, a lazy and uncoordinated boy who is destined to have a tragic future. Doraemon can create secret gadgets from a pocket on his stomach, but they usually cause more bad than good because of Noby's propensity to misuse them.","Animation, Comedy, Family",2005,0.7691373025516403,0.00017750014791678993,0.3108431179288959,2005.0,0.7613636363636364,0.5361172619741221,Medium,45.0,10,7.5
1396,Breaking Bad,tv,8.939,17335.0,153.7273,2008-01-20,"Walter White, a New Mexico chemistry teacher, is diagnosed with Stage III cancer and given a prognosis of only two years left to live. He becomes filled with a sense of fearlessness and an unrelenting desire to secure his family's financial future at any cost as he enters the dangerous world of drugs and crime.","Drama, Crime",2008,0.8710814094775213,0.014445012037510032,0.3647198436838303,2008.0,0.7954545454545454,0.5914024310386252,Medium,45.0,10,7.5
66732,Stranger Things,tv,8.575,20854.0,148.7605,2016-07-15,"When a young boy vanishes, a small town uncovers a mystery involving secret experiments, terrifying supernatural forces, and one strange little girl.",Mystery,2016,0.8268529769137302,0.01737751448126207,0.3522665017186404,2016.0,0.8863636363636364,0.6018635360189616,Medium,45.0,42,31.5
33238,Running Man,tv,8.244,205.0,141.1067,2010-07-11,"These days, as variety shows are gradually disappearing, this is one of Korea’s representative variety shows that has been responsible for Sunday evenings for over 10 years. This program features numerous stars and members going around various places, playing games, and completing missions. In particular, among the many fun elements of variety shows, this one focuses solely on laughter.

Open your eyes! Big fun is coming in!

Open your mouth! Big laughter is coming in!

Open your heart! Useful lessons are coming in!",Comedy,2010,0.7866342648845687,0.00017000014166678473,0.3330759990341814,2010.0,0.8181818181818182,0.560159251450873,Medium,45.0,10,7.5
2190,South Park,tv,8.339,4882.0,120.0647,1997-08-13,"Follow the misadventures of four irreverent grade-schoolers in the quiet, dysfunctional town of South Park, Colorado.","Animation, Comedy",1997,0.7981773997569866,0.004067503389586158,0.2803170351879372,1997.0,0.6704545454545454,0.5216275745560341,Medium,45.0,10,7.5
1421,Modern Family,tv,7.9,3249.0,136.7192,2009-09-23,"The Pritchett-Dunphy-Tucker clan is a wonderfully large and blended family. They give us an honest and often hilarious look into the sometimes warm, sometimes twisted, embrace of the modern family.",Comedy,2009,0.7448359659781288,0.002706668922224102,0.322075145794214,2009.0,0.8068181818181818,0.5407918416133732,Medium,45.0,10,7.5
32415,Conan,tv,7.1,247.0,143.0891,2010-11-08,A late night television talk show hosted by  Conan O'Brien.,Comedy,2010,0.6476306196840826,0.0002050001708334757,0.3380465042109135,2010.0,0.8181818181818182,0.5045682933794285,Medium,45.0,10,7.5
1433,American Dad!,tv,6.999,2316.0,137.9165,2005-02-06,"The series focuses on an eccentric motley crew that is the Smith family and their three housemates: Father, husband, and breadwinner Stan Smith; his better half housewife, Francine Smith; their college-aged daughter, Hayley Smith; and their high-school-aged son, Steve Smith. Outside of the Smith family, there are three additional main characters, including Hayley's boyfriend turned husband, Jeff Fischer; the family's man-in-a-goldfish-body pet, Klaus; and most notably the family's zany alien, Roger, who is ""full of masquerades, brazenness, and shocking antics.""","Animation, Comedy",2005,0.6353584447144591,0.0019291682743068953,0.3250771564116985,2005.0,0.7613636363636364,0.4831312192771666,Medium,45.0,397,297.75
4656,Raw,tv,6.8,350.0,170.1152,1993-01-11,"A regularly scheduled, live, year-round program featuring some of the biggest WWE Superstars.",Unknown,1993,0.6111786148238152,0.0002908335756946464,0.4058095035838335,1993.0,0.625,0.43205869600223445,Medium,45.0,10,7.5
4087,The X-Files,tv,8.372,3479.0,126.4256,1993-09-10,"The exploits of FBI Special Agents Fox Mulder and Dana Scully who investigate X-Files: marginalized, unsolved cases involving paranormal phenomena. Mulder believes in the existence of aliens and the paranormal while Scully, a skeptic, is assigned to make scientific analyses of Mulder's discoveries that debunk Mulder's work and thus return him to mainstream cases.","Mystery, Crime",1993,0.802187120291616,0.002898335748613124,0.2962658277518368,1993.0,0.625,0.5092443488412304,Medium,45.0,10,7.5
65270,Radio Star,tv,5.8,4.0,147.3821,2007-05-30,"“Radio Star” is a South Korean music talk show where the guests and hosts talk openly and intimately about their lives, their pasts and their work. It is part of Munhwa Broadcasting Corporation's ""Golden Fishery"" programming block.",Unknown,2007,0.48967193195625747,2.5000020833350695e-06,0.3488104159964817,2007.0,0.7840909090909091,0.4310967955104007,Medium,45.0,10,7.5
17887,7de Laan,tv,7.5,2.0,144.1529,2000-04-04,"7de Laan is an extraordinary microcosm where good and bad, evil and wholesome characters find themselves forming part of a wholesome community where no matter what – everyone counts and everyone cares…",Unknown,2000,0.6962332928311057,8.333340277783565e-07,0.3407137880118656,2000.0,0.7045454545454546,0.489857203496287,Medium,45.0,10,7.5
1668,Friends,tv,8.415,8926.0,141.1978,1994-09-22,"Six young people from New York City, on their own and struggling to survive in the real world, find the companionship, comfort and support they get from each other to be the perfect antidote to the pressures of life.",Comedy,1994,0.8074119076549209,0.007437506197921832,0.3333044156108564,1994.0,0.6363636363636364,0.5161051058304358,Medium,45.0,10,7.5
14981,The Late Late Show with Craig Ferguson,tv,6.741,112.0,109.9262,2005-01-03,"The Late Late Show with Craig Ferguson is an American late-night talk show hosted by Scottish American comedian Craig Ferguson, who is the third regular host of the Late Late Show franchise. It follows Late Show with David Letterman in the CBS late-night lineup, airing weekdays in the US at 12:37 a.m. It is taped in front of a live studio audience from Monday to Friday at CBS Television City in Los Angeles, California, directly above the Bob Barker Studio. It is produced by David Letterman's production company Worldwide Pants Incorporated and CBS Television Studios.

Since becoming host on January 3, 2005, after Craig Kilborn and Tom Snyder, Ferguson has achieved the highest ratings since the show's inception in 1995. While the majority of the episodes focus on comedy, Ferguson has also addressed difficult subject matter, such as the deaths of his parents, and undertaken serious interviews, such as one with Desmond Tutu, which earned the show a 2009 Peabody Award.",Comedy,2005,0.6040097205346294,9.250007708339757e-05,0.2548966020088122,2005.0,0.7613636363636364,0.4700407291460677,Medium,45.0,10,7.5
14929,Heartland,tv,8.266,574.0,139.0639,2007-10-14,"Life is hard on the Flemings' ranch in the Alberta foothills where abused or neglected horses find refuge with a kind, hard-working family. Debts abound and the bank is about to foreclose. Can they keep the ranch running?","Family, Drama, Comedy",2007,0.789307411907655,0.00047750039791699824,0.3279540519119921,2007.0,0.7840909090909091,0.5510934876097098,Medium,45.0,10,7.5
85077,The Chosen,tv,8.678,781.0,126.1281,2019-04-21,The life of Christ through the eyes of those who encountered him.,"Drama, Family",2019,0.8393681652490889,0.000650000541667118,0.2955199009509501,2019.0,0.9204545454545454,0.6120786298984993,Medium,45.0,10,7.5
4629,Stargate SG-1,tv,8.3,1769.0,125.4222,1997-07-27,"The story of Stargate SG-1 begins about a year after the events of the feature film, when the United States government learns that an ancient alien device called the Stargate can access a network of such devices on a multitude of planets. SG-1 is an elite Air Force special operations team, one of more than two dozen teams from Earth who explore the galaxy and defend against alien threats such as the Goa'uld, Replicators, and the Ori.",Unknown,1997,0.793438639125152,0.0014733345611121342,0.293749985896342,1997.0,0.6704545454545454,0.5189538196547581,Medium,42.0,214,149.8
2316,The Office,tv,8.594,5029.0,147.5208,2005-03-24,"The everyday lives of office employees in the Scranton, Pennsylvania branch of the fictional Dunder Mifflin Paper Company.",Comedy,2005,0.8291616038882138,0.004190003491669576,0.3491581808612985,2005.0,0.7613636363636364,0.5613307335118773,Medium,45.0,10,7.5
764,Midsomer Murders,tv,7.5,343.0,140.9243,1997-03-23,"The peacefulness of the Midsomer community is shattered by violent crimes, suspects are placed under suspicion, and it is up to a veteran DCI and his young sergeant to calmly and diligently eliminate the innocent and ruthlessly pursue the guilty. ","Crime, Drama, Mystery",1997,0.6962332928311057,0.00028500023750019794,0.3326186644174361,1997.0,0.6704545454545454,0.479715180840056,Medium,90.0,144,216.0
4607,Lost,tv,7.946,4948.0,121.8598,2004-09-22,"Stripped of everything, the survivors of a horrific plane crash  must work together to stay alive. But the island holds many secrets.","Mystery, Drama",2004,0.7504252733900364,0.00412250343541953,0.2848179198947328,2004.0,0.75,0.5264068603866404,Medium,45.0,10,7.5
60574,Peaky Blinders,tv,8.524,10870.0,143.4945,2013-09-12,"A gangster family epic set in 1919 Birmingham, England and centered on a gang who sew razor blades in the peaks of their caps, and their fierce boss Tommy Shelby, who means to move up in the world.","Drama, Crime",2013,0.8206561360874847,0.009057507547922956,0.3390629705137016,2013.0,0.8522727272727273,0.5866615248811891,Medium,45.0,10,7.5
57532,PAW Patrol,tv,6.991,797.0,107.6201,2013-08-12,"Marshall, Rocky, Rubble, Zuma and Skye are doing their best to protect the people of their town. Led by Ryder, a tech-savvy 10-year-old boy, each of them is equipped with special equipment and together they help anyone who finds themselves in trouble. No task is too big for them and no puppy is too small.",Animation,2013,0.6343863912515189,0.0006633338861115718,0.2491144783263759,2013.0,0.8522727272727273,0.5096353748482592,Medium,45.0,553,414.75
4386,Baywatch,tv,5.97,527.0,133.0454,1989-04-23,Join the Baywatch lifeguards on their thrilling adventures filled with beautiful beaches and those iconic red swimsuits.,"Drama, Crime",1989,0.5103280680437423,0.0004383336986114155,0.3128637646812811,1989.0,0.5795454545454546,0.3781263636907167,Low,45.0,10,7.5
82873,The Kelly Clarkson Show,tv,6.4,70.0,111.9508,2019-09-09,"Kelly Clarkson presents the biggest newsmakers and names in film, television and music; as well as emerging new talent and everyday people who are beacons of hope in their communities.",Unknown,2019,0.5625759416767923,5.7500047916706595e-05,0.2599729159620061,2019.0,0.9204545454545454,0.5011839903214556,Medium,45.0,10,7.5
49011,Mom,tv,7.317,627.0,135.2276,2013-09-23,"Aan irreverent and outrageous take on true family love‐and dysfunction. Newly sober single mom Christy struggles to raise two children in a world full of temptations and pitfalls. Testing her sobriety is her formerly estranged mother, now back in Christy's life and eager to share passive-aggressive insights into her daughter's many mistakes.","Comedy, Drama",2013,0.6739975698663427,0.0005216671013892511,0.3183352317901716,2013.0,0.8522727272727273,0.525437346258772,Medium,45.0,10,7.5
60572,Pokémon,tv,8.0,2130.0,126.8414,1997-04-01,"Join Ash accompanied by his partner Pikachu, as he travels through many regions, meets new friends and faces new challenges on his quest to become a Pokémon Master.",Animation,1997,0.7569866342648846,0.0017741681451401209,0.2973083701511937,1997.0,0.6704545454545454,0.5044632677858595,Medium,45.0,10,7.5
502,Sesame Street,tv,7.1,279.0,136.5392,1969-11-10,"On a special inner city street, the inhabitants—human and muppet—teach preschoolers basic educational and social concepts using comedy, cartoons, games, and songs.",Comedy,1969,0.6476306196840826,0.0002316668597223831,0.3216238287382152,1969.0,0.3522727272727273,0.36480356611336795,Low,45.0,10,7.5
693,Desperate Housewives,tv,7.901,2037.0,111.9964,2004-10-03,"Looking down on her friends and family isn't a way of life for Mary Alice Young... it's a way of death. One day, in her perfect house, in the loveliest of suburbs, Mary Alice ended it all. Now she's taking us into the lives of her family, friends and neighbors, commenting from her elevated P.O.V.","Mystery, Drama, Comedy",2004,0.7449574726609963,0.0016966680805567337,0.2600872496161924,2004.0,0.75,0.5234919894885655,Medium,45.0,10,7.5
1405,Dexter,tv,8.226,5328.0,125.8108,2006-10-01,"Dexter Morgan, a blood spatter pattern analyst for the Miami Metro Police also leads a secret life as a serial killer, hunting down criminals who have slipped through the cracks of justice.","Crime, Drama, Mystery",2006,0.7844471445929527,0.004439170365975305,0.2947243292739036,2006.0,0.7727272727272727,0.5469287907651555,Medium,45.0,10,7.5
1398,The Sopranos,tv,8.657,3344.0,106.5559,1999-01-10,"The story of New Jersey-based Italian-American mobster Tony Soprano and the difficulties he faces as he tries to balance the conflicting requirements of his home life and the criminal organization he heads. Those difficulties are often highlighted through his ongoing professional relationship with psychiatrist Jennifer Melfi. The show features Tony's family members and Mafia associates in prominent roles and story arcs, most notably his wife Carmela and his cousin and protégé Christopher Moltisanti.","Crime, Drama",1999,0.83681652490887,0.0027858356548630457,0.2464461915986326,1999.0,0.6931818181818182,0.5435169061145524,Medium,45.0,10,7.5
40663,AIBOU: Tokyo Detective Duo,tv,7.4,20.0,100.1141,2002-10-09,"Detective Ukyo Sugishita confronts crime on the basis of his own convictions. He has a partner that works for him in the Special Task Unit. For the first 7 seasons, Ukyo’s first partner is Kaoru Kameyama. He is a good-natured, hot-tempered, straightforward and somewhat scattered detective. Beginning in Season 8, Takeru Kanbe replaces Kameyama. Contrary to his predecessor, Takeru is a lanky, cool, conceited and confident detective. From Season 11 to Season 13, Ukyo’s partner is a young detective Toru Kai. Toru is a son of Deputy Director-General of The National Police Agency. But he became a detective by his own effort. And starting with Season 14, Ukyo’s current partner is Wataru Kaburagi, an elite bureaucrat who came to the Metropolitan Police Department on temporary assignment. As the first partner without any career of a police officer, he will face challenging cases together with Ukyo.","Drama, Crime, Mystery",2002,0.68408262454435,1.5833346527788773e-05,0.2302945570912314,2002.0,0.7272727272727273,0.4918196180035165,Medium,45.0,10,7.5
57775,Chibi Maruko-chan,tv,7.9,22.0,113.9319,1990-01-07,"Meet Maruko, a sweet schoolgirl with a hefty dose of curiosity (and occasional laziness!). She sails through life in a cozy town alongside her loving parents, grandparents, and sister. Maruko has a band of loyal friends, including her closest pal, Tama-chan, but her playful and doting grandpa is at the heart of it all. Life is never dull in this charming series.","Animation, Comedy",1990,0.7448359659781288,1.7500014583345485e-05,0.264940161626667,1990.0,0.5909090909090909,0.47521236366835384,Medium,45.0,10,7.5
91239,Bridgerton,tv,8.072,3223.0,115.0431,2020-12-25,"Wealth, lust, and betrayal set in the backdrop of Regency era England, seen through the eyes of the powerful Bridgerton family.",Drama,2020,0.7657351154313486,0.0026850022375018647,0.2677262922523654,2020.0,0.9318181818181818,0.5866450013892446,Medium,45.0,10,7.5
5021,The Waltons,tv,7.153,101.0,113.7648,1972-09-14,The Waltons live their life in a rural Virginia community during the Great Depression and World War II.,Drama,1972,0.6540704738760631,8.333340277783564e-05,0.2645211889596816,1972.0,0.38636363636363635,0.3775622804803495,Low,45.0,10,7.5
46831,Government Job,tv,7.9,11.0,100.0813,2012-09-24,"The backbone of the ""Državni Posao (Government Job)"" are satirical talks between the three actors, the comments are reminiscent of the ""stand-up"" form. These are short, witty comments and observations on daily life, circumstances, sociopolitical situation, sports, entertainment world, their personal opinions on various topics. The main idea is to present day in a non-existent government company and three employees of thinking about daily events in it, but also about life and society in general. Topics drawn from the daily and weekly press, for various blogs, websites, talk about movies, series, shows - radio and television. The idea is that actors humorously comment on current events, to laugh viewers and encourage them to think about them.",Comedy,2012,0.7448359659781288,8.333340277783565e-06,0.2302123170943606,2012.0,0.8409090909090909,0.5502096136660621,Medium,45.0,10,7.5
1438,The Wire,tv,8.6,2592.0,110.4277,2002-06-02,"Told from the points of view of both the Baltimore homicide and narcotics detectives and their targets, the series captures a universe in which the national war on drugs has become a permanent, self-sustaining bureaucracy, and distinctions between good and evil are routinely obliterated.","Crime, Drama",2002,0.8298906439854191,0.002159168465973722,0.2561540214731641,2002.0,0.7272727272727273,0.550785826315778,Medium,45.0,60,45.0
1404,Chuck,tv,7.716,1169.0,112.0591,2007-09-24,"When Buy More computer geek Chuck Bartowski unwittingly downloads a database of government information and deadly fighting skills into his head, he becomes the CIA's most vital secret. This sets Chuck on a path to become a full-fledged spy.","Comedy, Drama",2007,0.7224787363304981,0.0009733341444451203,0.2602444583906986,2007.0,0.7840909090909091,0.5245107675028055,Medium,45.0,10,7.5
1412,Arrow,tv,6.831,6256.0,106.7486,2012-10-10,"Spoiled billionaire playboy Oliver Queen is missing and presumed dead when his yacht is lost at sea. He returns five years later a changed man, determined to clean up the city as a hooded vigilante armed with a bow.","Crime, Drama",2012,0.6149453219927096,0.00521250434375362,0.246929351580249,2012.0,0.8409090909090909,0.49981460737293715,Medium,45.0,10,7.5
6836,Kangsi Coming,tv,7.7,3.0,92.0691,2004-01-05,"KangXi Lai Le is a Taiwanese variety-comedy talk show hosted by variety show veterans Dee Hsu and Kevin Tsai. It was produced by Chungta Production from 2004 to 2009, and currently produced by Gold Star Production along with the writing and production staff of GUESS. It was first broadcast on 5 January 2004 and currently airs Monday to Friday at 22:00-23:00 on cable TV CTi Variety. In most episodes, the hosts interview a panel of celebrities in various and controversial topics while employing their signature comedic bantering. It is broadcast in Hong Kong on ATV Home under the name of Variety Show of Mr Con and Ms Csi.

Although it is broadcast in Taiwan, the show is very successful and popular among Chinese speaking audiences across the world who watch uploaded re-runs over the internet or through bootleg DVDs. The show has been mentioned in other Taiwanese variety and talk shows, mainly from presenters who appeared on the show.",Unknown,2004,0.7205346294046172,1.666668055556713e-06,0.2101231920050688,2004.0,0.75,0.5132143517622636,Medium,45.0,10,7.5
71712,The Good Doctor,tv,8.461,12767.0,110.0454,2017-09-25,"Shaun Murphy, a young surgeon with autism and savant syndrome, relocates from a quiet country life to join a prestigious hospital's surgical unit. Unable to personally connect with those around him, Shaun uses his extraordinary medical gifts to save lives and challenge the skepticism of his colleagues.",Drama,2017,0.8130012150668288,0.010638342198618499,0.2551954741925624,2017.0,0.8977272727272727,0.5977101705044989,Medium,45.0,126,94.5
1400,Seinfeld,tv,8.258,2275.0,107.3876,1989-07-05,A stand-up comedian and his three offbeat friends weather the pitfalls and payoffs of life in New York City in the '90s. It's a show about nothing.,Comedy,1989,0.7883353584447144,0.0018950015791679826,0.2485315271290443,1989.0,0.5795454545454546,0.4897662802152726,Medium,45.0,10,7.5
1667,Saturday Night Live,tv,6.962,485.0,101.6779,1975-10-11,"A late-night live television sketch comedy and variety show created by Lorne Michaels. The show's comedy sketches, which parody contemporary culture and politics, are performed by a large and varying cast of repertory and newer cast members. Each episode is hosted by a celebrity guest, who usually delivers an opening monologue and performs in sketches with the cast, and features performances by a musical guest.",Comedy,1975,0.6308626974483597,0.00040333366944472456,0.2342154993810687,1975.0,0.42045454545454547,0.378602442716541,Low,45.0,10,7.5
18165,The Vampire Diaries,tv,8.305,9505.0,104.443,2009-09-10,"The story of two vampire brothers obsessed with the same girl, who bears a striking resemblance to the beautiful but ruthless vampire they knew and loved in 1864.",Drama,2009,0.7940461725394896,0.0079200066000055,0.2411484815563017,2009.0,0.8068181818181818,0.562039925541252,Medium,45.0,10,7.5
206559,Binnelanders,tv,5.5,108.0,99.7599,2005-10-13,"A South African Afrikaans soap opera. It is set in and around the fictional private hospital, Binneland Kliniek, in Pretoria, and the storyline follows the trials, trauma and tribulations of the staff and patients of the hospital.",Unknown,2005,0.45321992709599024,8.916674097228415e-05,0.2294064654177052,2005.0,0.7613636363636364,0.4097238117697787,Medium,45.0,10,7.5
4608,30 Rock,tv,7.472,773.0,110.1601,2006-10-11,"Liz Lemon, the head writer for a late-night TV variety show in New York, tries to juggle all the egos around her while chasing her own dream.",Comedy,2006,0.6928311057108141,0.0006433338694448912,0.2554830634499127,2006.0,0.7727272727272727,0.5091436242633409,Medium,22.0,138,50.6
124364,FROM,tv,8.154,2468.0,117.7816,2022-02-20,"Unravel the mystery of a nightmarish town in middle America that traps all those who enter. As the unwilling residents fight to keep a sense of normalcy and search for a way out, they must also survive the threats of the surrounding forest – including the terrifying creatures that come out when the sun goes down.","Mystery, Drama",2022,0.7756986634264884,0.0020558350465292056,0.2745925797959896,2022.0,0.9545454545454546,0.5972598522481904,Medium,45.0,10,7.5
60735,The Flash,tv,7.8,11528.0,116.3131,2014-10-07,"After being struck by lightning, CSI investigator Barry Allen awakens from a nine-month coma to discover he has been  granted the gift of super speed.  Teaming up with S.T.A.R. Labs, Barry takes on the persona of The Flash, the Fastest  Man Alive, to protect his city.",Drama,2014,0.7326852976913729,0.009605841338201115,0.2709105848141339,2014.0,0.8636363636363636,0.5550467805689185,Medium,45.0,10,7.5
80748,FBI,tv,7.905,886.0,114.0233,2018-09-25,"The New York office of the FBI brings to bear all their talents, intellect and technical expertise on major cases in order to keep their city and the country safe.","Crime, Drama",2018,0.7454434993924666,0.0007375006145838455,0.2651693303984352,2018.0,0.9090909090909091,0.5711259226686345,Medium,45.0,157,117.75
1620,CSI: Miami,tv,7.707,1677.0,113.889,2002-09-23,"CSI: Miami follows Crime Scene Investigators working for the Miami-Dade Police Department as they use physical evidence, similar to their Las Vegas counterparts, to solve grisly murders. The series mixes deduction, gritty subject matter, and character-driven drama in the same vein as the original series in the CSI franchise, except that the Miami CSIs are cops first, scientists second.","Drama, Mystery, Crime",2002,0.72138517618469,0.0013966678305565256,0.2648325977283207,2002.0,0.7272727272727273,0.5071548890048612,Medium,45.0,10,7.5
15226,C.I.D.,tv,5.7,27.0,114.6019,1998-01-21,"A team of dedicated men and women in the Crime Investigation Department will risk everything to solve Mumbai's toughest, most complicated crimes.","Crime, Drama, Mystery",1998,0.4775212636695018,2.166668472223727e-05,0.2666200640017732,1998.0,0.6818181818181818,0.39556046001867196,Low,45.0,10,7.5
30984,Bleach,tv,8.4,2078.0,107.3683,2004-10-05,"For as long as he can remember, Ichigo Kurosaki has been able to see ghosts. But when he meets Rukia, a Soul Reaper who battles evil spirits known as Hollows, he finds his life is changed forever. Now, with a newfound wealth of spiritual energy, Ichigo discovers his true calling: to protect the living and the dead from evil.",Animation,2004,0.8055893074119077,0.0017308347756956465,0.2484831359113734,2004.0,0.75,0.5477549733974718,Medium,45.0,10,7.5
291,Coronation Street,tv,5.3,115.0,92.841,1960-12-09,"The residents of Coronation Street are ordinary, working-class people, and the show follows them through regular social and family interactions at home, in the workplace, and in their local pub, the Rovers Return Inn. Britain's longest-running soap.",Unknown,1960,0.4289185905224787,9.500007916673264e-05,0.2120585899802097,1960.0,0.25,0.2465959362327415,Low,45.0,10,7.5
1973,24,tv,7.783,1732.0,106.962,2001-11-06,"Counterterrorism agent Jack Bauer fights the bad guys of the world, a day at a time. With each week's episode unfolding in real-time, ""24"" covers a single day in the life of Bauer each season.","Drama, Crime",2001,0.7306196840826245,0.001442501202084335,0.2474644130233052,2001.0,0.7159090909090909,0.5074533512664023,Medium,45.0,10,7.5
2685,Family Matters,tv,6.8,334.0,91.6788,1989-09-22,"A long-running dramedy centering on the Winslow family, a middle-class African American family living in Chicago, and their pesky next-door neighbor, ultra-nerd Steve Urkel. A spin-off of Perfect Strangers.","Comedy, Family",1989,0.6111786148238152,0.0002775002312501927,0.209144586188645,1989.0,0.5795454545454546,0.4184183323625375,Medium,45.0,10,7.5
12225,Peppa Pig,tv,6.567,736.0,78.1954,2004-05-31,"Peppa Pig is an energetic piggy who lives with Mummy, Daddy, and little brother George. She loves to jump in mud puddles and make loud snorting noises.",Animation,2004,0.5828675577156744,0.000612500510417092,0.1753374284505759,2004.0,0.75,0.45833077323939486,Medium,45.0,10,7.5
2595,Knots Landing,tv,6.8,41.0,101.4996,1979-12-27,"The domestic adventures, misdeeds and everyday interactions of five families living on a cul-de-sac in a small California community.",Drama,1979,0.6111786148238152,3.333336111113426e-05,0.2337684447639323,1979.0,0.4659090909090909,0.3842541732105867,Low,44.0,344,252.27
4598,Boston Legal,tv,7.909,363.0,99.1983,2004-10-03,Alan Shore and Denny Crane lead a brigade of high-priced civil litigators in an upscale Boston law firm in a series focusing on the professional and personal lives of brilliant but often emotionally challenged attorneys. A spin-off of long-running series The Practice.,"Comedy, Drama",2004,0.7459295261239367,0.00030166691805576506,0.2279983562029894,2004.0,0.75,0.5234623105249914,Medium,45.0,10,7.5
63174,Lucifer,tv,8.435,15337.0,109.9737,2016-01-25,"Bored and unhappy as the Lord of Hell, Lucifer Morningstar abandoned his throne and retired to Los Angeles, where he has teamed up with LAPD detective Chloe Decker to take down criminals. But the longer he's away from the underworld, the greater the threat that the worst of humanity could escape.",Crime,2016,0.8098420413122722,0.012780010650008874,0.2550156995652562,2016.0,0.8863636363636364,0.5936799106290025,Medium,45.0,93,69.75
32798,Hawaii Five-0,tv,7.741,1834.0,101.9666,2010-09-20,"Steve McGarrett returns home to Oahu, in order to find his father's killer. The governor offers him the chance to run his own task force (Five-0). Steve's team is joined by Chin Ho Kelly, Danny ""Danno"" Williams, and Kono Kalakaua.","Crime, Drama",2010,0.725516403402187,0.0015275012729177274,0.2349393617925511,2010.0,0.8181818181818182,0.5361193571972955,Medium,45.0,10,7.5
45789,Sturm der Liebe,tv,6.0,38.0,85.9946,2005-09-26,"These are the stories of relationships taking place in the fictional five-star hotel Fürstenhof, located in Feldkirchen-Westerham near Rosenheim with the plot revolving around members of the family room area, the hotel owners, and employees.",Drama,2005,0.5139732685297692,3.083335902779919e-05,0.1948924950236026,2005.0,0.7613636363636364,0.434007648328707,Medium,45.0,10,7.5
2221,The View,tv,4.3,107.0,85.919,1997-08-11,"ABC Daytime's morning chatfest, currently featuring Whoopi Goldberg, Joy Behar, Sunny Hostin, Sara Haines, Alyssa Farah Griffin, and Ana Navarro discussing the most exciting events of the day. Hot topics in the news, the best experts in their field, celebrity interviews and general entertainment are all part of The View.",Unknown,1997,0.307411907654921,8.833340694450579e-05,0.1947029418600832,1997.0,0.6704545454545454,0.3241276267204154,Low,45.0,10,7.5
1402,The Walking Dead,tv,8.083,17601.0,98.392,2010-10-31,Sheriff's deputy Rick Grimes awakens from a coma to find a post-apocalyptic world dominated by flesh-eating zombies. He sets out to find his family and encounters many other survivors along the way.,Drama,2010,0.7670716889428919,0.014666678888899075,0.2259767065238131,2010.0,0.8181818181818182,0.556683224698372,Medium,45.0,10,7.5
3034,Scene of the Crime,tv,6.153,121.0,109.0431,1970-11-29,"Tatort is a long-running German/Austrian/Swiss, crime television series set in various parts of these countries. The show is broadcast on the channels of ARD in Germany, ORF in Austria and SF1 in Switzerland.","Drama, Crime",1970,0.5325637910085054,0.00010000008333340278,0.2526823903857432,1970.0,0.36363636363636365,0.3221464255193113,Low,45.0,10,7.5
37680,Suits,tv,8.219,5573.0,108.702,2011-06-23,"While running from a drug deal gone bad, Mike Ross, a brilliant young college-dropout, slips into a job interview with one of New York City's best legal closers, Harvey Specter. Tired of cookie-cutter law school grads, Harvey takes a gamble by hiring Mike on the spot after he recognizes his raw talent and photographic memory.",Drama,2011,0.7835965978128796,0.004643337202781002,0.2518271445646257,2011.0,0.8295454545454546,0.5636952766496225,Medium,45.0,10,7.5
34860,Ninja Boy Rantaro,tv,6.548,21.0,102.7716,1993-04-10,"Rantarō, Shinbei and Kirimaru are ninja  apprentices in the Ninja Gakuen, where first grade ones are called  ""Nintamas"". They must learn  everything a ninja must know, but as for our heroes, money, food or  playing are more interesting. The series show the everyday adventures of  our heroes.","Comedy, Animation, Family",1993,0.5805589307411908,1.666668055556713e-05,0.2369577519596563,1993.0,0.625,0.419728572300643,Medium,45.0,10,7.5
2912,Jeopardy!,tv,6.8,153.0,94.0118,1984-09-10,"America's favorite quiz show where contestants are presented with general knowledge clues in the form of answers, and must phrase their responses in question form.",Family,1984,0.6111786148238152,0.00012666677222231018,0.2149941566977833,1984.0,0.5227272727272727,0.4013276277793746,Medium,45.0,10,7.5
2288,Prison Break,tv,8.071,5817.0,94.592,2005-08-29,"Due to a political conspiracy, an innocent man is sent to death row and his only hope is his brother, who makes it his mission to deliberately get himself sent to the same prison in order to break the both of them out, from the inside out.","Crime, Drama",2005,0.7656136087484812,0.004846670705558921,0.2164489020082856,2005.0,0.7613636363636364,0.536108535620151,Medium,45.0,88,66.0
44006,Chicago Fire,tv,8.4,2351.0,99.745,2012-10-10,"An edge-of-your-seat view into the lives of everyday heroes committed to one of America's noblest professions. For the firefighters, rescue squad and paramedics of Chicago Firehouse 51, no occupation is more stressful or dangerous, yet so rewarding and exhilarating. These courageous men and women are among the elite who forge headfirst into danger when everyone else is running the other way and whose actions make the difference between life and death.",Drama,2012,0.8055893074119077,0.001958334965279138,0.2293691063947364,2012.0,0.8409090909090909,0.5750959507270741,Medium,45.0,10,7.5
17610,NCIS: Los Angeles,tv,7.537,1228.0,95.7881,2009-09-22,"The exploits of the Los Angeles–based Office of Special Projects (OSP), an elite division of the Naval Criminal Investigative Service that specializes in undercover assignments.","Drama, Crime, Mystery",2009,0.7007290400972053,0.0010225008520840435,0.2194479038453968,2009.0,0.8068181818181818,0.5226438208399619,Medium,45.0,10,7.5
60625,Rick and Morty,tv,8.68,10741.0,90.7054,2013-12-02,Follows a sociopathic genius scientist who drags his inherently timid grandson on adventures across the universe.,"Animation, Comedy",2013,0.8396111786148238,0.008950007458339548,0.2067039638424833,2013.0,0.8522727272727273,0.5942112918652496,Medium,45.0,91,68.25
15260,Adventure Time,tv,8.5,3050.0,80.5524,2010-04-05,"Unlikely heroes Finn and Jake are buddies who traverse the mystical Land of Ooo. The best of friends, our heroes always find themselves in the middle of escapades. Finn and Jake depend on each other through thick and thin.","Animation, Comedy",2010,0.8177399756986634,0.002540835450696209,0.1812471745671806,2010.0,0.8181818181818182,0.5733127863692197,Medium,45.0,10,7.5
279388,Pursuit of Jade,tv,7.94,25.0,100.7879,2026-03-06,"This drama follows Fan Changyu, a butcher’s daughter, and Xie Zheng, a fallen noble seeking revenge. Their fake marriage turns into true love, but war tears them apart. Determined, Fan Changyu wields her butcher’s knife on the battlefield, searching for justice and her husband. Meanwhile, Xie Zheng reclaims his title, fighting to protect his country and love. Reunited in battle, they stand together, defying fate, uncovering the truth, and returning home without forgetting their vows.",Drama,2026,0.7496962332928311,2.0000016666680556e-05,0.2319839872708531,2026.0,1.0,0.5998844933221325,Medium,45.0,40,30.0
39351,Grimm,tv,8.266,3470.0,94.1525,2011-10-28,"After Portland homicide detective Nick Burkhardt discovers he's descended from an elite line of criminal profilers known as ""Grimms,"" he increasingly finds his responsibilities as a detective at odds with his new responsibilities as a Grimm.","Drama, Mystery",2011,0.789307411907655,0.0028908357423631185,0.2153469361965556,2011.0,0.8295454545454546,0.5654538518494073,Medium,45.0,10,7.5
4419,Real Time with Bill Maher,tv,6.0,232.0,84.0544,2003-02-21,"Each week Bill Maher surrounds himself with a panel of guests which include politicians, actors, comedians, musicians and the like to discuss what's going on in the world.",Comedy,2003,0.5139732685297692,0.00019250016041680036,0.1900277986233325,2003.0,0.7386363636363636,0.4272379665509418,Medium,45.0,10,7.5
76479,The Boys,tv,8.4,11684.0,100.8405,2019-07-25,A group of vigilantes known informally as “The Boys” set out to take down corrupt superheroes with no more than blue-collar grit and a willingness to fight dirty.,Unknown,2019,0.8055893074119077,0.009735841446534539,0.2321158721438839,2019.0,0.9204545454545454,0.6012928390350871,Medium,45.0,10,7.5
1419,Castle,tv,7.973,2045.0,103.9808,2009-03-09,"After a serial killer imitates the plots of his novels, successful mystery novelist Richard ""Rick"" Castle receives permission from the Mayor of New York City to tag along with an NYPD homicide investigation team for research purposes.","Drama, Crime",2009,0.7537059538274604,0.0017033347527789606,0.2399895996491762,2009.0,0.8068181818181818,0.5440388365022724,Medium,45.0,173,129.75
46298,Hunter x Hunter,tv,8.7,2052.0,84.9983,2011-10-02,"Gon, a young boy who lives on Whale Island, dreams of becoming a Hunter like his father, who left when Gon was still young.",Animation,2011,0.8420413122721749,0.0017091680909734092,0.19239445511865,2011.0,0.8295454545454546,0.5861929116997984,Medium,24.0,148,59.2
208569,Will Trent,tv,7.304,168.0,104.6525,2023-01-03,"Special Agent Will Trent was abandoned at birth and endured a harsh coming-of-age in Atlanta's overwhelmed foster care system. Determined to make sure no one feels as he did, he now has the highest clearance rate.","Crime, Drama, Comedy",2023,0.6724179829890644,0.00013916678263898552,0.2416737644631446,2023.0,0.9659090909090909,0.5587816705031448,Medium,45.0,10,7.5
14750,Na Wspólnej,tv,4.1,10.0,87.3185,2003-01-27,"Na Wspólnej is a Polish soap opera. It has been running since 2003 on the TVN channel as its flagship primetime weekday soap opera. It is loosely based on the German production Unter Uns and it follows the lives of the inhabitants of an apartment block in Wspólna Street, Warsaw. Episodes tend to last around 20 minutes. It is a Polish version of the Hungarian ""Barátok közt"".

The series is shot almost entirely in Warsaw and produced by the Polish branch of Freemantle Media. On 9 September 2008 it celebrated its 1000th episode; ""Na Wspólnej"" was the fourth Polish television series ever to achieve such status. A special episode was broadcast in which characters from some other of TVN's most popular shows visited Wspólna Street.",Unknown,2003,0.2831105710814094,7.500006250005208e-06,0.1982119319704728,2003.0,0.7386363636363636,0.33483738752534786,Low,45.0,10,7.5
73586,Yellowstone,tv,8.256,3032.0,97.9605,2018-06-20,"Follow the violent world of the Dutton family, who controls the largest contiguous ranch in the United States. Led by their patriarch John Dutton, the family defends their property against constant attack by land developers, an Indian reservation, and America’s first National Park.","Western, Drama",2018,0.7880923450789794,0.0025258354381961987,0.2248947992479051,2018.0,0.9090909090909091,0.5887219613903234,Medium,45.0,10,7.5
1411,Person of Interest,tv,8.084,1975.0,95.6071,2011-09-22,"John Reese, former CIA paramilitary operative, is presumed dead and teams up with reclusive billionaire Finch to prevent violent crimes in New York City by initiating their own type of justice. With the special training that Reese has had in Covert Operations and Finch's genius software inventing mind, the two are a perfect match for the job that they have to complete. With the help of surveillance equipment, they work ""outside the law"" and get the right criminal behind bars. ","Drama, Crime",2011,0.7671931956257594,0.0016450013708344756,0.2189940794724204,2011.0,0.8295454545454546,0.5562344150251904,Medium,45.0,10,7.5
71728,Young Sheldon,tv,8.033,2916.0,86.258,2017-09-25,"The early life of child genius Sheldon Cooper, later seen in The Big Bang Theory.","Comedy, Family, Drama",2017,0.7609963547995139,0.002429168690973909,0.1955529223155473,2017.0,0.8977272727272727,0.5744454743452796,Medium,45.0,10,7.5
2691,Two and a Half Men,tv,7.444,3585.0,90.5505,2003-09-22,A hedonistic jingle writer's free-wheeling life comes to an abrupt halt when his brother and 10-year-old nephew move into his beach-front house.,Comedy,2003,0.6894289185905224,0.0029866691555576297,0.2063155804426266,2003.0,0.7386363636363636,0.49825847727378536,Medium,45.0,262,196.5
95897,Overflow,tv,7.4,75.0,94.8489,2020-01-06,"Kazushi Sudou is a university student who is visited by his two childhood friends, the sisters Ayane and Kotone Shirakawa. When Ayane discovers that Kazushi not only forgot to buy her pudding but is also using her special lotion in the bath, she decides to take revenge and join Kazushi in his bath along with Kotone. Will the perverted Kazushi be able to remain indifferent to them both?",Animation,2020,0.68408262454435,6.166671805559838e-05,0.2170930317398748,2020.0,0.9318181818181818,0.5531970043786112,Medium,7.0,8,0.93
13916,Death Note,tv,8.625,4786.0,96.0906,2006-10-04,"Light Yagami is an ace student with great prospects—and he’s bored out of his mind. But all that changes when he finds the Death Note, a notebook dropped by a rogue Shinigami death god. Any human whose name is written in the notebook dies, and Light has vowed to use the power of the Death Note to rid the world of evil. But will Light succeed in his noble goal, or will the Death Note turn him into the very thing he fights against?","Animation, Mystery",2006,0.8329283110571082,0.003987503322919436,0.2202063672311723,2006.0,0.7727272727272727,0.566185757237901,Medium,45.0,10,7.5
31132,Regular Show,tv,8.6,2189.0,89.1896,2010-09-06,The surreal misadventures of two best friends - a blue jay and a raccoon - as they seek to liven up their mundane jobs as groundskeepers at the local park.,"Animation, Comedy",2010,0.8298906439854191,0.001823334852779044,0.2029033727675789,2010.0,0.8181818181818182,0.5779578035045468,Medium,11.0,245,44.92
1941,GARO,tv,7.7,28.0,92.9846,2005-10-07,"The Makai fight a secret war against the demon forces known as Horrors, evil creatures that manifest themselves through darkness to devour Humanity. On the frontlines are the Makai Knights, given the task of watching over a district and eliminating any Horrors that manifest there.

GARO follows the tales of the Knights bearing the title of ‘Golden Knight Garo’, and their duty to vanquish the Horrors and protect Humanity from the darkness.",Drama,2005,0.7205346294046172,2.2500018750015624e-05,0.2124186406982175,2005.0,0.7613636363636364,0.5166296926765628,Medium,45.0,10,7.5
58841,Chicago P.D.,tv,8.413,2543.0,91.4614,2014-01-08,"A riveting police drama about the men and women of the Chicago Police Department's District 21 who put it all on the line to serve and protect their community. District 21 is made up of two distinctly different groups: the uniformed cops who patrol the beat and go head-to-head with the city's street crimes and the Intelligence Unit that combats the city's major offenses - organized crime, drug trafficking, high profile murders and beyond.","Crime, Drama",2014,0.8071688942891859,0.0021183350986125823,0.2085994954776777,2014.0,0.8636363636363636,0.5825939673361673,Medium,45.0,10,7.5
1649,Sliders,tv,7.6,461.0,90.1163,1995-03-22,"In his basement in San Francisco, boy-genius Quinn Mallory unlocks the doorway to an infinite number of Earths. During a test run, Quinn invites co-worker Wade Welles and his teacher Professor Maximillian Arturo to see his new invention. But an increase in power and an early departure leave all three, plus a washed-up soul singer named Rembrandt ""Crying Man"" Brown, lost in a parallel world. Now they must ""slide"" from world to world, not only adapting to their changing surroundings, but also trying to get back to their world. Will they ever make it home?",Unknown,1995,0.7083839611178615,0.000383333652778044,0.2052269034108788,1995.0,0.6477272727272727,0.4777867663611598,Medium,43.0,87,62.35
1100,How I Met Your Mother,tv,8.134,5602.0,90.5754,2005-09-19,A father recounts to his children - through a series of flashbacks - the journey he and his four best friends took leading up to him meeting their mother.,Comedy,2005,0.7732685297691374,0.0046675038895865745,0.2063780126353731,2005.0,0.7613636363636364,0.5391167539836219,Medium,45.0,10,7.5
240740,Scarpetta,tv,6.233,60.0,84.4706,2026-03-11,"Renowned forensic pathologist Dr. Kay Scarpetta returns to her position as Virginia's Chief Medical Examiner, where she investigates a haunting murder with eerie reminders from her first big case decades ago. In 1998, Scarpetta works alongside Detective Pete Marino and FBI Agent Benton Wesley as they investigate a series of brutal stranglings. Based on the best-selling novels by Patricia Cornwell.","Drama, Crime, Mystery",2026,0.54228432563791,4.9166707638923034e-05,0.1910713439494805,2026.0,1.0,0.5169284802674556,Medium,45.0,8,6.0
56570,Outlander,tv,8.178,2787.0,93.384,2014-08-09,"The story of Claire Randall, a married combat nurse from 1945 who is mysteriously swept back in time to 1743, where she is immediately thrown into an unknown world where her life is threatened. When she is forced to marry Jamie, a chivalrous and romantic young Scottish warrior, a passionate affair is ignited that tears Claire's heart between two vastly different men in two irreconcilable lives.",Drama,2014,0.77861482381531,0.002321668601390501,0.213420063099139,2014.0,0.8636363636363636,0.5712333391974502,Medium,45.0,10,7.5
65334,Miraculous: Tales of Ladybug & Cat Noir,tv,8.0,4553.0,85.7171,2015-10-19,"Marinette and Adrien, two Parisian teenagers, are entrusted with powerful jewels in order to transform into superheroes Ladybug and Cat Noir. But neither hero knows the other's true identity — or that they're classmates!",Animation,2015,0.7569866342648846,0.003793336494447079,0.1941967145622713,2015.0,0.875,0.5664326546542879,Medium,45.0,10,7.5
153485,Sazae-san,tv,6.5,6.0,87.2586,1969-10-05,The adventures of Sazae Fuguta and her family and friends in their Tokyo suburb.,"Animation, Comedy, Family",1969,0.574726609963548,4.166670138891783e-06,0.1980617436835043,1969.0,0.3522727272727273,0.335573712168279,Low,45.0,10,7.5
1415,Elementary,tv,7.6,1789.0,86.656,2012-09-27,"A modern-day drama about a crime-solving duo that cracks the NYPD's most impossible cases. Following his fall from grace in London and a stint in rehab, eccentric Sherlock escapes to Manhattan where his wealthy father forces him to live with his worst nightmare - a sober companion, Dr. Watson.","Drama, Mystery, Crime",2012,0.7083839611178615,0.0014900012416677014,0.1965508344726999,2012.0,0.8409090909090909,0.5360733120923722,Medium,45.0,10,7.5
4396,Northern Exposure,tv,7.857,189.0,87.7572,1990-07-12,"After receiving a scholarship from the state, a recent Columbia University medical school graduate is required to set up his practice in an eccentric Alaskan town.","Comedy, Drama",1990,0.7396111786148237,0.00015666679722233103,0.1993118919286207,1990.0,0.5909090909090909,0.47316419875782345,Medium,45.0,10,7.5
50821,Among Friends,tv,3.4,19.0,163.4363,1998-10-26,Miklós introduces viewers into the world of Money and Charm.,"Drama, Family",1998,0.19805589307411905,1.5000012500010416e-05,0.3890633842210029,1998.0,0.6818181818181818,0.28377231177885215,Low,45.0,10,7.5
62223,The Late Late Show with James Corden,tv,5.194,144.0,76.3362,2015-03-23,"Once Craig Ferguson retires, James Corden will be taking over The Late Late Show. The show is a late night talk show that interviews celebrities and has its own bits. And of course, it's all hosted by James Corden.",Unknown,2015,0.4160388821385176,0.00011916676597230498,0.1706758247255052,2015.0,0.875,0.4289513028851988,Medium,45.0,10,7.5
4620,Eureka,tv,7.732,697.0,89.1985,2006-07-18,"The sleepy Pacific Northwest town of Eureka is hiding a mysterious secret. The government has been relocating the world's geniuses and their families to this rustic town for years where innovation and chaos have lived hand in hand. U.S. Marshal Jack Carter stumbles upon this odd town after wrecking his car and becoming stranded there. When the denizens of the town unleash an unknown scientific creation, Carter jumps in to try to restore order and consequently learns of one of the country's best kept secrets.","Comedy, Drama",2006,0.7244228432563791,0.0005800004833337361,0.2029256878886811,2006.0,0.7727272727272727,0.5217613192657335,Medium,44.0,77,56.47
1407,Homeland,tv,7.587,2515.0,90.052,2011-10-02,"CIA officer Carrie Mathison is tops in her field despite being bipolar, which makes her volatile and unpredictable. With the help of her long-time mentor Saul Berenson, Carrie fearlessly risks everything, including her personal well-being and even sanity, at every turn.","Drama, Crime",2011,0.7068043742405832,0.002095001745834788,0.2050656829292081,2011.0,0.8295454545454546,0.5322138865836201,Medium,45.0,10,7.5
65282,Home Alone,tv,7.5,18.0,69.8092,2013-03-22,"It can be a badge of honor to be “single.” “I Live Alone” is a documentary-style South Korean reality series that follows the members of a self-formed club called Rainbow, which is comprised of  celebrities who are single and live alone.",Unknown,2013,0.6962332928311057,1.416667847223206e-05,0.1543105668115979,2013.0,0.8522727272727273,0.5341793853178021,Medium,45.0,10,7.5
71790,S.W.A.T.,tv,8.048,1551.0,96.7753,2017-11-02,"A Los Angeles S.W.A.T. sergeant is assigned to lead a highly skilled unit in the community where he grew up. Torn between loyalty to the streets, where the cops are sometimes the enemy, and allegiance to his brothers in blue, he strategically straddles the two worlds.","Crime, Drama",2017,0.7628189550425274,0.0012916677430564526,0.2219231271658517,2017.0,0.8977272727272727,0.5748332641581098,Medium,45.0,10,7.5
1489,Jimmy Kimmel Live!,tv,5.369,195.0,72.9268,2003-01-26,"Jimmy Kimmel Live! is an American late-night talk show, created and hosted by Jimmy Kimmel and broadcast on ABC.",Comedy,2003,0.43730255164034015,0.00016166680138900115,0.1621273782214948,2003.0,0.7386363636363636,0.39656042978746187,Low,45.0,10,7.5
2406,Crossing Jordan,tv,7.179,159.0,88.5963,2001-09-24,"Crossing Jordan is an American television crime/drama series that stars Jill Hennessy as Jordan Cavanaugh, M.D., a crime-solving forensic pathologist employed in the Massachusetts Office of the Chief Medical Examiner.",Drama,2001,0.6572296476306198,0.00013166677638898032,0.2014157816046678,2001.0,0.7159090909090909,0.4777040863578919,Medium,45.0,10,7.5
44217,Vikings,tv,8.093,7521.0,89.3077,2013-03-03,"The adventures of Ragnar Lothbrok, the greatest hero of his age. The series tells the sagas of Ragnar's band of Viking brothers and his family, as he rises to become King of the Viking tribes. As well as being a fearless warrior, Ragnar embodies the Norse traditions of devotion to the gods. Legend has it that he was a direct descendant of Odin, the god of war and warriors.",Drama,2013,0.7682867557715675,0.006266671888893241,0.2031994869026536,2013.0,0.8522727272727273,0.5648765220571131,Medium,45.0,10,7.5
5811,3000 Whys of Blue Cat,tv,8.5,2.0,86.1926,1999-10-09,"3000 Whys of Blue Cat is the first large-scale Chinese animated series in mainland China with an emphasis on science. The series is produced by ""Beijing Sunchime Happy Culture Company"". The show remains one of the longest running children's cartoon series in the world. It is most commonly referred to as ""Blue Cat"". An English version was made for the first episode titled ""The Adventures of the Blue Cat"" and was made as a pilot for a series titled ""Lucky's Adventures"" but due to lack of intrerests, the series was canceled. The show uses a combination of 2D animation and CGI.",Animation,1999,0.8177399756986634,8.333340277783565e-07,0.1953889437852011,1999.0,0.6931818181818182,0.5350507857342192,Medium,45.0,10,7.5
209867,Frieren: Beyond Journey's End,tv,8.8,728.0,94.2639,2023-09-29,"Decades after her party defeated the Demon King, an old friend's funeral launches the elf wizard Frieren on a journey of self-discovery.","Animation, Drama",2023,0.8541919805589309,0.0006058338381948651,0.2156262513078792,2023.0,0.9659090909090909,0.6316312696477582,Medium,45.0,10,7.5
57706,Ranma ½,tv,8.6,1492.0,75.1142,1989-04-15,"Ranma Saotome, a teenage martial artist, and his father Genma travel to the 'cursed training ground' of Jusenkyo in China. There, despite the warnings of the Chinese guard, they fall into the cursed springs. From now on, whenever Ranma is doused in cold water, he turns into a girl and a cute, well-built redhead at that. Hot water changes him back into a man again, but only until the next time. To make matters worse, his father engages him to Akane Tendo, a girl who hates boys.","Comedy, Animation",1989,0.8298906439854191,0.0012425010354175296,0.1676118833786697,1989.0,0.5795454545454546,0.5061926442684294,Medium,45.0,10,7.5
1435,The Good Wife,tv,7.587,658.0,79.8117,2009-09-22,Alicia Florrick boldly assumes full responsibility for her family and re-enters the workforce after her husband's very public sex and political corruption scandal lands him in jail.,Drama,2009,0.7068043742405832,0.0005475004562503802,0.1793900048817461,2009.0,0.8068181818181818,0.5249314543785628,Medium,43.0,156,111.8
12971,Dragon Ball Z,tv,8.356,4763.0,84.0334,1989-04-26,"Now happily married and with a son, martial arts champion Goku must defend Earth from a series of extraterrestrial invaders bent on destruction.",Animation,1989,0.8002430133657351,0.003968336640280534,0.1899751449667993,1989.0,0.5795454545454546,0.49515134270201455,Medium,45.0,10,7.5
9537,Atashin'chi,tv,8.4,15.0,85.038,2002-04-19,"A light hearted comedy based on the about the daily life of a ""normal"" Japanese family. The Tachibana family consists of a housewife mom, a salary-man dad, and teenager Mikan and Yuzuhiko.","Animation, Comedy",2002,0.8055893074119077,1.1666676388896991e-05,0.1924939956026674,2002.0,0.7272727272727273,0.540421041149498,Medium,45.0,699,524.25
6489,Klan,tv,4.875,8.0,85.4425,1997-09-22,"Family is the most important thing, and the children of Władysław and Maria Lubicz from Warsaw can always count on each other, no matter what surprises life offers.",Unknown,1997,0.37727825030376666,5.8333381944484954e-06,0.1935082053201756,1997.0,0.6704545454545454,0.35204941375932863,Low,45.0,10,7.5
4385,The Colbert Report,tv,6.914,292.0,78.5284,2005-10-17,"The Colbert Report is an American satirical late night television program. It stars political humorist Stephen Colbert, a former correspondent for The Daily Show with Jon Stewart. The Colbert Report is a spin-off from and counterpart to The Daily Show that comments on politics and the media in a similar way. The show focuses on a fictional anchorman character named Stephen Colbert, played by his real-life namesake. The character, described by Colbert as a ""well-intentioned, poorly informed, high-status idiot"", is a caricature of televised political pundits.",Comedy,2005,0.6250303766707169,0.00024250020208350175,0.1761723650041734,2005.0,0.7613636363636364,0.47849399163800277,Medium,45.0,10,7.5
1220,The Graham Norton Show,tv,7.2,276.0,83.4218,2007-02-22,Each week celebrity guests join Irish comedian Graham Norton to discuss what's being going on around the world that week. The guests poke fun and share their opinions on the main news stories. Graham is often joined by a band or artist to play the show out.,Comedy,2007,0.6597812879708383,0.00022916685763904804,0.188441669903195,2007.0,0.7840909090909091,0.49920853797289977,Medium,49.0,546,445.9
60622,Fargo,tv,8.29,3166.0,84.757,2014-04-15,"A close-knit anthology series dealing with stories involving malice, violence and murder based in and around Minnesota.","Crime, Drama",2014,0.7922235722964762,0.0026375021979184983,0.191789439531914,2014.0,0.8636363636363636,0.5767715886688751,Medium,45.0,51,38.25
75219,9-1-1,tv,8.209,2738.0,91.446,2018-01-03,"Explore the high-pressure experiences of police officers, paramedics and firefighters who are thrust into the most frightening, shocking and heart-stopping situations. These emergency responders must try to balance saving those who are at their most vulnerable with solving the problems in their own lives.","Drama, Crime",2018,0.782381530984204,0.0022808352340293616,0.20856088279622,2018.0,0.9090909090909091,0.5863641356911632,Medium,45.0,10,7.5
62650,Chicago Med,tv,8.3,1228.0,87.328,2015-11-17,"An emotional thrill ride through the day-to-day chaos of the city's most explosive hospital and the courageous team of doctors who hold it together. They will tackle unique new cases inspired by topical events, forging fiery relationships in the pulse-pounding pandemonium of the emergency room.",Drama,2015,0.793438639125152,0.0010225008520840435,0.1982357514817616,2015.0,0.875,0.580182205905686,Medium,45.0,10,7.5
6732,Pleasant Goat and Big Big Wolf,tv,7.4,20.0,73.6901,2005-08-03,"Pleasant Goat and Big Big Wolf is a Chinese animated television series which was created by Huang Weiming, Lin Yuting and Luo Yinggeng, and produced by Creative Power Entertaining. The show is about a group of goats living on the Green Pasture, Qing Qing Grasslands/Plains, and the story revolving around a clumsy wolf who wants to eat them.  Toon Express Group owns the copyrights of the characters.","Animation, Comedy",2005,0.68408262454435,1.5833346527788773e-05,0.164041213270627,2005.0,0.7613636363636364,0.5020468907307892,Medium,45.0,10,7.5
155256,Happy Toon,tv,7.333,6.0,66.4218,2010-07-02,No description,"Animation, Comedy",2010,0.6759416767922236,4.166670138891783e-06,0.1458172812810985,2010.0,0.8181818181818182,0.5158324661724766,Medium,45.0,10,7.5
14069,In Treatment,tv,7.614,180.0,81.8935,2008-01-28,The intimate confines of psychotherapy sessions are seen from the perspective of a therapist and individual patients.,Drama,2008,0.7100850546780072,0.0001491667909723258,0.1846097373660685,2008.0,0.7954545454545454,0.5227151355448583,Medium,45.0,10,7.5
10536,The Mike Douglas Show,tv,5.4,8.0,83.3643,1961-12-11,"The Mike Douglas Show is an American daytime television talk show hosted by Mike Douglas that originally aired only in the Cleveland area during much of its first two years on the air. It then went into syndication in 1963 and remained on television until 1982. It was distributed by Westinghouse Broadcasting and for much of its run, originated from studios of two of the company's TV stations in Cleveland and Philadelphia.",Comedy,1961,0.44106925880923453,5.8333381944484954e-06,0.1882974991769732,1961.0,0.26136363636363635,0.25483854443424303,Low,45.0,10,7.5
11890,"Goede Tijden, Slechte Tijden",tv,5.1,20.0,76.1049,1990-10-01,"Goede tijden, slechte tijden, also known as GTST, is the longest-running Dutch soap opera,  revolving around the lives of the families Alberts, Sanders, De Jong, Van Houten and Bouwhuis. It all takes place in the fictional town of Meerdijk.",Unknown,1990,0.40461725394896714,1.5833346527788773e-05,0.1700958823085469,1990.0,0.5909090909090909,0.33912437885627245,Low,45.0,10,7.5
290856,Marshals,tv,7.4,79.0,88.4086,2026-03-01,"With the Yellowstone Ranch behind him, Kayce Dutton joins an elite unit of U.S. Marshals, combining his skills as a cowboy and Navy SEAL to bring range justice to Montana, where he and his teammates must balance family, duty and the high psychological cost that comes with serving as the last line of defense in the region's war on violence.",Drama,2026,0.68408262454435,6.50000541667118e-05,0.2009451582079403,2026.0,1.0,0.5736525498339899,Medium,45.0,10,7.5
90,Mayday,tv,8.2,277.0,85.9604,2003-09-03,"Major real-life air disasters are depicted in this series. Each episode features a detailed dramatized reconstruction of the incident based on cockpit voice recorders and air traffic control transcripts, as well as eyewitnesses recounts and interviews with aviation experts.","Documentary, Drama, Crime",2003,0.7812879708383961,0.00023000019166682638,0.1948067447829629,2003.0,0.7386363636363636,0.5341750974837676,Medium,46.0,240,184.0
4376,JAG,tv,7.3,380.0,89.8244,1995-09-23,"Harmon ""Harm"" Rabb Jr. is a former pilot turned lawyer working for the military's JAG (Judge Advocate General) division, the elite legal wing of officers that prosecutes and defends those accused of military-related crimes. He works closely with Lt. Col. Sarah Mackenzie, and together they do what needs to be done to find the truth.","Drama, Crime",1995,0.671931956257594,0.0003158335965279971,0.2044950175850676,1995.0,0.6477272727272727,0.46318571440017786,Medium,45.0,10,7.5
4556,Scrubs,tv,7.868,34.0,88.6655,2001-10-02,"In the unreal world of Sacred Heart Hospital, John ""J.D."" Dorian learns the ways of medicine, friendship and life.",Comedy,2001,0.740947752126367,2.7500022916685765e-05,0.2015892879395295,2001.0,0.7159090909090909,0.5111600781301491,Medium,45.0,10,7.5
85009,锵锵三人行,tv,8.2,4.0,72.8502,1998-04-01,No description,Unknown,1998,0.7812879708383961,2.5000020833350695e-06,0.1619353177409976,1998.0,0.6818181818181818,0.517061392881438,Medium,45.0,10,7.5
32692,Blue Bloods,tv,7.78,983.0,86.961,2010-09-24,"A drama about a multi-generational family of cops dedicated to New York City law enforcement. Frank Reagan is the New York Police Commissioner and heads both the police force and the Reagan brood. He runs his department as diplomatically as he runs his family, even when dealing with the politics that plagued his unapologetically bold father, Henry, during his stint as Chief.","Crime, Drama",2010,0.7302551640340218,0.0008183340152783461,0.1973155661509199,2010.0,0.8181818181818182,0.5378021112727377,Medium,45.0,10,7.5
1413,American Horror Story,tv,8.1,5972.0,77.5239,2011-10-05,"An anthology horror drama series centering on different characters and locations, including a house with a murderous past, an asylum, a witch coven, a freak show, a hotel, a farmhouse in Roanoke, a cult, the apocalypse and a summer camp.","Drama, Mystery",2011,0.7691373025516403,0.004975837479864567,0.173653765100003,2011.0,0.8295454545454546,0.5580113086282519,Medium,45.0,10,7.5
78648,Amazing Saturday,tv,7.6,10.0,74.1139,2018-04-07,"A group of hungry celebrities listen to poppin’ tunes, from recent hits to all-time-favorites, to correctly dictate a part of the lyrics.

The songs may sound familiar, but the part they must dictate are unclear to the naked ear, as the lyrics are slurred, muffled by strong beats, etc.

If they get the lyrics right, they get to share exquisite regional dishes. But if they get them wrong, a professional eater gobbles it up instead.",Comedy,2018,0.7083839611178615,7.500006250005208e-06,0.165103814205806,2018.0,0.9090909090909091,0.5560831071762923,Medium,45.0,10,7.5
60059,Better Call Saul,tv,8.705,6282.0,86.5275,2015-02-08,"Six years before Saul Goodman meets Walter White. We meet him when the man who will become Saul Goodman is known as Jimmy McGill, a small-time lawyer searching for his destiny, and, more immediately, hustling to make ends meet. Working alongside, and, often, against Jimmy, is “fixer” Mike Ehrmantraut. The series tracks Jimmy’s transformation into Saul Goodman, the man who puts “criminal” in “criminal lawyer"".","Crime, Drama",2015,0.8426488456865128,0.005234171028475857,0.1962286442410564,2015.0,0.875,0.6011297895831479,Medium,45.0,10,7.5
10160,Big Brother,tv,4.9,257.0,73.4357,2000-07-05,"American version of the reality game show which follows a group of HouseGuests living together 24 hours a day in the ""Big Brother"" house, isolated from the outside world but under constant surveillance with no privacy for three months.",Unknown,2000,0.38031591737545567,0.00021333351111125926,0.1634033518314822,2000.0,0.7045454545454546,0.36355400336715205,Low,45.0,10,7.5
1981,Charmed,tv,8.172,2477.0,86.978,1998-10-07,"Three sisters (Prue, Piper and Phoebe) reunite and unlock their powers to become the Charmed Ones, the most powerful good witches of all time, whose prophesied destiny is to protect innocent lives from evil beings such as demons and warlocks. Each sister possesses unique magical powers that grow and evolve, while they attempt to maintain normal lives in modern day San Francisco. ","Comedy, Drama, Mystery",1998,0.7778857837181046,0.0020633350527792106,0.197358190539542,1998.0,0.6818181818181818,0.5163187685485302,Medium,45.0,10,7.5
250307,The Pitt,tv,8.7,550.0,85.0064,2025-01-09,The staff of Pittsburgh's Trauma Medical Center work around the clock to save lives in an overcrowded and underfunded emergency department.,Drama,2025,0.8420413122721749,0.00045750038125031773,0.1924147643861699,2025.0,0.9886363636363636,0.6335446841141541,Medium,45.0,10,7.5
1695,Monk,tv,7.9,1219.0,84.5183,2002-07-12,"Adrian Monk was once a rising star with the San Francisco Police Department, legendary for using unconventional means to solve the department's most baffling cases. But after the tragic (and still unsolved) murder of his wife Trudy, he developed an extreme case of obsessive-compulsive disorder. Now working as a private consultant, Monk continues to investigate cases in the most unconventional ways.","Drama, Comedy, Crime, Mystery",2002,0.7448359659781288,0.0010150008458340383,0.1911909429693202,2002.0,0.7272727272727273,0.5164207048268199,Medium,45.0,10,7.5
873,Columbo,tv,8.084,804.0,86.7913,1971-09-15,"Columbo is a friendly, verbose, disheveled-looking police detective who is consistently underestimated by his suspects. Despite his unprepossessing appearance and apparent absentmindedness, he shrewdly solves all of his cases and secures all evidence needed for indictment. His formidable eye for detail and meticulously dedicated approach often become clear to the killer only late in the storyline.","Crime, Drama, Mystery",1971,0.7671931956257594,0.0006691672243060203,0.1968900744597923,1971.0,0.375,0.41957802841759556,Medium,45.0,10,7.5
1855,Star Trek: Voyager,tv,7.784,1071.0,71.7659,1995-01-16,"Pulled to the far side of the galaxy, where the Federation is 75 years away at maximum warp speed, a Starfleet ship must cooperate with Maquis rebels to find a way home.",Drama,1995,0.7307411907654919,0.0008916674097228414,0.1592166339420012,1995.0,0.6477272727272727,0.4868821583472954,Medium,45.0,10,7.5
45140,Teen Titans Go!,tv,6.5,691.0,65.041,2013-04-23,"Robin, Starfire, Raven, Beast Boy and Cyborg return in all-new, comedic adventures. They may be super heroes who save the world every day ... but somebody still has to do the laundry!","Animation, Comedy, Family",2013,0.574726609963548,0.0005750004791670659,0.1423551779981932,2013.0,0.8522727272727273,0.4857449623109875,Medium,45.0,10,7.5
39859,Awkward.,tv,7.447,414.0,80.9327,2011-07-19,"An irreverent look at the conflict, chaos and humor that defines teenage life through the eyes of 15-year-old Jenna Hamilton whose life begins to change when a simple accident becomes an epic misunderstanding and is blown way out of proportion. Narration in the first-person voice of Jenna's blog posts captures the humor within the struggles and experiences everyone can relate to from their formative years.","Comedy, Drama",2011,0.6897934386391251,0.0003441669534724612,0.1822007072138267,2011.0,0.8295454545454546,0.5248842619053281,Medium,45.0,10,7.5
2407,Dark Angel,tv,7.5,488.0,73.155,2000-10-03,Super soldier Max Guevera tries to live a normal life in post-apocalyptic Seattle while eluding capture by government agents from the covert biotech facility she escaped from as a child and searching for her genetically-enhanced brothers and sisters who have dispersed after escape.,Drama,2000,0.6962332928311057,0.0004058336715280596,0.1626995479558221,2000.0,0.7045454545454546,0.4899787035975371,Medium,45.0,10,7.5
46260,Naruto,tv,8.361,5910.0,70.2998,2002-10-03,"Naruto Uzumaki, a mischievous adolescent ninja, struggles as he searches for recognition and dreams of becoming the Hokage, the village's leader and strongest ninja.",Animation,2002,0.800850546780073,0.004924170770142309,0.1555406565208921,2002.0,0.7272727272727273,0.5399992881248901,Medium,45.0,10,7.5
9807,Masterpiece Mystery,tv,5.667,3.0,55.5289,1980-02-05,"Mystery! is an episodic television series that debuted in 1980 in the USA. It airs on PBS and is produced by WGBH. The show has brought a large number of detective series and television movies—most of them British productions from the BBC or the ITV companies and usually adapted from mystery fiction literary sources—to air on American television. In 2002, they added an American-produced series based on the novels of Tony Hillerman to their roster.","Crime, Drama, Mystery",1980,0.47351154313487237,1.666668055556713e-06,0.1185053281739436,1980.0,0.4772727272727273,0.3325869354361838,Low,45.0,10,7.5
108978,Reacher,tv,8.077,2698.0,76.398,2022-02-03,"Jack Reacher, a veteran military police investigator, has just recently entered civilian life. Reacher is a drifter, carrying no phone and the barest of essentials as he travels the country and explores the nation he once served.","Drama, Crime",2022,0.7663426488456865,0.0022475018729182276,0.1708307769147314,2022.0,0.9545454545454546,0.5935749464637865,Medium,45.0,10,7.5
4920,Damages,tv,7.4,231.0,75.159,2007-07-24,"Damages is an American legal thriller television series created by the writing and production trio of Daniel Zelman and brothers Glenn and Todd A. Kessler. The plot revolves around the brilliant, ruthless lawyer Patty Hewes and her protégée, recent law school graduate Ellen Parsons. Each season features a major case that Hewes and her firm take on, while also examining a chapter of the complicated relationship between Ellen and Patty. The first two seasons center around the law firm Hewes & Associates. Later seasons center more on Patty and Ellen's relationship as Ellen begins to distance herself from Hewes & Associates and begins an independent career.","Mystery, Drama, Crime",2007,0.68408262454435,0.000191666826389022,0.1677242111792739,2007.0,0.7840909090909091,0.5089178225929294,Medium,45.0,59,44.25
10534,The Red Skelton Show,tv,7.412,17.0,54.857,1951-09-30,"The Red Skelton Show is an American variety show that was a television staple for two decades, from 1951 to 1971. It was second to Gunsmoke and third to The Ed Sullivan Show in the ratings during that time. Skelton, who had previously been a radio star, had appeared in several motion pictures as well. Although his television series is largely associated with CBS, where it appeared for more than fifteen years, it actually began and ended on NBC. During its run, the program received three Emmy Awards, for Skelton as best comedian and the program as best comedy show during its initial season, and an award for comedy writing in 1961.","Comedy, Family",1951,0.6855407047387605,1.3333344444453704e-05,0.1168206618965796,1951.0,0.14772727272727273,0.3185384637170194,Low,45.0,10,7.5
5050,Sea Hunt,tv,6.6,18.0,67.9985,1958-01-04,"Sea Hunt is an American adventure television series that aired in syndication from 1958 to 1961 and was popular in syndication for decades afterwards. The series originally aired for four seasons, with 155 episodes produced. It stars Lloyd Bridges as ex-Navy frogman Mike Nelson, and was produced by Ivan Tors.",Drama,1958,0.5868772782503038,1.416667847223206e-05,0.1497705679599491,1958.0,0.22727272727272727,0.3029369794854814,Low,45.0,10,7.5
1705,Fringe,tv,8.137,2729.0,75.2781,2008-09-09,"FBI Special Agent Olivia Dunham, brilliant but formerly institutionalized scientist Walter Bishop and his scheming, reluctant son Peter uncover a deadly mystery involving a series of unbelievable events and realize they may be a part of a larger, more disturbing pattern that blurs the line between science fiction and technology.","Drama, Mystery",2008,0.7736330498177401,0.0022733352277793566,0.1680228326313263,2008.0,0.7954545454545454,0.5487715841317935,Medium,45.0,10,7.5
202411,Monarch: Legacy of Monsters,tv,7.689,1096.0,80.1066,2023-11-16,"After surviving Godzilla's attack on San Francisco, Cate is shaken yet again by a shocking secret. Amid monstrous threats, she embarks on a globetrotting adventure to learn the truth about her family—and the mysterious organization known as Monarch.",Drama,2023,0.7191980558930742,0.0009125007604173003,0.1801294126584906,2023.0,0.9659090909090909,0.5777256998580822,Medium,45.0,10,7.5
67136,This Is Us,tv,8.2,1590.0,72.1791,2016-09-20,"Follows the lives and families of three adults living and growing up in the United States of America in present and past times. As their paths cross and their life stories intertwine in curious ways, we find that several of them share the same birthday - and so much more than anyone would expect.",Drama,2016,0.7812879708383961,0.0013241677701398085,0.1602526573172159,2016.0,0.8863636363636364,0.5788215295754913,Medium,45.0,10,7.5
76572,Soul Land,tv,8.157,54.0,62.6538,2018-01-13,"Tang San spent his life in the Tang Outer Sect, dedicated to the creation and mastery of hidden weapons. Once he stole the secret lore of the Inner Sect to reach the pinnacle of his art, his only way out was death. But after throwing himself off the deadly Hell's Peak he was reborn in a different world, the world of Douluo Dalu, a world where every person has a spirit of their own, and those with powerful spirits can practice their spirit power to rise and become Spirit Masters.

The spirit that awakens within Tang San is Blue Silver Grass, a useless spirit. Can he overcome the difficulties to reach the high ranks of Spirit Masters and bring the glory of the Tang Sect into this new world?","Animation, Drama",2018,0.7760631834750912,4.416670347225289e-05,0.1363697109088597,2018.0,0.9090909090909091,0.583165796128351,Medium,45.0,10,7.5
18779,Royal Pains,tv,6.7,157.0,70.6229,2009-06-04,"A young E.R. doctor who, after being wrongly blamed for a patient's death, moves to the Hamptons and becomes the reluctant ""doctor for hire"" to the rich and famous. When the attractive administrator of the local hospital asks him to treat the town's less fortunate, he finds himself walking the line between doing well for himself and doing good for others.","Comedy, Drama",2009,0.5990279465370595,0.0001300001083334236,0.1563507706364097,2009.0,0.8068181818181818,0.4816956331927783,Medium,42.0,104,72.8
21510,White Collar,tv,8.2,1517.0,71.2664,2009-10-23,"In exchange for his freedom, charming con artist Neal Caffrey provides his expertise to help straight-man FBI agent Peter Burke catch elusive white-collar criminals.","Crime, Drama, Mystery",2009,0.7812879708383961,0.0012633343861119884,0.1579642291116049,2009.0,0.8068181818181818,0.5549396431966466,Medium,45.0,10,7.5
1900,LIVE with Kelly and Mark,tv,5.448,48.0,60.5928,1988-09-05,"A morning talk show with A-list celebrity guests, top-notch performances and one-of-a-kind segments that are unrivaled on daytime television, plus spontaneous, hilarious and unpredictable talk.",Unknown,1988,0.4469015795868773,3.916669930558276e-05,0.131202130617675,1988.0,0.5681818181818182,0.3492269272990881,Low,45.0,10,7.5
3022,Rugrats,tv,7.62,741.0,65.6358,1991-08-11,"Focuses on a group of toddlers, most prominently Tommy, Chuckie, Phil, Lil, and Angelica, and their day-to-day lives, usually involving common life experiences that become adventures in the babies' imaginations. Adults in the series are almost always unaware of what the children are up to; however, this only provides more room for the babies to explore and discover their surroundings.","Family, Animation, Comedy",1991,0.7108140947752125,0.0006166671805559838,0.143846530136571,1991.0,0.6022727272727273,0.46519245624607,Medium,45.0,322,241.5
224372,A Knight of the Seven Kingdoms,tv,8.466,682.0,72.9862,2026-01-18,"A century before the events of Game of Thrones, two unlikely heroes wandered Westeros: a young, naive but courageous knight, Ser Duncan the Tall, and his diminutive squire, Egg. Set in an age when the Targaryen line still holds the Iron Throne and the last dragon has not yet passed from living memory, great destinies, powerful foes, and dangerous exploits await these improbable and incomparable friends.",Drama,2026,0.8136087484811664,0.0005675004729170607,0.1622763128499744,2026.0,1.0,0.6256137495343417,Medium,45.0,6,4.5
42009,Black Mirror,tv,8.281,6045.0,75.0507,2011-12-04,"Twisted tales run wild in this mind-bending anthology series that reveals humanity's worst traits, greatest innovations and more.","Drama, Mystery",2011,0.7911300121506684,0.0050366708638923865,0.1674526687505814,2011.0,0.8295454545454546,0.5668266424830715,Medium,45.0,33,24.75
69050,Riverdale,tv,8.412,13679.0,67.2211,2017-01-26,"Set in the present, the series offers a bold, subversive take on Archie, Betty, Veronica and their friends, exploring the surreality of small-town life, the darkness and weirdness bubbling beneath Riverdale’s wholesome facade.","Crime, Drama, Mystery",2017,0.8070473876063184,0.01139834283195236,0.1478213797414304,2017.0,0.8977272727272727,0.5955566397102949,Medium,45.0,137,102.75
37854,One Piece,tv,8.7,5164.0,68.7695,1999-10-20,"Years ago, the fearsome Pirate King, Gol D. Roger was executed leaving a huge pile of treasure and the famous ""One Piece"" behind. Whoever claims the ""One Piece"" will be named the new King of the Pirates.

Monkey D. Luffy, a boy who consumed a ""Devil Fruit,"" decides to follow in the footsteps of his idol, the pirate Shanks, and find the One Piece. It helps, of course, that his body has the properties of rubber and that he's surrounded by a bevy of skilled fighters and thieves to help him along the way.

Luffy will do anything to get the One Piece and become King of the Pirates!","Comedy, Animation",1999,0.8420413122721749,0.004302503585419655,0.15170370934981,1999.0,0.6931818181818182,0.5460618214390414,Medium,45.0,10,7.5
1920,Twin Peaks,tv,8.3,2502.0,62.7317,1990-04-08,The body of Laura Palmer is washed up on a beach near the small Washington state town of Twin Peaks. FBI Special Agent Dale Cooper is called in to investigate her strange demise only to uncover a web of mystery that ultimately leads him deep into the heart of the surrounding woodland and his very own soul.,"Drama, Mystery",1990,0.793438639125152,0.0020841684034736694,0.136565030901428,1990.0,0.5909090909090909,0.49527343344383024,Medium,45.0,10,7.5
688,The West Wing,tv,8.242,555.0,73.0942,1999-09-22,The West Wing provides a glimpse into presidential politics in the nation's capital as it tells the stories of the members of a fictional presidential administration. These interesting characters have humor and dedication that touches the heart while the politics that they discuss touch on everyday life.,Drama,1999,0.7863912515188336,0.0004616670513892095,0.1625471030835736,1999.0,0.6931818181818182,0.5226495461774957,Medium,45.0,10,7.5
60708,Gotham,tv,7.6,3642.0,72.4047,2014-09-22,"Everyone knows the name Commissioner Gordon. He is one of the crime world's greatest foes, a man whose reputation is synonymous with law and order. But what is known of Gordon's story and his rise from rookie detective to Police Commissioner? What did it take to navigate the multiple layers of corruption that secretly ruled Gotham City, the spawning ground of the world's most iconic villains? And what circumstances created them – the larger-than-life personas who would become Catwoman, The Penguin, The Riddler, Two-Face and The Joker?","Drama, Crime",2014,0.7083839611178615,0.003034169195140996,0.1608183080274009,2014.0,0.8636363636363636,0.543354744296596,Medium,45.0,10,7.5
1514,The One Show,tv,4.4,30.0,62.0765,2006-08-14,A topical magazine-style daily television programme broadcast live on BBC One.,Unknown,2006,0.3195625759416768,2.4166686805572336e-05,0.1349222368175929,2006.0,0.7727272727272727,0.35965046220089425,Low,45.0,769,576.75
1966,Horizon,tv,7.4,33.0,66.6836,1964-02-04,"Horizon tells amazing science stories, unravels mysteries and reveals worlds you've never seen before.",Documentary,1964,0.68408262454435,2.6666688888907407e-05,0.1464736968658788,1964.0,0.29545454545454547,0.3622774134607703,Low,45.0,10,7.5
64190,Volle Kanne,tv,3.8,6.0,76.3825,1999-08-30,No description,Unknown,1999,0.24665856622114213,4.166670138891783e-06,0.1707919135015759,1999.0,0.6931818181818182,0.306619221944044,Low,45.0,10,7.5
5660,Mobile Suit Gundam ZZ,tv,7.4,33.0,77.0472,1986-03-01,"The year is Universal Century 0088. Directly after the end of the  Gryps War, Haman Karn and her army of Zeon remnants on the asteroid Axis  begin their quest of reviving the lost empire of the Zabi's, and  proclaim themselves as the Neo-Zeon. With the Earth Federation as  hapless as ever, only the Anti-Earth Union Group (AEUG) is able oppose  the plans of Neo-Zeon. In need of all the help it can get after being  decimated in the previous war and losing many of its key members, the  AEUG ship Argama enlists the aid of a young junk collector from the Side  1 colony of Shangri-La named Judau Ashta to pilot its newest mobile  suit, the ZZ Gundam.","Animation, Drama, Comedy",1986,0.68408262454435,2.6666688888907407e-05,0.1724585270966999,1986.0,0.5454545454545454,0.4372774134607703,Medium,45.0,10,7.5
655,Star Trek: The Next Generation,tv,8.37,1712.0,68.198,1987-09-28,"Follow the intergalactic adventures of Capt. Jean-Luc Picard and his loyal crew aboard the all-new USS Enterprise NCC-1701D, as they explore new worlds.","Drama, Mystery",1987,0.8019441069258808,0.001425834521528768,0.1502707776970143,1987.0,0.5568181818181818,0.48825084767226556,Medium,45.0,10,7.5
3968,NewsRadio,tv,7.349,126.0,71.1513,1995-03-21,"The office politics and interpersonal relationships among the staff of WNYX NewsRadio, New York's #2 news radio station.",Comedy,1995,0.6778857837181045,0.00010416675347229456,0.1576756369274635,1995.0,0.6477272727272727,0.4655037453314653,Medium,45.0,10,7.5
34524,Teen Wolf,tv,8.457,4648.0,75.359,2011-06-05,"Scott McCall, a high school student living in the town of Beacon Hills has his life drastically changed when he's bitten by a werewolf, becoming one himself. He must henceforth learn to balance his problematic new identity with his day-to-day teenage life. The following characters are instrumental to his struggle: Stiles, his best friend; Allison, his love interest who comes from a family of werewolf hunters; and Derek, a mysterious werewolf with a dark past. Throughout the series, he strives to keep his loved ones safe while maintaining normal relationships with them.","Drama, Comedy",2011,0.8125151883353585,0.0038725032270860225,0.1682256745748279,2011.0,0.8295454545454546,0.5750314626659057,Medium,45.0,10,7.5
127706,Kiff,tv,8.5,21.0,67.3496,2023-03-10,"This series follows Kiff, an optimistic squirrel whose best intentions often lead to complete chaos, and her best friend Barry, a sweet and mellow bunny. Set in the bustling mountains, where animals and magical creatures live together in harmony, the series features the duo, who take the town by storm with their endless adventures and zest for life.","Animation, Comedy",2023,0.8177399756986634,1.666668055556713e-05,0.1481435699730739,2023.0,0.9659090909090909,0.6168737175563593,Medium,11.0,113,20.72
4588,ER,tv,7.827,903.0,75.2728,1994-09-19,ER explores the inner workings of an urban teaching hospital and the critical issues faced by the dedicated physicians and staff of its overburdened emergency room.,Drama,1994,0.735965978128797,0.0007516672930560776,0.1680095438513442,1994.0,0.6363636363636364,0.4855209823485266,Medium,45.0,10,7.5
46296,Spartacus,tv,8.03,2851.0,71.3231,2010-01-22,"Torn from his homeland and the woman he loves, Spartacus is condemned to the brutal world of the arena where blood and death are primetime entertainment.",Drama,2010,0.7606318347509112,0.002375001979168316,0.1581063939842445,2010.0,0.8181818181818182,0.5504197799486604,Medium,45.0,10,7.5
4574,X-Men,tv,8.159,1310.0,73.3352,1992-10-31,"The X-Men are an elite team of mutants, genetically gifted human beings with superpowers, sworn to fight for mutant rights against hostile Government agencies, whilst at the same time protecting mankind from mutant supremacist Magneto who seeks to destroy the human race in return for the atrocities committed against mutant kind.",Animation,1992,0.7763061968408264,0.0010908342423618686,0.1631513664752163,1992.0,0.6136363636363636,0.4949406380999482,Medium,45.0,10,7.5
99121,Walker,tv,7.097,385.0,69.4914,2021-01-21,"Cordell Walker, a widower and father of two with his own moral code, returns home to Austin after being undercover for two years, only to discover there's harder work to be done at home.","Crime, Drama",2021,0.6472660996354799,0.0003200002666668889,0.1535137414760625,2021.0,0.9431818181818182,0.5419569853887375,Medium,45.0,10,7.5
119822,Algo personal,tv,2.0,1.0,63.47,2015-02-23,No description,Unknown,2015,0.02794653705953827,0.0,0.1384161830261159,2015.0,0.875,0.27367861482381534,Low,45.0,10,7.5
18347,Community,tv,8.002,2011.0,82.5545,2009-09-17,"Follow the lives of a group of students at what is possibly the world’s worst community college in the fictional locale of Greendale, Colorado.",Comedy,2009,0.7572296476306197,0.0016750013958344964,0.1862670738883747,2009.0,0.8068181818181818,0.5454398140164527,Medium,45.0,110,82.5
36062,Best Friends,tv,3.0,8.0,70.2461,2007-09-03,"Best Friends follows the life of a group of friends at their high school ‘Spangalis College’. Inside and outside of school exciting and challenging experiences take place. Growing up is never easy; every character has its own, unique story of love, friendship, loneliness, sorrow, discovery. There is drama and joy in school, family, teachers, parents, divorce, bullying, and always dreams for the future.","Comedy, Drama",2007,0.14945321992709598,5.8333381944484954e-06,0.1554060135991858,2007.0,0.7840909090909091,0.29501031069956946,Low,45.0,10,7.5
217772,GG Bond,tv,9.1,8.0,92.1782,2006-07-01,No description,Animation,2006,0.890643985419198,5.8333381944484954e-06,0.2103967402873435,2006.0,0.7727272727272727,0.5880775259873194,Medium,45.0,10,7.5
4573,Late Night with Conan O'Brien,tv,7.228,151.0,57.3761,1993-09-13,"Stepping into the late-late slot vacated by David Letterman, Conan O'Brien stars in a show that far outdoes its competition in sheer strangeness. Along with the celebrity interviews and musical numbers typical of late-night talk shows, this program make frequent use of odd walk-on characters and frequent ""visits"" from celebrity guests.",Comedy,1993,0.66318347509113,0.00012500010416675346,0.123136844095281,1993.0,0.625,0.45281089006770203,Medium,45.0,10,7.5
226285,Elsbeth,tv,6.898,103.0,70.7062,2024-02-29,"After her successful career in Chicago, Elsbeth Tascioni, an astute but unconventional attorney, utilizes her singular point of view to make unique observations and corner brilliant criminals alongside the NYPD.","Crime, Drama, Comedy, Mystery",2024,0.6230862697448359,8.500007083339237e-05,0.1565596301406579,2024.0,0.9772727272727273,0.5424418261010026,Medium,45.0,10,7.5
46392,Duel Masters,tv,6.2,19.0,74.1471,2002-10-21,"A mysterious organization is interested in fledging duelist Shobu Kirifuda's ability to bring Duel Master creatures to life. With the support of his friends, Shobu duels with passion, discipline, and heart as he strives to be like his father and become the next Kaijudo master.",Animation,2002,0.5382746051032806,1.5000012500010416e-05,0.165187057129468,2002.0,0.7272727272727273,0.4334961602268804,Medium,45.0,10,7.5
1104,Mad Men,tv,8.1,1450.0,65.8969,2007-07-19,"Set in 1960-1970 New York, this sexy, stylized and provocative drama follows the lives of the ruthlessly competitive men and women of Madison Avenue advertising.",Drama,2007,0.7691373025516403,0.0012075010062508385,0.1445011905994669,2007.0,0.7840909090909091,0.5432444440498041,Medium,45.0,10,7.5
80006,Good Trouble,tv,7.5,175.0,68.0152,2019-01-08,"After moving to The Coterie in Downtown Los Angeles, Callie and Mariana Foster realize that living on their own is not all that it’s cracked up to be.",Drama,2019,0.6962332928311057,0.00014500012083343403,0.1498124401534778,2019.0,0.9204545454545454,0.554673180805056,Medium,45.0,10,7.5
31911,Fullmetal Alchemist: Brotherhood,tv,8.7,2380.0,58.2935,2009-04-05,"Disregard for alchemy’s laws ripped half of Edward Elric’s limbs from his body and left his brother Alphonse’s soul clinging to a suit of armor. To restore what was lost, the brothers seek the Philosopher’s Stone. Enemies and allies – the corrupt military, the Homunculi, and foreign alchemists – will alter the Elric brothers course, but their purpose will remain unchanged and their bond unbreakable.","Animation, Drama",2009,0.8420413122721749,0.0019825016520847102,0.1254370566906876,2009.0,0.8068181818181818,0.5794567299499499,Medium,25.0,64,26.67
1447,Psych,tv,7.899,945.0,78.4228,2006-07-07,"Thanks to his police officer father's efforts, Shawn Spencer spent his childhood developing a keen eye for detail (and a lasting dislike of his dad). Years later, Shawn's frequent tips to the police lead to him being falsely accused of a crime he solved.

Now, Shawn has no choice but to use his abilities to perpetuate his cover story: psychic crime-solving powers, all the while dragging his best friend, his dad, and the police along for the ride.","Drama, Comedy, Crime",2006,0.7447144592952611,0.0007866673222227685,0.1759075923313208,2006.0,0.7727272727272727,0.5299399657329531,Medium,45.0,10,7.5
790,Agatha Christie's Poirot,tv,8.2,533.0,68.3212,1989-01-08,"From England to Egypt, accompanied by his elegant and trustworthy sidekicks, the intelligent yet eccentrically-refined Belgian detective Hercule Poirot pits his wits against a collection of first class deceptions.","Crime, Drama, Mystery",1989,0.7812879708383961,0.00044333370277808564,0.1505796791486756,1989.0,0.5795454545454546,0.48651182480982824,Medium,45.0,10,7.5
1417,Glee,tv,6.78,922.0,64.825,2009-05-19,"In this musical comedy, optimistic high school teacher Will Schuester tries to refuel his own passion while reinventing the high school's glee club and challenging a group of outcasts to realize their star potential as they strive to outshine their singing competition while navigating the cruel halls of McKinley High.","Comedy, Drama",2009,0.6087484811664641,0.0007675006395838663,0.1418135975309948,2009.0,0.8068181818181818,0.4857750972039153,Medium,45.0,121,90.75
1639,Heroes,tv,7.449,2487.0,67.2908,2006-09-25,Common people discover that they have super powers. Their lives intertwine as a devastating event must be prevented.,Drama,2006,0.6900364520048603,0.002071668393056994,0.147996139734781,2006.0,0.7727272727272727,0.5084542631380431,Medium,45.0,10,7.5
71494,Golden Globe Awards,tv,7.2,18.0,66.7488,1944-01-20,"An annual awards ceremony recognizing excellence in film and television, both domestic and foreign, bestowed by the Hollywood Foreign Press Association.",Unknown,1944,0.6597812879708383,1.416667847223206e-05,0.1466371739328295,1944.0,0.06818181818181818,0.28437131064642246,Low,45.0,10,7.5
120089,SPY x FAMILY,tv,8.512,2203.0,70.7209,2022-04-09,"A spy, an assassin and a telepath come together to pose as a family, each for their own reasons, while hiding their true identities from each other.","Animation, Comedy",2022,0.8191980558930742,0.001835001529167941,0.1565964877002311,2022.0,0.9545454545454546,0.6145933591796164,Medium,45.0,10,7.5
3091,Family Affairs,tv,2.6,5.0,60.0885,1997-03-30,Focuses on the lives of residents in the fictional London suburb of Charnham.,Drama,1997,0.10085054678007291,3.333336111113426e-06,0.1299376906657854,1997.0,0.6704545454545454,0.24147758234922612,Low,45.0,10,7.5
41956,Death in Paradise,tv,7.487,316.0,66.4335,2011-10-25,A brilliant but idiosyncratic British detective and his resourceful local team solve baffling murder mysteries on the fictional Caribbean island of Saint Marie.,"Comedy, Crime, Drama, Mystery",2011,0.6946537059538275,0.0002625002187501823,0.1458466168897384,2011.0,0.8295454545454546,0.5268038688107924,Medium,45.0,10,7.5
37971,Der Alte,tv,6.083,18.0,74.0043,1977-04-11,"A police department, lead by an older, experienced detective solve crimes together.","Crime, Drama",1977,0.5240583232077765,1.416667847223206e-05,0.1648290122650424,1977.0,0.4431818181818182,0.3425821247411977,Low,45.0,10,7.5
615,Futurama,tv,8.368,3656.0,57.8048,1999-03-28,"The adventures of a late-20th-century New York City pizza delivery boy, Philip J. Fry, who, after being unwittingly cryogenically frozen for one thousand years, finds employment at Planet Express, an interplanetary delivery company in the retro-futuristic 31st century.","Animation, Comedy",1999,0.8017010935601458,0.0030458358715298927,0.1242117308836512,1999.0,0.6931818181818182,0.5295487336400628,Medium,45.0,10,7.5
56296,Orphan Black,tv,7.802,1389.0,68.899,2013-03-30,A streetwise hustler is pulled into a compelling conspiracy after witnessing the suicide of a girl who looks just like her.,Drama,2013,0.7329283110571081,0.0011566676305563588,0.1520284068984313,2013.0,0.8522727272727273,0.5492001428938283,Medium,45.0,10,7.5
37678,The Voice,tv,5.9,218.0,66.4643,2011-04-26,"The strongest vocalists from across the United states compete in a blockbusters vocal competition, the winner becomes “The Voice.” The show's innovative format features four stages of competition: the blind auditions, the battle rounds, the knockouts and, finally, the live performance shows.",Unknown,2011,0.5018226002430134,0.00018083348402790335,0.1459238422526537,2011.0,0.8295454545454546,0.4496469265060501,Medium,45.0,10,7.5
61457,Grantchester,tv,7.289,142.0,68.3177,2014-10-06,"In 1953 at the hamlet of Grantchester, Sidney Chambers—a charismatic, charming clergyman—turns investigative vicar when one of his parishioners dies in suspicious circumstances.","Crime, Drama, Mystery",2014,0.670595382746051,0.00011750009791674826,0.1505709035392534,2014.0,0.8636363636363636,0.5273643122187046,Medium,45.0,66,49.5
2518,The Tonight Show with Jay Leno,tv,5.4,97.0,52.3599,1992-05-25,Jay Leno hosts some of the biggest celebrities in the world.,Comedy,1992,0.44106925880923453,8.000006666672223e-05,0.1105596406713892,1992.0,0.6136363636363636,0.36054261263460297,Low,45.0,10,7.5
14658,Survivor,tv,7.3,421.0,54.3957,2000-05-31,"A reality show contest where sixteen or more castaways split between two or more “Tribes” are taken to a remote isolated location and are forced to live off the land with meager supplies for roughly 39 days. Frequent physical challenges are used to pit the tribes against each other for rewards, such as food or luxuries, or for “Immunity”, forcing the other tribe to attend “Tribal Council”, where they must vote off one of their players.",Unknown,2000,0.671931956257594,0.0003500002916669097,0.1156640365747342,2000.0,0.7045454545454546,0.4802414189541741,Medium,45.0,10,7.5
30801,2 Days and 1 Night,tv,7.1,28.0,66.5194,2007-08-05,"2 Days & 1 Night is a South Korean reality-variety show with the motto ""real wild road variety."" Its main concept is to recommend various places of interest that viewers can visit in South Korea.",Comedy,2007,0.6476306196840826,2.2500018750015624e-05,0.1460619954181289,2007.0,0.7840909090909091,0.49428627060653074,Medium,45.0,10,7.5
67026,Designated Survivor,tv,7.142,1096.0,62.1918,2016-09-21,"Tom Kirkman, a low-level cabinet member is suddenly appointed President of the United States after a catastrophic attack during the State of the Union kills everyone above him in the Presidential line of succession.",Drama,2016,0.65273390036452,0.0009125007604173003,0.1352113304651298,2016.0,0.8863636363636364,0.527276401283024,Medium,45.0,53,39.75
4586,Gilmore Girls,tv,7.898,1220.0,62.7398,2000-10-05,"Set in the charming town of Stars Hollow, Connecticut, the series follows the captivating lives of Lorelai and Rory Gilmore, a mother/daughter pair who have a relationship most people only dream of.","Comedy, Drama",2000,0.7445929526123937,0.0010158341798618166,0.136585340168948,2000.0,0.7045454545454546,0.5095055676625524,Medium,45.0,10,7.5
841,Newsnight,tv,6.0,11.0,55.0406,1980-01-30,A daily BBC Television current affairs programme which specialises in analysis and often robust cross-examination of senior politicians.,Unknown,1980,0.5139732685297692,8.333340277783565e-06,0.1172810052936983,1980.0,0.4772727272727273,0.3487736255958092,Low,45.0,10,7.5
49036,Love Stories in the Countryside,tv,6.1,8.0,70.0498,2006-09-30,No description,"Family, Comedy",2006,0.5261239368165249,5.8333381944484954e-06,0.1549138272764495,2006.0,0.7727272727272727,0.4422695065462501,Medium,45.0,10,7.5
45790,JoJo's Bizarre Adventure,tv,8.5,1549.0,108.8515,2012-10-06,"Follow the intergenerational feud between the Joestar Family and various forces of evil, the most prominent of which is Dio Brando and his followers.",Animation,2012,0.8177399756986634,0.001290001075000896,0.2522019884528024,2012.0,0.8409090909090909,0.5797557178746929,Medium,45.0,10,7.5
194916,Chiikawa,tv,8.2,14.0,53.5745,2022-04-04,"The story follows the sometimes happy, sometimes sad, and a tad stressful daily life of ""some sort of small, cute creature"" (Nanka Chiisakute Kawaii Yatsu) known as Chiikawa. Chiikawa enjoys delicious food with bees and rabbits, toils hard every day for the rewards of work, and still maintains a smile.","Animation, Comedy, Family",2022,0.7812879708383961,1.0833342361118635e-05,0.1136050278725891,2022.0,0.9545454545454546,0.5988820747017032,Medium,45.0,10,7.5
63329,Rosewood,tv,6.485,172.0,61.2491,2015-09-23,"Dr. Beaumont Rosewood, Jr. is a brilliant private pathologist who uses wildly sophisticated technology and his drive to live life to the fullest to help a tough-as-nails detective and the Miami PD uncover clues no one else can see.",Drama,2015,0.5729040097205346,0.00014250011875009897,0.1328476827501857,2015.0,0.875,0.4917043539238389,Medium,43.0,44,31.53
4177,Perry Mason,tv,7.7,131.0,70.8433,1957-09-21,The cases of master criminal defense attorney Perry Mason and his staff who handled the most difficult of cases in the aid of the innocent.,"Mystery, Drama, Crime",1957,0.7205346294046172,0.00010833342361118634,0.1569033832983103,1957.0,0.2159090909090909,0.3530190790616575,Low,45.0,10,7.5
127532,Solo Leveling,tv,8.607,1601.0,66.8489,2024-01-07,"They say whatever doesn’t kill you makes you stronger, but that’s not the case for the world’s weakest hunter Sung Jinwoo. After being brutally slaughtered by monsters in a high-ranking dungeon, Jinwoo came back with the System, a program only he could see, that’s leveling him up in every way. Now, he’s inspired to discover the secrets behind his powers and the dungeon that spawned them.",Animation,2024,0.830741190765492,0.0013333344444453703,0.1468881563623043,2024.0,0.9772727272727273,0.6258782948213486,Medium,45.0,10,7.5
1424,Orange Is the New Black,tv,7.643,2758.0,55.2653,2013-07-11,"A crime she committed in her youthful past sends Piper Chapman to a women's prison, where she trades her comfortable New York life for one of unexpected camaraderie and conflict in an eccentric group of fellow inmates.","Drama, Comedy, Crime",2013,0.7136087484811664,0.002297501914584929,0.1178443994186033,2013.0,0.8522727272727273,0.5418145681486601,Medium,45.0,10,7.5
223911,Renegade Immortal,tv,8.8,32.0,55.8543,2023-09-25,"It tells the story of Wang Lin, an ordinary young man in the countryside, who is moved by his heart and cultivates against immortality. His pursuit is not only for longevity, but also for getting rid of the ants behind it. He firmly believed in human beings and entered the path of cultivation with mediocre qualifications. After experiencing ups and downs, with his wise mind, he gradually reached the pinnacle and became famous in the cultivation world with his own strength.","Animation, Drama",2023,0.8541919805589309,2.5833354861129053e-05,0.1193212091185101,2023.0,0.9659090909090909,0.631457269502758,Medium,45.0,10,7.5
48866,The 100,tv,7.9,8523.0,71.191,2014-03-19,"100 years in the future, when the Earth has been abandoned due to radioactivity, the last surviving humans live on an ark orbiting the planet — but the ark won't last forever. So the repressive regime picks 100 expendable juvenile delinquents to send down to Earth to see if the planet is still habitable.","Drama, Crime",2014,0.7448359659781288,0.007101672584727154,0.157775177411481,2014.0,0.8636363636363636,0.5591557972575787,Medium,45.0,10,7.5
48891,Brooklyn Nine-Nine,tv,8.213,3862.0,62.6942,2013-09-17,"A single-camera ensemble comedy following the lives of an eclectic group of detectives in a New York precinct, including one slacker who is forced to shape up when he gets a new boss.","Comedy, Crime",2013,0.7828675577156743,0.0032175026812522344,0.1364710065147617,2013.0,0.8522727272727273,0.5697940920724636,Medium,45.0,10,7.5
5500,SOKO München,tv,5.5,6.0,68.8849,1978-01-02,"SOKO 5113 is a long-running German police procedural television series. It was first aired in 1978 on 2 January. SOKO is an abbreviation of the term ""Sonderkommission"" in German.",Crime,1978,0.45321992709599024,4.166670138891783e-06,0.1519930537290447,1978.0,0.45454545454545453,0.3176528572030741,Low,45.0,10,7.5
210865,Golden Boy,tv,8.198,96.0,65.4998,2022-09-23,"A young girl is forced to marry a rich groom. The groom is not only rich, but also allows himself to live without any restrictions or obligations. Will married life change his habits? And how will such a man be accepted by a good-hearted wife?","Family, Drama",2022,0.781044957472661,7.916673263894386e-05,0.1435055350275942,2022.0,0.9545454545454546,0.5988053693724924,Medium,45.0,10,7.5
7677,We Got Married,tv,5.933,15.0,57.3257,2008-03-16,"We Got Married is a South Korean reality variety show, one segment of the Sunday Sunday Night program. First broadcast in 2008, the show pairs up Korean celebrities to show what life would be like if they were married. Each week, couples are assigned missions to complete, with candid interviews of the participants to reveal their thoughts and feelings.",Unknown,2008,0.5058323207776427,1.1666676388896991e-05,0.1230104753196014,2008.0,0.7954545454545454,0.44097279195033734,Medium,45.0,10,7.5
112191,The Guardians of Carcosa,tv,7.0,1.0,50.2166,2013-01-01,"The Guardians of Carcosa have made it their mission to protect all humans. Watch the battle for humanity ensue, and join adventures to the realms Carcosa Wonderland and beyond.","Animation, Drama",2013,0.6354799513973268,0.0,0.105185708192934,2013.0,0.8522727272727273,0.5098737987407489,Medium,45.0,10,7.5
26444,Da Capo,tv,6.1,12.0,66.3425,2003-07-05,"Junichi Asakura lives with his adoptive sister Nemu in the crescent-shaped island of Hatsune Jima, a place where cherry blossoms bloom throughout the year. In this island, people have mysterious powers and attributes. For example, Junichi has the power to see other people's dreams, and he was also taught by his grandmother to magically create sweets. One day, Junichi's cousin and childhood friend, Sakura Yoshino came back from America all of a sudden. To Junichi's surprise, she looks exactly the same as the girl that moved away six years ago, and hasn't aged one bit. And she came back to remind Junichi of their childhood promise... It is a bittersweet tale of magic, love, hidden desires, and unattainable dreams.","Animation, Drama",2003,0.5261239368165249,9.166674305561922e-06,0.1456184510447613,2003.0,0.7386363636363636,0.4320432338198107,Medium,45.0,10,7.5
1418,The Big Bang Theory,tv,7.912,12287.0,54.1079,2007-09-24,Physicists Leonard and Sheldon find their nerd-centric social circle with pals Howard and Raj expanding when aspiring actress Penny moves in next door.,Comedy,2007,0.7462940461725394,0.010238341865284887,0.1149424307485319,2007.0,0.7840909090909091,0.536816393755874,Medium,45.0,10,7.5
225891,The Madison,tv,9.025,20.0,64.1245,2026-03-14,"The Clyburns uproot their comfortable New York City lives to the wild, untamed beauty of Montana's Madison River Valley on a search for connection.","Drama, Western",2026,0.8815309842041312,1.5833346527788773e-05,0.1400572219880666,2026.0,1.0,0.6526171436856109,Medium,45.0,12,9.0
31910,Naruto Shippūden,tv,8.532,8576.0,64.2917,2007-02-15,"After 2 and a half years Naruto finally returns to his village of Konoha, and sets about putting his ambitions to work. It will not be easy though as he has amassed a few more dangerous enemies, in the likes of the shinobi organization; Akatsuki.",Animation,2007,0.8216281895504253,0.007145839288199407,0.1404764453867499,2007.0,0.7840909090909091,0.5660223003339027,Medium,25.0,500,208.33
1403,Marvel's Agents of S.H.I.E.L.D.,tv,7.472,3729.0,59.5095,2013-09-24,"Agent Phil Coulson of S.H.I.E.L.D. (Strategic Homeland Intervention, Enforcement and Logistics Division) puts together a team of agents to investigate the new, the strange and the unknown around the globe, protecting the ordinary from the extraordinary.",Drama,2013,0.6928311057108141,0.003106669255557713,0.1284859541356564,2013.0,0.8522727272727273,0.5337462612428112,Medium,45.0,10,7.5
37288,Morgenmagazin,tv,3.5,2.0,55.0375,1992-07-19,No description,Unknown,1992,0.21020656136087484,8.333340277783565e-07,0.1172732326110672,1992.0,0.6136363636363636,0.26817378363546734,Low,45.0,10,7.5
2122,King of the Hill,tv,7.395,650.0,58.7854,1997-01-12,"Set in Texas, this animated series follows the life of propane salesman Hank Hill, who lives with his overly confident substitute Spanish teacher wife Peggy, wannabe comedian son Bobby, and naive niece Luanne. Hank has conservative views about God, family, and country, but his values and ethics are often challenged by the situations he, his family, and his beer-drinking neighbors/buddies find themselves in.","Animation, Comedy, Family",1997,0.6834750911300121,0.0005408337840281534,0.1266704059120528,1997.0,0.6704545454545454,0.4746886502235769,Medium,45.0,10,7.5
52910,Law of the Jungle,tv,6.0,9.0,59.3819,2011-10-21,"Law of the Jungle is a hybrid reality show combining elements of drama and documentary. The show is hosted by comedian Kim Byung Man, and each episode invites various celebrities from the various field. So far, many of idol stars and famous actors have appeared on the show. The show introduces viewers to exotic locations around the world where celebrities must work together in order to complete missions and survive. The cast celebrities travel to less habituated, natural places to survive on their own and experience life with local tribes and people. In each location, the guests are tasked to hunt and prepare their meals and also create shelter for the tribe. They sometimes confronted by many difficult challenges. Where will the tribe visit? And how will they survive on their own? Stay tuned to check out!",Unknown,2011,0.5139732685297692,6.666672222226852e-06,0.1281660204892928,2011.0,0.8295454545454546,0.45445494377721074,Medium,45.0,10,7.5
1409,Sons of Anarchy,tv,8.4,3186.0,59.0047,2008-09-03,"The Sons of Anarchy (SOA) are an outlaw motorcycle club with many charters in the United States and overseas. The show focused on the original and founding charter, Sons of Anarchy Motorcycle Club, Redwood Original, often referred to by the acronym SAMCRO, Sam Crow, or simply Redwood Charter. The charter operates both legal and illegal businesses in the small town of Charming, California. They combine gun-running and a garage, and involvement in porn film industry. Clay, the charter president, likes it old school and violent; while Jax, his stepson and the club's VP, has thoughts about changing the way things are done. Their conflict has effects on both the club and their personal relationship, especially when Jax goes on a personal quest to cleanse the SAMCRO name and image.","Crime, Drama",2008,0.8055893074119077,0.0026541688784740653,0.1272202605252778,2008.0,0.7954545454545454,0.5616683372646689,Medium,45.0,10,7.5
1877,Phineas and Ferb,tv,7.9,988.0,56.5762,2007-08-17,"Each day, two kindhearted suburban stepbrothers on summer vacation embark on some grand new project, which annoys their controlling sister, Candace, who tries to bust them. Meanwhile, their pet platypus plots against evil Dr. Doofenshmirtz.","Animation, Comedy, Family",2007,0.7448359659781288,0.0008225006854172378,0.1211312412447625,2007.0,0.7840909090909091,0.5334084093241493,Medium,45.0,10,7.5
65494,The Crown,tv,8.2,2303.0,61.451,2016-11-04,"The gripping, decades-spanning inside story of Her Majesty Queen Elizabeth II and the Prime Ministers who shaped Britain's post-war destiny. 

The Crown tells the inside story of two of the most famous addresses in the world – Buckingham Palace and 10 Downing Street – and the intrigues, love lives and machinations behind the great events that shaped the second half of the 20th century. Two houses, two courts, one Crown.",Drama,2016,0.7812879708383961,0.0019183349319457767,0.1333539100479975,2016.0,0.8863636363636364,0.578999779724033,Medium,45.0,60,45.0
117465,Hell's Paradise,tv,8.184,416.0,65.7322,2023-04-01,"For a chance at a pardon, a ninja assassin joins other condemned criminals on a journey to a mysterious island to retrieve an elixir of immortality.",Animation,2023,0.7793438639125151,0.00034583362152801794,0.1440882354932281,2023.0,0.9659090909090909,0.6016140229241917,Medium,45.0,10,7.5
220150,Pokémon Horizons,tv,8.7,99.0,58.1984,2023-04-14,"Follow Liko and Roy as they unravel the mysteries that surround them and encounter Friede, Captain Pikachu, Amethio, and others during their exciting adventures!",Animation,2023,0.8420413122721749,8.166673472227893e-05,0.1251986108461016,2023.0,0.9659090909090909,0.626613752202014,Medium,25.0,133,55.42
4013,Virtues of Harmony II,tv,7.5,2.0,49.9166,2003-05-05,"The Virtues of Harmony II is a long-running TVB television series, which follows its first series, Virtues of Harmony, a series set in Ancient China. This new, second series of the Virtues of Harmony is set in Modern Hong Kong.","Comedy, Family, Drama",2003,0.6962332928311057,8.333340277783565e-07,0.1044335130996029,2003.0,0.7386363636363636,0.5000844762235597,Medium,30.0,444,222.0
1028,Holby City,tv,5.739,46.0,53.1286,1999-01-12,"Drama series about life on the wards of Holby City Hospital, following the highs and lows of the staff and patients.",Drama,1999,0.4822600243013365,3.750003125002604e-05,0.1124870152322013,1999.0,0.6931818181818182,0.40086980518445514,Medium,45.0,10,7.5
4546,Curb Your Enthusiasm,tv,8.03,894.0,58.8447,2000-10-15,"The off-kilter, unscripted comic vision of Larry David, who plays himself in a parallel universe in which he can't seem to do anything right, and, by his standards, neither can anyone else.",Comedy,2000,0.7606318347509112,0.0007441672868060724,0.1268190898088346,2000.0,0.7045454545454546,0.5158396204500426,Medium,45.0,10,7.5
80240,The Queen of Flow,tv,7.993,1549.0,59.5706,2018-06-12,"Seventeen years after being wrongly imprisoned, a talented songwriter seeks justice against the men who caused her downfall and killed her family.","Drama, Crime",2018,0.7561360874848118,0.001290001075000896,0.1286391512029981,2018.0,0.9090909090909091,0.5755687080436978,Medium,45.0,10,7.5
31936,Melissa & Joey,tv,6.9,119.0,53.7942,2010-08-17,"Mel is a local politician from a political family. When a family scandal leaves her niece, Lennox, and nephew, Ryder, without their parents, Mel takes them in. She hires Joe to become the family's male nanny, or ""manny,"" after a Ponzi scheme leaves him broke.","Drama, Comedy, Family",2010,0.6233292831105711,9.833341527784607e-05,0.1141558854126053,2010.0,0.8181818181818182,0.49481575872335726,Medium,45.0,10,7.5
90802,The Sandman,tv,7.878,2524.0,58.0503,2022-08-05,"After years of imprisonment, Morpheus — the King of Dreams — embarks on a journey across worlds to find what was stolen from him and restore his power.",Drama,2022,0.7421628189550425,0.0021025017520847934,0.1248272772016938,2022.0,0.9545454545454546,0.5838595144712788,Medium,45.0,10,7.5
31572,Lupin the 3rd,tv,8.0,123.0,55.5461,1971-10-24,"Follow the exciting adventures of Arsene Lupin III, the grandson of the world's greatest thief, Arsene Lupin. Together with Daisuke Jigen, Goemon Ishikawa and his love interest Fujiko Mine, he carries out the greatest robberies of all time, all the while evading the control of Inspector Koichi Zenigata.",Animation,1971,0.7569866342648846,0.00010166675138895949,0.1185484540259612,1971.0,0.375,0.4153251537313705,Medium,45.0,10,7.5
283673,That Night,tv,6.441,17.0,61.5423,2026-03-13,"When a young, naïve single mother gets embroiled in a murder during an island getaway, her sisters rush to help. But they only make things worse.","Crime, Drama, Mystery",2026,0.567557715674362,1.3333344444453704e-05,0.1335828280880679,2026.0,1.0,0.5270270862730781,Medium,45.0,10,7.5
1940,Entourage,tv,7.374,623.0,60.2841,2004-07-18,Film star Vince Chase navigates the vapid terrain of Los Angeles with a close circle of friends and his trusty agent.,"Comedy, Drama",2004,0.6809234507897933,0.0005183337652781377,0.1304281218666373,2004.0,0.75,0.49752488044550075,Medium,45.0,10,7.5
20695,Yu-Gi-Oh! 5D's,tv,8.051,188.0,60.3346,2008-04-02,"Welcome to New Domino City! Once the playground to legendary duelist Yugi Muto, this sprawling metropolis has since been transformed into a futuristic society where dueling has kicked into overdrive. With recent technological advancements made by KaibaCorp, dueling has undergone a metamorphosis that has revolutionized the makeup and pace of the game! It’s now a heart-pounding, adrenaline-filled and fuel injected competition where duelists ride supercharged hyper cycles called Duel Runners and battle it out in hi-octane contests called “Turbo Duels.”",Animation,2008,0.76318347509113,0.00015583346319455267,0.1305547413740147,2008.0,0.7954545454545454,0.5439565037117741,Medium,45.0,10,7.5
101172,Swallowed Star,tv,8.6,32.0,48.4161,2020-11-29,"On the Earth, a catastrophe triggered the variation of all kinds of species. The superior survived and the inferior were extinct. Under this circumstance, Luo Feng inherited from the owner of Yunmo Star and became one of the three strongest people on the Earth. He lost his flesh during the fight against giant swallowed monster but then he took the flesh of the monster. In the flesh, he developed a human body. Later, he stepped out of the Earth and headed to the universe.",Animation,2020,0.8298906439854191,2.5833354861129053e-05,0.1006712839744584,2020.0,0.9318181818181818,0.6115094621460806,Medium,45.0,10,7.5
69478,The Handmaid's Tale,tv,8.146,3140.0,55.0037,2017-04-26,"Set in a dystopian future, a woman is forced to live as a concubine under a fundamentalist theocratic dictatorship.",Drama,2017,0.7747266099635481,0.002615835513196261,0.1171884852972186,2017.0,0.8977272727272727,0.5799935764575599,Medium,45.0,66,49.5
269,One Tree Hill,tv,7.758,571.0,59.5841,2003-09-23,"In Tree Hill, North Carolina two half brothers share a last name and nothing else. Brooding, blue-collar Lucas is a talented street-side basketball player, but his skills are appreciated only by his friends at the river court. Popular, affluent Nathan basks in the hero-worship of the town, as the star of his high school team. And both boys are the son of former college ball player Dan Scott whose long ago choice to abandon Lucas and his mother Karen, will haunt him long into his life with wife Deb and their son Nathan.",Drama,2003,0.7275820170109355,0.0004750003958336632,0.128672999982198,2003.0,0.7386363636363636,0.5127662160140334,Medium,45.0,10,7.5
95603,Kuruluş Osman,tv,7.87,293.0,58.8757,2019-11-20,"The life of Osman Bey, the son of Ertuğrul and the founder of the Ottoman Empire, as he established and controlled it, facing internal and external struggles against Byzantium and the Mongol Ilkhanate.",Drama,2019,0.7411907654921019,0.00024333353611128008,0.1268968166351455,2019.0,0.9204545454545454,0.5726856698940378,Medium,45.0,10,7.5
71912,The Witcher,tv,7.9,6584.0,59.0902,2019-12-20,"Geralt of Rivia, a mutated monster-hunter for hire, journeys toward his destiny in a turbulent world where people often prove more wicked than beasts.",Drama,2019,0.7448359659781288,0.00548583790486492,0.1274346361268772,2019.0,0.9204545454545454,0.5757165013990746,Medium,45.0,10,7.5
2004,Malcolm in the Middle,tv,8.459,4739.0,59.2492,2000-01-09,"A gifted young teen tries to survive life with his dimwitted, dysfunctional family.",Comedy,2000,0.8127582017010935,0.003948336623613853,0.1278332995263427,2000.0,0.7045454545454546,0.537651418031158,Medium,45.0,10,7.5
1428,MythBusters,tv,7.817,607.0,49.3079,2003-01-23,"MythBusters is a science entertainment television program created and produced by Australia's Beyond Television Productions for the Discovery Channel. The show's hosts, special effects experts Adam Savage and Jamie Hyneman, use elements of the scientific method to test the validity of rumors, myths, movie scenes, adages, Internet videos, and news stories.",Documentary,2003,0.7347509113001215,0.000505000420833684,0.102907309255234,2003.0,0.7386363636363636,0.5156427737372078,Medium,45.0,10,7.5
253,Star Trek,tv,8.0,1450.0,61.2532,1966-09-08,"Space. The Final Frontier. The U.S.S. Enterprise embarks on a five year mission to explore the galaxy. The Enterprise is under the command of Captain James T. Kirk with First Officer Mr. Spock, from the planet Vulcan. With a determined crew, the Enterprise encounters Klingons, Romulans, time paradoxes, tribbles and genetic supermen led by Khan Noonian Singh. Their mission is to explore strange new worlds, to seek new life and new civilizations, and to boldly go where no man has gone before.",Drama,1966,0.7569866342648846,0.0012075010062508385,0.1328579627497945,1966.0,0.3181818181818182,0.39861144946237453,Low,45.0,10,7.5
33765,My Little Pony: Friendship Is Magic,tv,8.151,711.0,50.2948,2010-10-10,"Journey to the enchanted land of Equestria, where unicorn Twilight Sparkle and her pals have adventures and learn valuable lessons about friendship.","Animation, Comedy",2010,0.7753341433778858,0.000591667159722633,0.1053817803805956,2010.0,0.8181818181818182,0.5557657029536166,Medium,45.0,10,7.5
1018,Bonanza,tv,7.5,467.0,66.6,1959-09-12,The High-Sierra adventures of Ben Cartwright and his sons as they run and defend their ranch while helping the surrounding community.,"Western, Drama, Family",1959,0.6962332928311057,0.0003883336569447141,0.1462640851665372,1959.0,0.23863636363636365,0.3502007263204348,Low,45.0,10,7.5
36361,Ulice,tv,4.5,34.0,59.2081,2005-09-05,"Ulice is a Czech soap opera produced and broadcast by Nova. In the Czech language Ulice means street.

The show describes the lives of the Farský, Jordán, Boháč, Nikl, and Liška families and many other people that live in Prague. Their daily battle against real problems of living in a modern world like divorce, love, betrayal and illness or disease. Ulice often shows crime.","Drama, Comedy",2005,0.33171324422843257,2.7500022916685765e-05,0.1277302487985563,2005.0,0.7613636363636364,0.36110263860733893,Low,45.0,10,7.5
1466,Joey,tv,6.254,346.0,64.4354,2004-09-09,"Joey has struck out on his own and moved to Hollywood, hoping to truly make it as an actor. Joey says goodbye to a time when his friends were his family and welcomes the chance to turn his family into his friends. After reuniting with his high-strung sister Gina, a strong and sexy hairdresser, Joey moves in with her genius 20-year-old son, graduate student Michael, who literally is a rocket scientist. What Joey lacks in book smarts, however, he more than makes up for with his people skills, making him the best new friend his nephew could ask for.",Comedy,2004,0.5448359659781288,0.00028750023958353297,0.1408367468364554,2004.0,0.75,0.44302063646312656,Medium,45.0,10,7.5
226637,High Potential,tv,8.019,443.0,55.6134,2024-09-17,"Morgan is a single mom with an exceptional mind, whose unconventional knack for solving crimes leads to an unusual and unstoppable partnership with a by-the-book seasoned detective.","Drama, Crime, Mystery",2024,0.7592952612393682,0.00036833364027803354,0.1187171964585652,2024.0,0.9772727272727273,0.5970104227696489,Medium,45.0,10,7.5
48865,Reign,tv,8.0,865.0,64.133,2013-10-17,"Mary, Queen of Scots, faces political and sexual intrigue in the treacherous world of the French court.",Drama,2013,0.7569866342648846,0.0007200006000005,0.1400785341823777,2013.0,0.8522727272727273,0.5586924720677722,Medium,45.0,10,7.5
1307,Love Conquers All,tv,3.1,7.0,51.6725,2001-10-29,"Kasauti Zindagii Kay often abbreviated as KZK is a popular Indian soap opera that aired on STAR Plus channel from 2001-2008. The Show star cast Shweta Tiwari, Cezzane Khan & Ronit Roy in Leads, and Urvashi Dholakia as the main antagonist. The Show was the Story of Prena and Anurag who eventually fall in love with each other, But they never get closer, and Komolika makes plans against their affair, it describes Anurag and Prerna—lovers who were separated throughout their lives but achieved union in death.

Kasautii Zindagii Ki was the 3rd most popular and 2nd most awarded show that aired on Star Plus from 2001 to 2008. The show ranked at no# 3 among Star Plus' best shows after Kyunki Saas Bhi Kabhi Bahu Thi & Kahaani Ghar Ghar Kii. The show won many awards for Best Series and its direction.",Drama,2001,0.16160388821385177,5.000004166670139e-06,0.1088361109808699,2001.0,0.7159090909090909,0.279415782559518,Low,45.0,10,7.5
1509,Hope & Faith,tv,5.27,37.0,58.8476,2003-09-23,"Hope, a down-to-earth, happily married mother of three has her tidy world turned upside down when her celebrity sister moves in. Faith was living the Hollywood life as a soap opera star before her character was killed off.",Comedy,2003,0.4252733900364519,3.0000025000020833e-05,0.1268263610280701,2003.0,0.7386363636363636,0.39170926511298987,Low,45.0,10,7.5
10029,Great Performances,tv,5.8,22.0,51.7543,1971-01-28,"The best in the performing arts from across America and around the world including a diverse programming portfolio of classical music, opera, popular song, musical theater, dance, drama, and performance documentaries.","Comedy, Documentary, Drama",1971,0.48967193195625747,1.7500014583345485e-05,0.1090412095096515,1971.0,0.375,0.308374022786878,Low,45.0,10,7.5
62688,Supergirl,tv,7.282,4344.0,58.3514,2015-10-26,"Twenty-four-year-old Kara Zor-El, who was taken in by the Danvers family when she was 13 after being sent away from Krypton, must learn to embrace her powers after previously hiding them. The Danvers teach her to be careful with her powers, until she has to reveal them during an unexpected disaster, setting her on her journey of heroism.",Drama,2015,0.6697448359659781,0.0036191696826414024,0.1255822303437005,2015.0,0.875,0.5314836852911837,Medium,45.0,10,7.5
5829,Flashpoint,tv,7.324,148.0,61.0774,2008-07-11,"The Strategic Response Unit (SRU) is an elite team of cops who specialize in high-risk critical incidents. Trained in tactics and psychology, they deal with extreme situations, where split-second decisions could save a life...or cost one.",Drama,2008,0.6748481166464155,0.0001225001020834184,0.1324171764251025,2008.0,0.7954545454545454,0.5086123603255549,Medium,45.0,10,7.5
503,Family Affair,tv,6.65,40.0,54.153,1966-09-12,"Family Affair is an American sitcom that aired on CBS from September 12, 1966 to September 9, 1971. The series explored the trials of well-to-do civil engineer and bachelor Bill Davis as he attempted to raise his brother's orphaned children in his luxury New York City apartment. Davis' traditional English gentleman's gentleman, Mr. Giles French, also had adjustments to make as he became saddled with the responsibility of caring for 15-year-old Cissy and the 6-year-old twins, Jody and Buffy.

The show ran for 138 episodes. Family Affair was created and produced by Don Fedderson, also known for My Three Sons and The Millionaire.","Comedy, Family",1966,0.5929526123936817,3.25000270833559e-05,0.1150555107442293,1966.0,0.3181818181818182,0.33264534042014315,Low,45.0,10,7.5
78191,You,tv,8.014,3840.0,63.7307,2018-09-09,"A dangerously charming, intensely obsessive young man goes to extreme measures to insert himself into the lives of those he is transfixed by.","Mystery, Crime, Drama",2018,0.7586877278250304,0.0031991693326411104,0.1390698405622207,2018.0,0.9090909090909091,0.5771621146570771,Medium,45.0,50,37.5
39340,2 Broke Girls,tv,7.209,1682.0,53.856,2011-09-19,"Comedy about the unlikely friendship that develops between two very different young women who meet waitressing at a diner in trendy Williamsburg, Brooklyn, and form a bond over one day owning their own successful cupcake business. Only one thing stands in their way – they’re broke.",Comedy,2011,0.6608748481166464,0.0014008345006954173,0.1143108376018315,2011.0,0.8295454545454546,0.5136338259605036,Medium,45.0,10,7.5
72879,Tomorrow Is Ours,tv,6.4,71.0,52.4919,2017-07-17,"The story revolves around the people of Sète, France. Their lives are punctuated by family rivalries, romance and scenes from daily life, but also by plots involving police investigations, secrets and betrayals.","Crime, Drama",2017,0.5625759416767923,5.8333381944484956e-05,0.1108906065124549,2017.0,0.8977272727272727,0.49436605850348203,Medium,45.0,10,7.5
100010,Big Sky,tv,7.3,288.0,62.1193,2020-11-17,"Private detective Cassie Dewell partners with ex-cop Jenny Hoyt on a search for two sisters who have been kidnapped by a truck driver on a remote highway in Montana. When they discover that these are not the only girls who have disappeared in the area, they must race against the clock to stop the perpetrator before another woman is taken.","Crime, Drama, Mystery",2020,0.671931956257594,0.0002391668659723883,0.1350295499842415,2020.0,0.9318181818181818,0.5483899871082839,Medium,45.0,10,7.5
2171,Cold Case,tv,7.8,426.0,56.1909,2003-09-28,The Philadelphia homicide squad's lone female detective finds her calling when she is assigned cases that have never been solved. Detective Lilly Rush combines her natural instincts with the updated technology available today to bring about justice for all the victims she can.,"Crime, Drama, Mystery",2003,0.7326852976913729,0.0003541669618058015,0.1201651720132276,2003.0,0.7386363636363636,0.514771278256,Medium,44.0,156,114.4
580,Star Trek: Deep Space Nine,tv,7.885,926.0,55.7918,1993-01-03,"At Deep Space Nine, a space station located next to a wormhole in the vicinity of the liberated planet of Bajor, Commander Sisko and crew welcome alien visitors, root out evildoers and solve all types of unexpected problems that come their way.",Drama,1993,0.7430133657351154,0.0007708339756949797,0.1191645018073994,1993.0,0.625,0.4849365964867547,Medium,45.0,10,7.5
72637,Once,tv,8.625,1515.0,76.6137,2017-06-19,"The series revolves around Gabo, a soccer-loving teenager who, upon receiving a scholarship from the prestigious Sports Academic Institute (IAD) of Buenos Aires, will see his dream of playing at Los Halcones Dorados, the renowned amateur team of the school, and also his longing to become a professional footballer.","Comedy, Family",2017,0.8329283110571082,0.0012616677180564318,0.1713716051868364,2017.0,0.8977272727272727,0.602868006556442,Medium,45.0,10,7.5
12406,Powerpuff Girls Z,tv,8.1,231.0,54.6523,2006-07-01,"Professor Utonium and his son Ken are studying the strange Chemical X. When a mochi cake falls into the formula, it changes into Chemical Z. Ken fires a ray of Chemical Z at a glacier in Tokyo Bay, however that causes strange lights to scatter, some of them aim at three normal girls, Momoko, Miyako, and Kaoru. This gives them the power to transform into superheroes, the Powerpuff Girls Z!",Animation,2006,0.7691373025516403,0.000191666826389022,0.11630741411123,2006.0,0.7727272727272727,0.5395306028867546,Medium,45.0,10,7.5
95,Buffy the Vampire Slayer,tv,8.1,1953.0,56.5912,1997-03-10,"Into every generation a slayer is born: one girl in all the world, a chosen one. She alone will wield the strength and skill to fight the vampires, demons, and the forces of darkness; to stop the spread of their evil and the swell of their number. She is the Slayer.","Comedy, Drama",1997,0.7691373025516403,0.0016266680222233518,0.121168850999429,1997.0,0.6704545454545454,0.5092792850636867,Medium,45.0,10,7.5
241002,Adam's Sweet Agony,tv,6.691,34.0,59.2935,2024-01-08,"This is the story of a boy, who became the lone Adam among four billion Eves. In a world where a pandemic has rendered all men impotent, high school student Itsuki is the exception who escaped it. In order to protect this secret, he transfers to a very special high school, which turns out to be composed of 90% girls! There, he encounters an upbeat and friendly senior, a sexually frustrated female teacher, a tomboyish school 'prince,' and an heiress from a wealthy family. For Itsuki, who has his pick of any woman in the world, the question remains: which one will he choose?",Animation,2024,0.5979343863912514,2.7500022916685765e-05,0.1279443736684579,2024.0,0.9772727272727273,0.5323638227451938,Medium,45.0,10,7.5
39269,Scandal,tv,7.2,593.0,56.6384,2012-04-05,"Everyone has secrets and Olivia Pope has dedicated her life to protecting and defending the public images of the elite by keeping those secrets under wraps. Pope and her team are at the top of their game when it comes to getting the job done for their clients, but it becomes apparent that these ""gladiators in suits,"" who specialize in fixing the lives of other people, have trouble fixing those closest at hand -- their own.",Drama,2012,0.6597812879708383,0.000493333744444787,0.1212871963607798,2012.0,0.8409090909090909,0.5163332425843961,Medium,45.0,10,7.5
3427,Virtues of Harmony,tv,7.0,3.0,53.3306,2001-09-17,"Virtues of Harmony is a long-running sitcom from Hong Kong, lasting 322 episodes with two direct seasons. Produced by Tsui Yu On, the sitcom was a TVB production and aired five days a week from September 17, 2001 to December 28, 2002. The series chronicles the comical events and life of the Kam household, a rich family during a prosperous time in the Ming Dynasty of China. The series was inspired by the 2000 TVB comedy drama Colourful Life.

Originally planned to be an 150-episode sitcom, an extra 200 episodes were added due to the sitcom's rating success. After the episode finale, a spin-off sequel, Virtues of Harmony II was released in 2003, as well as a spin-off musical, which starred the same cast.","Family, Comedy, Drama",2001,0.6354799513973268,1.666668055556713e-06,0.1129934932617109,2001.0,0.7159090909090909,0.4689652078320747,Medium,45.0,10,7.5
32726,Bob's Burgers,tv,7.8,1059.0,58.973,2011-01-09,"Bob's Burgers follows a third-generation restaurateur, Bob, as he runs Bob's Burgers with the help of his wife and their three kids. Bob and his quirky family have big ideas about burgers, but fall short on service and sophistication. Despite the greasy counters, lousy location and a dearth of customers, Bob and his family are determined to make Bob's Burgers ""grand re-re-re-opening"" a success.","Animation, Comedy",2011,0.7326852976913729,0.0008816674013895011,0.1271407785770825,2011.0,0.8295454545454546,0.5422022556606024,Medium,45.0,10,7.5
34163,Urusei Yatsura,tv,7.3,42.0,49.5614,1981-10-14,"The invasion of an alien race known as the Oni begins a new life for Ataru Moroboshi, a lecherous trouble-making tenth grader in the small town of Tomobiki. After unwittingly proposing to the Oni princess Lum Invader instead of his sweetheart Shinobu, Ataru becomes a conduit for aliens arriving on Earth, causing all sorts of havoc for him and his companions, not to mention his own reputation!","Animation, Comedy, Drama",1981,0.671931956257594,3.4166695138912616e-05,0.1035429141090988,1981.0,0.48863636363636365,0.4153739416024884,Medium,45.0,10,7.5
89364,The Wonderland of Ten Thousands,tv,9.0,4.0,73.8593,2018-03-21,"Ye Xingyu'’s master Yu Huanxian went and left a giant Tianyuan Shenzong. Ye Xingyun became the new leader of the Tianyuan Shenzong. At the same time, he exchanged place with the tenth prince of King Qi, and became a child of a small family, hidden in it, waiting for revenge.  Ye Xingyun embarked on a very dangerous road, but with his own strategy, and Tianyuan Shenzong masters of all the help of experts, vertical and horizontal tactics, strategizing, against the huge Grand Dynasty.",Animation,2018,0.8784933171324423,2.5000020833350695e-06,0.1644654513032657,2018.0,0.9090909090909091,0.6241253495808746,Medium,45.0,10,7.5
3570,Sailor Moon,tv,8.4,1002.0,52.3828,1992-03-07,"One day, Usagi Tsukino, clumsy 2nd-year middle school student, stumbles upon a talking cat named Luna. Luna tells her that she is destined to be Sailor Moon, ""champion of love and justice"", and she must search for the fabled Moon Princess. Usagi finds friends that turn out to be destined senshi as well, and together they fight to save the world from the certain doom brought upon by the Dark Kingdom.","Animation, Comedy",1992,0.8055893074119077,0.0008341673618061349,0.1106170582301802,1992.0,0.6136363636363636,0.506576882264214,Medium,45.0,10,7.5
578,Numb3rs,tv,7.011,426.0,68.9758,2005-01-23,"Inspired by actual cases and experiences, Numb3rs depicts the confluence of police work and mathematics in solving crime as an FBI agent recruits his mathematical genius brother to help solve a wide range of challenging crimes in Los Angeles from a very different perspective.","Crime, Drama, Mystery",2005,0.6368165249088699,0.0003541669618058015,0.1522209688423241,2005.0,0.7613636363636364,0.4832419509611806,Medium,45.0,118,88.5
84791,Come Home Love,tv,8.0,1.0,54.5896,2012-05-14,"MA FU, a retired employee of the HK Correctional Services Department, moved back to live with his son after retirement. MA FU treats and disciplines everyone in his family as if they were the offenders he works with in his job. His youngest son MA CHONG feels like he's in jail when he gets home, and his father is even often involved with his job as a paralegal. The father and son get into disputes daily and his elder brother MA KEUNG and his wife LO LAI SEUNG are often stuck in between and have to settle the disputes. The couple also holds the heavy responsibility of raising their kids. Three generations in the MA family all live together and encounter different situations, experiences and system of values.","Comedy, Drama, Family",2012,0.7569866342648846,0.0,0.1161502053367238,2012.0,0.8409090909090909,0.555067380978681,Medium,45.0,10,7.5
111979,Leute heute,tv,4.8,4.0,56.7497,1997-07-23,No description,Unknown,1997,0.36816524908869985,2.5000020833350695e-06,0.1215662607404056,1997.0,0.6704545454545454,0.3484032132724686,Low,45.0,10,7.5
203599,Scoop,tv,7.2,13.0,51.5466,2005-06-06,"Scoop is a comprehensive information programme of Television Broadcasts Limited.

The content of the program is mainly based on entertainment news and personal follow-up of the artists, and will also be interspersed with the latest trends of TVB dramas and artists. Some entertainment news content clips will be rebroadcast on the next day's ""Entertainment Live"".

This program will be broadcast on Jade Channel from 19:30-20:00 (Hong Kong time) from June 6, 2005, and will be broadcast every day from March 3, 2019, and will be broadcast on myTV (later myTV SUPER) to provide ""Program Review"".",Documentary,2005,0.6597812879708383,1.0000008333340278e-05,0.1085204397733686,2005.0,0.7613636363636364,0.49232460609992623,Medium,45.0,10,7.5
8590,Plus belle la vie,tv,4.3,34.0,49.9291,2004-08-30,"The daily lives of the inhabitants of ""le Mistral"", an imaginary neighbourhood in the Mediterranean port city of Marseille, where wealthy families cross paths with the less than rich.","Drama, Comedy, Crime",2004,0.307411907654921,2.7500022916685765e-05,0.104464854561825,2004.0,0.75,0.3479730130688434,Low,45.0,10,7.5
484,"Murder, She Wrote",tv,7.512,423.0,60.9013,1984-09-30,An unassuming mystery writer turned sleuth uses her professional insight to help solve real-life homicide cases.,"Mystery, Crime, Drama",1984,0.6976913730255162,0.0003516669597224664,0.1319756379053172,1984.0,0.5227272727272727,0.43600023111630504,Medium,45.0,264,198.0
823,WWF Superstars,tv,7.75,4.0,47.5123,1986-09-06,"WWE's flagship show of the early-90s featuring great in-ring action, news from the world of sports-entertainment, and more.",Unknown,1986,0.7266099635479951,2.5000020833350695e-06,0.0984051708899496,1986.0,0.5454545454545454,0.45428109905618663,Medium,45.0,10,7.5
119051,Wednesday,tv,8.352,10380.0,60.272,2022-11-23,"Smart, sarcastic and a little dead inside, Wednesday Addams investigates twisted mysteries while making new friends — and foes — at Nevermore Academy.","Mystery, Comedy",2022,0.799756986634265,0.008649173874311562,0.1303977833312062,2022.0,0.9545454545454546,0.6088611831796359,Medium,45.0,10,7.5
40424,Initial D,tv,8.0,122.0,59.3283,1998-04-18,"Takumi’s job as a tofu delivery boy has turned him into one of the most formidable drivers around. Behind the wheel of his Eight-Six, he’s one with the road—and his life shifts into high gear when the underground street racing world takes notice. Drivers from across the region are lining up for a shot at the new guy. Takumi’s not just focused on winning—he’s out to prove he’s the best.","Animation, Drama",1998,0.7569866342648846,0.00010083341736118114,0.1280316282992843,1998.0,0.6818181818181818,0.5073703582766167,Medium,45.0,10,7.5
62643,DC's Legends of Tomorrow,tv,7.267,2425.0,65.4525,2016-01-21,"When heroes alone are not enough ... the world needs legends. Having seen the future, one he will desperately try to prevent from happening, time-traveling rogue Rip Hunter is tasked with assembling a disparate group of both heroes and villains to confront an unstoppable threat — one in which not only is the planet at stake, but all of time itself. Can this ragtag team defeat an immortal threat unlike anything they have ever known?",Drama,2016,0.6679222357229647,0.002020001683334736,0.1433869389345457,2016.0,0.8863636363636364,0.5336839857032771,Medium,45.0,10,7.5
62601,Rin-ne,tv,7.571,14.0,55.9343,2015-04-04,"As a child Sakura Mamiya mysteriously disappeared in the woods behind her grandma's home. She returned whole and healthy, but since then she has had the power to see ghosts. Now a teenager, she just wishes the ghosts would leave her alone! At school, the desk next to Sakura's has been empty since the start of the school year, then one day her always-absent classmate shows up, and he's far more than what he seems!","Comedy, Animation, Romance",2015,0.7048602673147023,1.0833342361118635e-05,0.1195217944767317,2015.0,0.875,0.5444473569285893,Medium,45.0,10,7.5
2354,Home and Away,tv,6.284,74.0,53.2408,1988-01-18,"Home and Away is set in the fictional town of Summer Bay, a coastal town in New South Wales, and follows the personal and professional lives of the people living in the area. The show initially focused on the Fletcher family, Pippa and Tom Fletcher and their five foster children Frank Morgan, Carly Morris, Steven Matheson, Lynn Davenport and Sally Keating, who would go on to become one of the show's longest-running characters. The show also originally and currently focuses on the Stewart family. Home and Away had proved popular when it premiered in 1988 and had risen to become a hit in Australia, and after only a few weeks, the show tackled its first major and disturbing storyline, the rape of Carly Morris; it was one of the first shows to feature such storylines during the early timeslot. H&A has tackled many adult-themed and controversial storylines; something rarely found in its restricted timeslot.",Drama,1988,0.5484811664641555,6.083338402782002e-05,0.1127683361971072,1988.0,0.5681818181818182,0.38986526205541605,Low,45.0,10,7.5
8514,RuPaul's Drag Race,tv,7.456,270.0,54.116,2009-02-02,"Join RuPaul, the world's most famous drag queen, as the host, mentor and judge for the ultimate in drag queen competitions. The top drag queens in the U.S. will vie for drag stardom as RuPaul, in full glamazon drag, will reign supreme in all judging and eliminations while helping guide the contestants as they prepare for each challenge.",Unknown,2009,0.6908869987849331,0.0002241668534723779,0.1149627400160518,2009.0,0.8068181818181818,0.5184675041154694,Medium,45.0,255,191.25
2674,Neighbours,tv,5.9,57.0,50.6473,1985-03-18,"Neighbours is an Australian television soap opera.  The show's storylines concern the domestic and professional lives of the people who live and work in Erinsborough, a fictional suburb of Melbourne, Victoria. The series primarily centres around the residents of Ramsay Street, a short cul-de-sac, and its neighbouring areas, the Lassiters complex, which includes a bar, hotel, cafe, news office and park. Neighbours began with three families created by Watson – the Ramsays, the Robinsons and the Clarkes. Watson said that he wanted to show three families who are friends living in a small street. The Robinsons and the Ramsays had a long history and were involved in an ongoing rivalry.","Drama, Family, Comedy",1985,0.5018226002430134,4.6666705555587964e-05,0.1062656096152597,1985.0,0.5340909090909091,0.3609703128361448,Low,45.0,10,7.5
245927,Paradise,tv,7.4,368.0,57.8004,2025-01-26,"The tranquility in a serene, wealthy community inhabited by some of the world's most prominent individuals explodes when a shocking murder occurs and a high stakes investigation unfolds.","Crime, Drama",2025,0.68408262454435,0.0003058335881946568,0.124200698688949,2025.0,0.9886363636363636,0.5703157089851074,Medium,45.0,10,7.5
24270,maybrit illner,tv,8.0,1.0,52.5157,1999-10-21,Political talk show on current topics presented by Maybrit Illner.,Unknown,1999,0.7569866342648846,0.0,0.1109502806565259,1999.0,0.6931818181818182,0.5107491991604993,Medium,45.0,10,7.5
80350,New Amsterdam,tv,8.3,1064.0,50.1562,2018-09-25,"The new medical director breaks the rules to heal the system at America's oldest public hospital. Max Goodwin sets out to tear up the bureaucracy and provide exceptional care, but the doctors and staff are not so sure he can succeed. They've heard this before. Not taking ""no"" for an answer, Dr. Goodwin's instinctive response to problems large and small is four simple words: ""How can I help?"" He has to disrupt the status quo and prove he'll stop at nothing to breathe new life into this underfunded and underappreciated hospital, returning it to the glory that put it on the map.",Drama,2018,0.793438639125152,0.000885834071528393,0.1050342662474766,2018.0,0.9090909090909091,0.590368478598792,Medium,45.0,10,7.5
13008,TMZ,tv,4.9,22.0,61.2015,2007-09-10,"Based on the popular gossip website, this entertainment newsmagazine delivers daily updates on Hollywood's rich, beautiful and screwed-up. The program often shows highlights of the day's staff meeting during which reporters pitch ideas for stories to air that day.",Comedy,2007,0.38031591737545567,1.7500014583345485e-05,0.1327283344620438,2007.0,0.7840909090909091,0.38735888968182997,Low,45.0,10,7.5
586,Martial Law,tv,7.106,104.0,57.1719,1998-09-26,"Sammo Law spins, kicks, and chops his way through crime as a one-man police force in Los Angeles. He's a tough law enforcer who comes to the U.S. in search of a former friend and protegée — and gets drafted as part of the LAPD.","Comedy, Crime, Drama",1998,0.648359659781288,8.583340486117071e-05,0.1226248499684203,1998.0,0.6818181818181818,0.46391506847942804,Medium,43.0,44,31.53
39272,Once Upon a Time,tv,7.4,2440.0,53.3547,2011-10-23,"There is a town in Maine where every story book character you've ever known is trapped between two worlds, victims of a powerful curse. Only one knows the truth and only one can break the spell.",Drama,2011,0.68408262454435,0.0020325016937514113,0.1130539196008752,2011.0,0.8295454545454546,0.5231064366895019,Medium,45.0,10,7.5
242965,After Midnight,tv,5.476,21.0,48.5019,2024-01-17,"Celebrated comedian Taylor Tomlinson hosts the smartest show on television about the dumbest things on the internet alongside a panel of guests from the worlds of entertainment, comedy, music, and beyond.",Comedy,2024,0.4503037667071689,1.666668055556713e-05,0.1008864117711511,2024.0,0.9772727272727273,0.4733083248688524,Medium,40.0,199,132.67
208344,Fun Abroad: 3D2N,tv,10.0,1.0,52.4303,2014-08-02,"Fun Abroad: 3D2N is a tourism project. In the early days, it was characterized by a tight schedule and a high degree of freedom to participate in impromptu activities. It's also focused on getting new owners to try and experience more ""firsts.""",Documentary,2014,1.0,0.0,0.1107361557866243,2014.0,0.8636363636363636,0.6590909090909092,Medium,25.0,227,94.58
125561,Off Pedder,tv,10.0,1.0,46.1409,2008-10-20,"The sitcom is about office politics in a magazine company, as well as family and romantic relationships amongst the characters, with the majority of the cast from Best Selling Secrets.","Comedy, Family, Drama",2008,1.0,0.0,0.0949666363866353,2008.0,0.7954545454545454,0.6386363636363637,Medium,22.0,338,123.93
71026,Super Wings,tv,6.4,19.0,56.395,2014-09-01,"An action-packed preschool series about an adorable jet plane named Jett who travels the world delivering packages to children. On every delivery, Jett encounters a new problem that the he and his friends the Super Wings must work together to solve!",Animation,2014,0.5625759416767923,1.5000012500010416e-05,0.1206769154083905,2014.0,0.8636363636363636,0.484125785765376,Medium,45.0,10,7.5
308,Strawberries with Sugar,tv,6.048,21.0,56.89,2003-08-30,"Morangos com Açúcar was a Portuguese Teen drama. It was broadcast daily on the Portuguese TV station TVI between 30 August 2003 to 15 September 2012. It has also been broadcast in Angola, Syria, Brazil and Romania.","Drama, Comedy",2003,0.5198055893074119,1.666668055556713e-05,0.1219180373123868,2003.0,0.7386363636363636,0.4295181448180405,Medium,45.0,10,7.5
71789,SEAL Team,tv,8.0,1606.0,52.1637,2017-09-27,"Military drama following the professional and personal lives of the most elite unit of Navy SEALs as they train, plan and execute the most dangerous, high stakes missions our country can ask of them.",Drama,2017,0.7569866342648846,0.001337501114584262,0.1100677050803507,2017.0,0.8977272727272727,0.5725140858585109,Medium,45.0,112,84.0
60761,Ace of the Diamond,tv,8.0,71.0,54.5013,2013-10-06,"Scouted for his potential, brash left-handed pitcher Eijun Sawamura joins baseball powerhouse Seido High to become the undisputed ace of the team.",Animation,2013,0.7569866342648846,5.8333381944484956e-05,0.1159288092475867,2013.0,0.8522727272727273,0.5584939719023554,Medium,45.0,10,7.5
94997,House of the Dragon,tv,8.289,5790.0,53.3428,2022-08-21,"The Targaryen dynasty is at the absolute apex of its power, with more than 15 dragons under their yoke. Most empires crumble from such heights. In the case of the Targaryens, their slow fall begins when King Viserys breaks with a century of tradition by naming his daughter Rhaenyra heir to the Iron Throne. But when Viserys later fathers a son, the court is shocked when Rhaenyra retains her status as his heir, and seeds of division sow friction across the realm.",Drama,2022,0.7921020656136087,0.004824170686808906,0.1130240825288397,2022.0,0.9545454545454546,0.6046517138151226,Medium,45.0,18,13.5
3940,Judge Judy,tv,5.75,92.0,43.428,1996-09-16,"Judge Judy is an American arbitration-based reality court show presided over by retired Manhattan Family Court Judge Judith Sheindlin. The show features Sheindlin adjudicating real-life small claims disputes within a simulated courtroom set. All parties involved must sign contracts, agreeing to arbitration under Sheindlin. The series is in first-run syndication and distributed by CBS Television Distribution.

Judge Judy, which premiered on September 16, 1996, reportedly revitalized the court show genre. Only two other arbitration-based reality court shows preceded it, The People's Court and Jones and Jury. Sheindlin has been credited with introducing the ""tough"" adjudicating approach into the judicial genre, which has led to several imitators. The two court shows that outnumber Judge Judy's seasons, The People's Court and Divorce Court, have both lasted via multiple lives of production and shifting arbiters, making Sheindlin's span as a television arbiter the longest.",Crime,1996,0.48359659781287967,7.583339652783045e-05,0.088164536157642,1996.0,0.6590909090909091,0.39118866187138296,Low,45.0,10,7.5
63639,The Expanse,tv,8.067,2743.0,52.3894,2015-12-14,A thriller set two hundred years in the future following the case of a missing young woman who brings a hardened detective and a rogue ship's captain together in a race across the solar system to expose the greatest conspiracy in human history.,"Drama, Mystery",2015,0.7651275820170109,0.0022850019041682533,0.1106336065222335,2015.0,0.875,0.5692365333780549,Medium,45.0,10,7.5
103147,Heart Signal,tv,5.4,6.0,44.3912,2018-08-26,"A dating reality show about eight strangers, 4 men and 4 women, living together in the Signal House.",Unknown,2018,0.44106925880923453,4.166670138891783e-06,0.0905795838706304,2018.0,0.9090909090909091,0.44915622625200824,Medium,45.0,10,7.5
72649,Hot Ones,tv,7.2,70.0,55.6369,2015-03-12,The show with hot questions and even hotter wings invites a famous guest over to eat and then interviews them while they're struggling through the heat.,Comedy,2015,0.6597812879708383,5.7500047916706595e-05,0.1187761184075427,2015.0,0.875,0.5264297652027103,Medium,25.0,415,172.92
204746,The Jennifer Hudson Show,tv,5.6,29.0,53.2762,2022-09-12,Talented entertainer and newly-minted EGOT Jennifer Hudson takes on the daytime talk show landscape.,Unknown,2022,0.465370595382746,2.3333352777793982e-05,0.1128570952181202,2022.0,0.9545454545454546,0.47251887452256813,Medium,45.0,624,468.0
40862,SOKO Köln,tv,6.7,6.0,59.1661,2003-10-22,"The SOKO Köln investigates the cathedral city with humor and often with hard work. Their cases take them into a variety of environments, from the Cologne clique to the terraced housing estates on the outskirts of the city.",Crime,2003,0.5990279465370595,4.166670138891783e-06,0.12762494148549,2003.0,0.7386363636363636,0.4612033377067746,Medium,45.0,10,7.5
1450,The Closer,tv,7.865,330.0,56.7972,2005-06-13,"Deputy Police Chief Brenda Leigh Johnson transfers from Atlanta to LA to head up a special unit of the LAPD that handles sensitive, high-profile murder cases. Johnson's quirky personality and hard-nosed approach often rubs her colleagues the wrong way, but her reputation as one of the world's best interrogator eventually wins over even her toughest critics.","Crime, Drama, Mystery",2005,0.7405832320777643,0.0002741668951390793,0.1216853582968497,2005.0,0.7613636363636364,0.5247246338087383,Medium,46.0,109,83.57
2352,The Nanny,tv,8.061,1261.0,51.6705,1993-11-03,"That flashy girl from Flushing with the heart of an angel (and the voice of a slighty more nasal angel). The comic misadventures of the sweet and sassy Fran Fine, her sophisticated employer, Broadway producer Mr. Sheffield, his boisterous brood and his wisecracking staff.","Comedy, Family",1993,0.7643985419198056,0.0010500008750007291,0.1088310963469143,1993.0,0.625,0.4935744170304225,Medium,45.0,10,7.5
4270,Living Single,tv,8.3,48.0,56.8886,1993-08-29,"Living Single is an American television sitcom that aired for five seasons on the Fox network from August 22, 1993, to January 1, 1998. The show centered on the lives of six friends who share personal and professional experiences while living in a Brooklyn brownstone.

Throughout its run, Living Single became one of the most popular African-American sitcoms of its era, ranking among the top five in African-American ratings in all five seasons. The series was produced by Yvette Lee Bowser's company, Sister Lee, in association with Warner Bros. Television. In contrast to the popularity of NBC's ""Must See TV"" on Thursday nights in the 1990s, many African American and Latino viewers flocked to Fox's Thursday night line-up of Martin, Living Single, and New York Undercover. In fact, these were the three highest-rated series among black households for the 1996–1997 season.",Comedy,1993,0.793438639125152,3.916669930558276e-05,0.121914527068618,1993.0,0.625,0.5048872056598526,Medium,45.0,10,7.5
4384,Frontline,tv,7.0,52.0,58.1587,1983-01-17,"Since it began in 1983, Frontline has been airing public-affairs documentaries that explore a wide scope of the complex human experience. Frontline's goal is to extend the impact of the documentary beyond its initial broadcast by serving as a catalyst for change.",Documentary,1983,0.6354799513973268,4.2500035416696183e-05,0.1250990703620841,1983.0,0.5113636363636364,0.40761382147864667,Medium,45.0,10,7.5
1508,Dancing with the Stars,tv,6.102,128.0,52.7484,2005-06-01,"The competition sees celebrities perform choreographed dance routines which are judged by a panel of renowned ballroom experts and voted on by viewers. Enjoy sizzling salsas, sambas and spray-tans as they vie for the coveted Mirrorball Trophy.",Family,2005,0.5263669501822601,0.00010583342152785127,0.111533733317253,2005.0,0.7613636363636364,0.43898762100845334,Medium,45.0,10,7.5
98031,Keep Running,tv,5.7,11.0,48.5488,2014-10-10,"Hurry Up, Brother! is a Chinese variety show based off the original Korean variety show, Running Man. It is created by SBS and co-produced with Zhejiang Television. It first aired on October 10, 2014. This show is classified as a game-variety show, where the MCs and guests complete missions in a landmark to win a race. In 2017, the show officially changed its name to ""Keep Running"".",Comedy,2014,0.4775212636695018,8.333340277783565e-06,0.1010040049374085,2014.0,0.8636363636363636,0.4501019145607932,Medium,45.0,10,7.5
4239,Married... with Children,tv,7.72,1164.0,53.6149,1987-04-05,"Al Bundy is an unsuccessful middle aged shoe salesman with a miserable life and an equally dysfunctional family. He hates his job, his wife is lazy, his son is dysfunctional (especially with women), and his daughter is dim-witted and promiscuous.",Comedy,1987,0.7229647630619683,0.0009691674743062286,0.1137063234784911,1987.0,0.5568181818181818,0.45652211001253373,Medium,22.0,258,94.6
11092,Bionic Six,tv,6.5,18.0,48.8674,1987-04-19,"The title characters of the series are a family of machine-enhanced human beings possessing unique powers after being augmented with bionic technology, much like The Six Million Dollar Man and The Bionic Woman. Each family member is given specific bionic powers, and thus they form a superhero team named Bionic Six.","Animation, Family",1987,0.574726609963548,1.416667847223206e-05,0.1018028361265262,1987.0,0.5568181818181818,0.3969403485344154,Low,45.0,10,7.5
63247,Westworld,tv,8.025,6054.0,67.4314,2016-10-02,"A dark odyssey about the dawn of artificial consciousness and the evolution of sin. Set at the intersection of the near future and the reimagined past, it explores a world in which every human appetite, no matter how noble or depraved, can be indulged.",Western,2016,0.7600243013365736,0.005044170870142392,0.1483486685018555,2016.0,0.8863636363636364,0.5714320627047631,Medium,45.0,36,27.0
31251,Victorious,tv,8.212,1697.0,55.4293,2010-03-27,Aspiring singer Tori Vega navigates life while attending a performing arts high school called Hollywood Arts.,Comedy,2010,0.7827460510328068,0.0014133345111120926,0.1182555994029576,2010.0,0.8181818181818182,0.5589769662210018,Medium,45.0,10,7.5
74016,The Resident,tv,8.389,1297.0,56.7377,2018-01-21,"A tough, brilliant senior resident guides an idealistic young doctor through his first day, pulling back the curtain on what really happens, both good and bad, in modern-day medicine.",Drama,2018,0.8042527339003644,0.00108000090000075,0.1215361729366724,2018.0,0.9090909090909091,0.5947523665574188,Medium,45.0,10,7.5
1395,Gossip Girl,tv,8.174,2277.0,51.2439,2007-09-19,An exclusive group of privileged teens from a posh prep school on Manhattan's Upper East Side whose lives revolve around the blog of the all-knowing albeit ultra-secretive Gossip Girl.,"Drama, Mystery",2007,0.7781287970838395,0.0018966682472235394,0.1077614749241975,2007.0,0.7840909090909091,0.5470477920349757,Medium,45.0,121,90.75
2290,Stargate Atlantis,tv,8.02,1137.0,47.4775,2004-07-15,"With the Ancients' city of Atlantis discovered in the Pegasus Galaxy by Stargate Command, Dr. Elizabeth Weir and Major Sheppard lead a scientific expedition to the ancient abandoned city. Once there, the team not only find themselves unable to contact Earth, but their explorations unexpectedly reawaken the Ancients' deadly enemies, The Wraith, who hunger for this new prey. Now with the help of newfound local allies like Teyla Emmagan, the Atlantis Team sets about to uncover their new home's secrets even as their war of survival against the Wraith begins.",Drama,2004,0.7594167679222357,0.000946667455556213,0.0983179162591231,2004.0,0.75,0.5290507074055611,Medium,45.0,100,75.0
95057,Superman & Lois,tv,8.054,2647.0,51.4894,2021-02-23,"After years of facing megalomaniacal supervillains, monsters wreaking havoc on Metropolis, and alien invaders intent on wiping out the human race, The Man of Steel aka Clark Kent and Lois Lane come face to face with one of their greatest challenges ever: dealing with all the stress, pressures and complexities that come with being working parents in today's society.",Drama,2021,0.7635479951397327,0.002205001837501531,0.1083770212422401,2021.0,0.9431818181818182,0.5890352440616891,Medium,30.0,26,13.0
2458,CSI: NY,tv,7.341,732.0,55.2391,2004-09-22,"Follow the investigations of a team of NYPD forensic scientists and police officers identified as ""Crime Scene Investigators"".","Crime, Drama, Mystery",2004,0.676913730255164,0.0006091671743059786,0.1177787077137857,2004.0,0.75,0.4959482422543574,Medium,42.0,197,137.9
35610,InuYasha,tv,8.577,2058.0,47.0327,2000-10-16,"Kagome Higurashi is a modern day young girl who lives with her family by the old Higure shrine. Unbeknownst to Kagome, she is the reincarnation of priestess Kikyo and posseses the ""Jewel of Four Souls"" (the Shikon jewel). One ill-fated day, Kagome locates an ancient well near her home and is abruptly transported through the well and into a feudal Japan, inhabited by demons. There, she encounters Inuyasha, son of a powerful demon father and a human mother, who is pinned to a tree by an enchanted arrow.",Animation,2000,0.8270959902794653,0.0017141680951400793,0.0972026616674109,2000.0,0.7045454545454546,0.5427162829039646,Medium,45.0,10,7.5
